Date,Open,High,Low,Close,Volume,Dividends,Stock Splits
2022-07-11 00:00:00+08:00,1.0,1.0,1.0,1.0,0,0.0,0.0
2022-07-15 00:00:00+08:00,1.000599980354309,1.000599980354309,1.000599980354309,1.000599980354309,0,0.0,0.0
2022-07-18 00:00:00+08:00,1.0045000314712524,1.0045000314712524,1.0045000314712524,1.0045000314712524,0,0.0,0.0
2022-07-19 00:00:00+08:00,1.0010000467300415,1.0019999742507935,0.9810000061988831,0.9850000143051147,560544570,0.0,0.0
2022-07-20 00:00:00+08:00,0.9890000224113464,0.9959999918937683,0.9850000143051147,0.9869999885559082,212524330,0.0,0.0
2022-07-21 00:00:00+08:00,0.9860000014305115,0.9879999756813049,0.9700000286102295,0.9710000157356262,166787841,0.0,0.0
2022-07-22 00:00:00+08:00,0.9769999980926514,0.984000027179718,0.9639999866485596,0.9729999899864197,216421667,0.0,0.0
2022-07-25 00:00:00+08:00,0.9710000157356262,0.9729999899864197,0.9559999704360962,0.9580000042915344,139517612,0.0,0.0
2022-07-26 00:00:00+08:00,0.9570000171661377,0.9769999980926514,0.9570000171661377,0.9710000157356262,115436390,0.0,0.0
2022-07-27 00:00:00+08:00,0.9670000076293945,0.9789999723434448,0.9629999995231628,0.9750000238418579,79268884,0.0,0.0
2022-07-28 00:00:00+08:00,0.9760000109672546,0.984000027179718,0.968999981880188,0.9729999899864197,81814983,0.0,0.0
2022-07-29 00:00:00+08:00,0.9710000157356262,0.9829999804496765,0.9639999866485596,0.9660000205039978,84121650,0.0,0.0
2022-08-01 00:00:00+08:00,0.9629999995231628,0.9810000061988831,0.9539999961853027,0.9769999980926514,106880185,0.0,0.0
2022-08-02 00:00:00+08:00,0.9700000286102295,0.9739999771118164,0.9480000138282776,0.9559999704360962,99889708,0.0,0.0
2022-08-03 00:00:00+08:00,0.9549999833106995,0.968999981880188,0.9290000200271606,0.9309999942779541,107377026,0.0,0.0
2022-08-04 00:00:00+08:00,0.9309999942779541,0.9409999847412109,0.9240000247955322,0.9340000152587891,77045302,0.0,0.0
2022-08-05 00:00:00+08:00,0.9340000152587891,0.9449999928474426,0.9279999732971191,0.9419999718666077,81114194,0.0,0.0
2022-08-08 00:00:00+08:00,0.9419999718666077,0.9480000138282776,0.9350000023841858,0.9470000267028809,69079937,0.0,0.0
2022-08-09 00:00:00+08:00,0.9470000267028809,0.9639999866485596,0.9430000185966492,0.9580000042915344,102726031,0.0,0.0
2022-08-10 00:00:00+08:00,0.9559999704360962,0.9599999785423279,0.9449999928474426,0.9490000009536743,76273229,0.0,0.0
2022-08-11 00:00:00+08:00,0.9509999752044678,0.9610000252723694,0.9419999718666077,0.9589999914169312,81164532,0.0,0.0
2022-08-12 00:00:00+08:00,0.9580000042915344,0.9629999995231628,0.9559999704360962,0.9570000171661377,70199831,0.0,0.0
2022-08-15 00:00:00+08:00,0.9610000252723694,0.9810000061988831,0.9580000042915344,0.9750000238418579,112172673,0.0,0.0
2022-08-16 00:00:00+08:00,0.9760000109672546,0.9860000014305115,0.9760000109672546,0.9779999852180481,150931071,0.0,0.0
2022-08-17 00:00:00+08:00,0.9779999852180481,0.9860000014305115,0.9710000157356262,0.984000027179718,96415219,0.0,0.0
2022-08-18 00:00:00+08:00,0.9829999804496765,0.9909999966621399,0.9800000190734863,0.9819999933242798,98648899,0.0,0.0
2022-08-19 00:00:00+08:00,0.9819999933242798,0.9829999804496765,0.9649999737739563,0.9670000076293945,96843146,0.0,0.0
2022-08-22 00:00:00+08:00,0.9660000205039978,0.9789999723434448,0.9549999833106995,0.9750000238418579,87826622,0.0,0.0
2022-08-23 00:00:00+08:00,0.9729999899864197,0.984000027179718,0.972000002861023,0.9769999980926514,88483670,0.0,0.0
2022-08-24 00:00:00+08:00,0.9769999980926514,0.984000027179718,0.9480000138282776,0.9509999752044678,95835976,0.0,0.0
2022-08-25 00:00:00+08:00,0.953000009059906,0.9549999833106995,0.9350000023841858,0.9470000267028809,82738315,0.0,0.0
2022-08-26 00:00:00+08:00,0.9470000267028809,0.9549999833106995,0.9399999976158142,0.9430000185966492,71871367,0.0,0.0
2022-08-29 00:00:00+08:00,0.9350000023841858,0.9419999718666077,0.9300000071525574,0.9399999976158142,68071460,0.0,0.0
2022-08-30 00:00:00+08:00,0.9399999976158142,0.9419999718666077,0.9269999861717224,0.9309999942779541,88268830,0.0,0.0
2022-08-31 00:00:00+08:00,0.9279999732971191,0.9279999732971191,0.9020000100135803,0.9079999923706055,102090564,0.0,0.0
2022-09-01 00:00:00+08:00,0.9079999923706055,0.9120000004768372,0.8989999890327454,0.9010000228881836,74809898,0.0,0.0
2022-09-02 00:00:00+08:00,0.9010000228881836,0.9049999713897705,0.8899999856948853,0.8939999938011169,83092815,0.0,0.0
2022-09-05 00:00:00+08:00,0.890999972820282,0.8970000147819519,0.8870000243186951,0.8960000276565552,72705942,0.0,0.0
2022-09-06 00:00:00+08:00,0.8980000019073486,0.9139999747276306,0.8899999856948853,0.9120000004768372,90331143,0.0,0.0
2022-09-07 00:00:00+08:00,0.9089999794960022,0.9279999732971191,0.9070000052452087,0.925000011920929,97676873,0.0,0.0
2022-09-08 00:00:00+08:00,0.925000011920929,0.9269999861717224,0.9139999747276306,0.9160000085830688,82868921,0.0,0.0
2022-09-09 00:00:00+08:00,0.9160000085830688,0.9240000247955322,0.9129999876022339,0.921999990940094,70864971,0.0,0.0
2022-09-13 00:00:00+08:00,0.921999990940094,0.9279999732971191,0.9160000085830688,0.921999990940094,73015715,0.0,0.0
2022-09-14 00:00:00+08:00,0.9190000295639038,0.9190000295639038,0.9020000100135803,0.906000018119812,85280574,0.0,0.0
2022-09-15 00:00:00+08:00,0.9049999713897705,0.9100000262260437,0.8730000257492065,0.8799999952316284,89156340,0.0,0.0
2022-09-16 00:00:00+08:00,0.8799999952316284,0.8799999952316284,0.859000027179718,0.8600000143051147,83847549,0.0,0.0
2022-09-19 00:00:00+08:00,0.8569999933242798,0.8659999966621399,0.8539999723434448,0.8560000061988831,90078254,0.0,0.0
2022-09-20 00:00:00+08:00,0.8600000143051147,0.8790000081062317,0.8600000143051147,0.8700000047683716,94367162,0.0,0.0
2022-09-21 00:00:00+08:00,0.8700000047683716,0.8730000257492065,0.8600000143051147,0.8679999709129333,81403647,0.0,0.0
2022-09-22 00:00:00+08:00,0.8669999837875366,0.871999979019165,0.8569999933242798,0.8619999885559082,75274788,0.0,0.0
2022-09-23 00:00:00+08:00,0.8610000014305115,0.8690000176429749,0.8479999899864197,0.8550000190734863,83414750,0.0,0.0
2022-09-26 00:00:00+08:00,0.8529999852180481,0.8669999837875366,0.8489999771118164,0.8519999980926514,87049904,0.0,0.0
2022-09-27 00:00:00+08:00,0.8519999980926514,0.8569999933242798,0.8429999947547913,0.8560000061988831,88640255,0.0,0.0
2022-09-28 00:00:00+08:00,0.8560000061988831,0.8560000061988831,0.828000009059906,0.828000009059906,70896919,0.0,0.0
2022-09-29 00:00:00+08:00,0.8309999704360962,0.8420000076293945,0.8299999833106995,0.8339999914169312,77944872,0.0,0.0
2022-09-30 00:00:00+08:00,0.8339999914169312,0.8360000252723694,0.8199999928474426,0.8199999928474426,48366787,0.0,0.0
2022-10-10 00:00:00+08:00,0.8190000057220459,0.824999988079071,0.8029999732971191,0.8050000071525574,44906576,0.0,0.0
2022-10-11 00:00:00+08:00,0.8050000071525574,0.8240000009536743,0.8050000071525574,0.8209999799728394,52092205,0.0,0.0
2022-10-12 00:00:00+08:00,0.8180000185966492,0.8420000076293945,0.8050000071525574,0.8399999737739563,58361663,0.0,0.0
2022-10-13 00:00:00+08:00,0.8379999995231628,0.8429999947547913,0.8330000042915344,0.8349999785423279,45674036,0.0,0.0
2022-10-14 00:00:00+08:00,0.8379999995231628,0.8619999885559082,0.8370000123977661,0.8550000190734863,50878175,0.0,0.0
2022-10-17 00:00:00+08:00,0.8529999852180481,0.8529999852180481,0.8379999995231628,0.8500000238418579,44514139,0.0,0.0
2022-10-18 00:00:00+08:00,0.8550000190734863,0.8600000143051147,0.8489999771118164,0.8510000109672546,40486110,0.0,0.0
2022-10-19 00:00:00+08:00,0.8500000238418579,0.8579999804496765,0.8410000205039978,0.8410000205039978,45678794,0.0,0.0
2022-10-20 00:00:00+08:00,0.8399999737739563,0.8399999737739563,0.8180000185966492,0.824999988079071,39374516,0.0,0.0
2022-10-21 00:00:00+08:00,0.8389999866485596,0.8389999866485596,0.8199999928474426,0.824999988079071,32355974,0.0,0.0
2022-10-24 00:00:00+08:00,0.8240000009536743,0.8320000171661377,0.8040000200271606,0.8090000152587891,45969437,0.0,0.0
2022-10-25 00:00:00+08:00,0.8080000281333923,0.8240000009536743,0.8019999861717224,0.8149999976158142,46682492,0.0,0.0
2022-10-26 00:00:00+08:00,0.8149999976158142,0.8309999704360962,0.8149999976158142,0.8240000009536743,43847795,0.0,0.0
2022-10-27 00:00:00+08:00,0.828000009059906,0.8389999866485596,0.8190000057220459,0.8209999799728394,40243110,0.0,0.0
2022-10-28 00:00:00+08:00,0.8190000057220459,0.8190000057220459,0.7860000133514404,0.7879999876022339,57856702,0.0,0.0
2022-10-31 00:00:00+08:00,0.7879999876022339,0.7940000295639038,0.7789999842643738,0.7799999713897705,40603003,0.0,0.0
2022-11-01 00:00:00+08:00,0.7829999923706055,0.8090000152587891,0.7829999923706055,0.8069999814033508,67914279,0.0,0.0
2022-11-02 00:00:00+08:00,0.8050000071525574,0.824999988079071,0.8040000200271606,0.8209999799728394,43687469,0.0,0.0
2022-11-03 00:00:00+08:00,0.8149999976158142,0.824999988079071,0.8130000233650208,0.8159999847412109,34328254,0.0,0.0
2022-11-04 00:00:00+08:00,0.8140000104904175,0.8500000238418579,0.8140000104904175,0.847000002861023,82594200,0.0,0.0
2022-11-07 00:00:00+08:00,0.8479999899864197,0.8610000014305115,0.847000002861023,0.8539999723434448,44464764,0.0,0.0
2022-11-08 00:00:00+08:00,0.8539999723434448,0.8579999804496765,0.8429999947547913,0.8489999771118164,41003291,0.0,0.0
2022-11-09 00:00:00+08:00,0.8510000109672546,0.8539999723434448,0.8399999737739563,0.8410000205039978,37898053,0.0,0.0
2022-11-10 00:00:00+08:00,0.8410000205039978,0.8410000205039978,0.8230000138282776,0.8259999752044678,48010660,0.0,0.0
2022-11-11 00:00:00+08:00,0.8500000238418579,0.8550000190734863,0.8410000205039978,0.8479999899864197,64928887,0.0,0.0
2022-11-14 00:00:00+08:00,0.8500000238418579,0.8579999804496765,0.8330000042915344,0.8370000123977661,45223220,0.0,0.0
2022-11-15 00:00:00+08:00,0.8339999914169312,0.8510000109672546,0.8309999704360962,0.8510000109672546,54239202,0.0,0.0
2022-11-16 00:00:00+08:00,0.8500000238418579,0.8510000109672546,0.8389999866485596,0.8420000076293945,36279079,0.0,0.0
2022-11-17 00:00:00+08:00,0.8410000205039978,0.8410000205039978,0.8209999799728394,0.8299999833106995,45327211,0.0,0.0
2022-11-18 00:00:00+08:00,0.8299999833106995,0.8360000252723694,0.8230000138282776,0.8259999752044678,43967481,0.0,0.0
2022-11-21 00:00:00+08:00,0.8220000267028809,0.8299999833106995,0.8169999718666077,0.8289999961853027,36244998,0.0,0.0
2022-11-22 00:00:00+08:00,0.828000009059906,0.828000009059906,0.8159999847412109,0.8180000185966492,36065340,0.0,0.0
2022-11-23 00:00:00+08:00,0.8180000185966492,0.8320000171661377,0.8169999718666077,0.8289999961853027,50532404,0.0,0.0
2022-11-24 00:00:00+08:00,0.8320000171661377,0.8360000252723694,0.8270000219345093,0.8289999961853027,39142963,0.0,0.0
2022-11-25 00:00:00+08:00,0.8309999704360962,0.8309999704360962,0.8209999799728394,0.8240000009536743,37013299,0.0,0.0
2022-11-28 00:00:00+08:00,0.8199999928474426,0.8209999799728394,0.8029999732971191,0.8169999718666077,44756612,0.0,0.0
2022-11-29 00:00:00+08:00,0.8180000185966492,0.8309999704360962,0.8149999976158142,0.8259999752044678,47426426,0.0,0.0
2022-11-30 00:00:00+08:00,0.8270000219345093,0.8339999914169312,0.824999988079071,0.828000009059906,43202750,0.0,0.0
2022-12-01 00:00:00+08:00,0.8339999914169312,0.8500000238418579,0.8339999914169312,0.8420000076293945,54624853,0.0,0.0
2022-12-02 00:00:00+08:00,0.8420000076293945,0.8489999771118164,0.8399999737739563,0.8399999737739563,35608382,0.0,0.0
2022-12-05 00:00:00+08:00,0.8420000076293945,0.847000002861023,0.8370000123977661,0.8460000157356262,41299346,0.0,0.0
2022-12-06 00:00:00+08:00,0.847000002861023,0.8529999852180481,0.8379999995231628,0.847000002861023,45543722,0.0,0.0
2022-12-07 00:00:00+08:00,0.8460000157356262,0.8569999933242798,0.8429999947547913,0.8510000109672546,46200812,0.0,0.0
2022-12-08 00:00:00+08:00,0.8510000109672546,0.8579999804496765,0.8460000157356262,0.8500000238418579,35187775,0.0,0.0
2022-12-09 00:00:00+08:00,0.8500000238418579,0.8579999804496765,0.847000002861023,0.8560000061988831,45606125,0.0,0.0
2022-12-12 00:00:00+08:00,0.8550000190734863,0.8550000190734863,0.8410000205039978,0.8420000076293945,34335286,0.0,0.0
2022-12-13 00:00:00+08:00,0.8410000205039978,0.843999981880188,0.8339999914169312,0.8360000252723694,26528658,0.0,0.0
2022-12-14 00:00:00+08:00,0.8360000252723694,0.8399999737739563,0.828000009059906,0.8320000171661377,27613084,0.0,0.0
2022-12-15 00:00:00+08:00,0.8320000171661377,0.8370000123977661,0.824999988079071,0.8370000123977661,28206244,0.0,0.0
2022-12-16 00:00:00+08:00,0.8349999785423279,0.8379999995231628,0.828000009059906,0.8309999704360962,33404349,0.0,0.0
2022-12-19 00:00:00+08:00,0.8309999704360962,0.8429999947547913,0.8209999799728394,0.8230000138282776,44512143,0.0,0.0
2022-12-20 00:00:00+08:00,0.8230000138282776,0.8240000009536743,0.8119999766349792,0.8149999976158142,37238068,0.0,0.0
2022-12-21 00:00:00+08:00,0.8159999847412109,0.8169999718666077,0.8059999942779541,0.8100000023841858,27932677,0.0,0.0
2022-12-22 00:00:00+08:00,0.8109999895095825,0.8149999976158142,0.7950000166893005,0.7990000247955322,30690739,0.0,0.0
2022-12-23 00:00:00+08:00,0.796999990940094,0.796999990940094,0.7860000133514404,0.7900000214576721,25070405,0.0,0.0
2022-12-26 00:00:00+08:00,0.7900000214576721,0.8069999814033508,0.7900000214576721,0.8050000071525574,29295775,0.0,0.0
2022-12-27 00:00:00+08:00,0.8050000071525574,0.8149999976158142,0.800000011920929,0.8130000233650208,24882927,0.0,0.0
2022-12-28 00:00:00+08:00,0.8119999766349792,0.8119999766349792,0.8019999861717224,0.8100000023841858,28952382,0.0,0.0
2022-12-29 00:00:00+08:00,0.8090000152587891,0.8119999766349792,0.8040000200271606,0.8050000071525574,23200327,0.0,0.0
2022-12-30 00:00:00+08:00,0.8080000281333923,0.8140000104904175,0.8059999942779541,0.8069999814033508,32881381,0.0,0.0
2023-01-03 00:00:00+08:00,0.8069999814033508,0.8159999847412109,0.7979999780654907,0.8140000104904175,34615636,0.0,0.0
2023-01-04 00:00:00+08:00,0.8140000104904175,0.8140000104904175,0.8029999732971191,0.8059999942779541,24597705,0.0,0.0
2023-01-05 00:00:00+08:00,0.8090000152587891,0.8220000267028809,0.8069999814033508,0.8190000057220459,35875467,0.0,0.0
2023-01-06 00:00:00+08:00,0.8149999976158142,0.843999981880188,0.8149999976158142,0.8360000252723694,55093766,0.0,0.0
2023-01-09 00:00:00+08:00,0.8360000252723694,0.8479999899864197,0.8360000252723694,0.8410000205039978,32132312,0.0,0.0
2023-01-10 00:00:00+08:00,0.8410000205039978,0.8489999771118164,0.8370000123977661,0.8450000286102295,37519405,0.0,0.0
2023-01-11 00:00:00+08:00,0.8450000286102295,0.8519999980926514,0.8420000076293945,0.8420000076293945,27466672,0.0,0.0
2023-01-12 00:00:00+08:00,0.8410000205039978,0.8550000190734863,0.8410000205039978,0.847000002861023,38289518,0.0,0.0
2023-01-13 00:00:00+08:00,0.8460000157356262,0.8560000061988831,0.8450000286102295,0.8510000109672546,34072372,0.0,0.0
2023-01-16 00:00:00+08:00,0.8519999980926514,0.8640000224113464,0.8489999771118164,0.859000027179718,42787343,0.0,0.0
2023-01-17 00:00:00+08:00,0.859000027179718,0.8629999756813049,0.8550000190734863,0.8579999804496765,25572163,0.0,0.0
2023-01-18 00:00:00+08:00,0.8579999804496765,0.8669999837875366,0.8579999804496765,0.8619999885559082,27805006,0.0,0.0
2023-01-19 00:00:00+08:00,0.8600000143051147,0.8640000224113464,0.8579999804496765,0.8629999756813049,17863184,0.0,0.0
2023-01-20 00:00:00+08:00,0.8640000224113464,0.8809999823570251,0.8640000224113464,0.8799999952316284,42686508,0.0,0.0
2023-01-30 00:00:00+08:00,0.8880000114440918,0.9049999713897705,0.8880000114440918,0.890999972820282,49373197,0.0,0.0
2023-01-31 00:00:00+08:00,0.8889999985694885,0.8999999761581421,0.8889999985694885,0.8930000066757202,30482246,0.0,0.0
2023-02-01 00:00:00+08:00,0.890999972820282,0.9079999923706055,0.890999972820282,0.9070000052452087,46265201,0.0,0.0
2023-02-02 00:00:00+08:00,0.9039999842643738,0.9070000052452087,0.8999999761581421,0.902999997138977,35853760,0.0,0.0
2023-02-03 00:00:00+08:00,0.8999999761581421,0.8999999761581421,0.8799999952316284,0.8899999856948853,36562394,0.0,0.0
2023-02-06 00:00:00+08:00,0.8880000114440918,0.8880000114440918,0.8709999918937683,0.875,25816859,0.0,0.0
2023-02-07 00:00:00+08:00,0.8790000081062317,0.8840000033378601,0.875,0.8799999952316284,25753345,0.0,0.0
2023-02-08 00:00:00+08:00,0.8840000033378601,0.8840000033378601,0.8740000128746033,0.8769999742507935,20261922,0.0,0.0
2023-02-09 00:00:00+08:00,0.8769999742507935,0.8830000162124634,0.871999979019165,0.8820000290870667,13566631,0.0,0.0
2023-02-10 00:00:00+08:00,0.8820000290870667,0.8820000290870667,0.8709999918937683,0.8730000257492065,16509452,0.0,0.0
2023-02-13 00:00:00+08:00,0.8709999918937683,0.8820000290870667,0.8700000047683716,0.8809999823570251,24929385,0.0,0.0
2023-02-14 00:00:00+08:00,0.8830000162124634,0.8870000243186951,0.8799999952316284,0.8830000162124634,23823604,0.0,0.0
2023-02-15 00:00:00+08:00,0.8820000290870667,0.8889999985694885,0.8769999742507935,0.8790000081062317,15149590,0.0,0.0
2023-02-16 00:00:00+08:00,0.8790000081062317,0.8840000033378601,0.859000027179718,0.8659999966621399,26993969,0.0,0.0
2023-02-17 00:00:00+08:00,0.8659999966621399,0.8700000047683716,0.8529999852180481,0.8539999723434448,22097239,0.0,0.0
2023-02-20 00:00:00+08:00,0.8539999723434448,0.8700000047683716,0.8489999771118164,0.8690000176429749,19334381,0.0,0.0
2023-02-21 00:00:00+08:00,0.8669999837875366,0.8799999952316284,0.8669999837875366,0.8759999871253967,27626475,0.0,0.0
2023-02-22 00:00:00+08:00,0.875,0.8759999871253967,0.8679999709129333,0.8690000176429749,16037000,0.0,0.0
2023-02-23 00:00:00+08:00,0.8690000176429749,0.875,0.8669999837875366,0.8709999918937683,23536487,0.0,0.0
2023-02-24 00:00:00+08:00,0.871999979019165,0.8769999742507935,0.8600000143051147,0.8640000224113464,16093241,0.0,0.0
2023-02-27 00:00:00+08:00,0.8619999885559082,0.8640000224113464,0.8550000190734863,0.8550000190734863,21115510,0.0,0.0
2023-02-28 00:00:00+08:00,0.8560000061988831,0.8610000014305115,0.8519999980926514,0.8610000014305115,14113952,0.0,0.0
2023-03-01 00:00:00+08:00,0.8600000143051147,0.8700000047683716,0.859000027179718,0.8679999709129333,20368060,0.0,0.0
2023-03-02 00:00:00+08:00,0.8669999837875366,0.8709999918937683,0.8640000224113464,0.8669999837875366,20066101,0.0,0.0
2023-03-03 00:00:00+08:00,0.8650000095367432,0.8679999709129333,0.8619999885559082,0.8650000095367432,16816136,0.0,0.0
2023-03-06 00:00:00+08:00,0.8669999837875366,0.8709999918937683,0.8539999723434448,0.8690000176429749,28332737,0.0,0.0
2023-03-07 00:00:00+08:00,0.8679999709129333,0.8740000128746033,0.8610000014305115,0.8610000014305115,29608289,0.0,0.0
2023-03-08 00:00:00+08:00,0.8610000014305115,0.8610000014305115,0.8489999771118164,0.8539999723434448,21493279,0.0,0.0
2023-03-09 00:00:00+08:00,0.8539999723434448,0.8560000061988831,0.8479999899864197,0.8500000238418579,20197204,0.0,0.0
2023-03-10 00:00:00+08:00,0.8489999771118164,0.8500000238418579,0.8360000252723694,0.8379999995231628,23953285,0.0,0.0
2023-03-13 00:00:00+08:00,0.8379999995231628,0.847000002861023,0.8360000252723694,0.8410000205039978,19166285,0.0,0.0
2023-03-14 00:00:00+08:00,0.8410000205039978,0.8420000076293945,0.8240000009536743,0.8330000042915344,18671660,0.0,0.0
2023-03-15 00:00:00+08:00,0.8339999914169312,0.8410000205039978,0.8339999914169312,0.8360000252723694,19354482,0.0,0.0
2023-03-16 00:00:00+08:00,0.8349999785423279,0.8349999785423279,0.8130000233650208,0.8149999976158142,25820665,0.0,0.0
2023-03-17 00:00:00+08:00,0.8169999718666077,0.8240000009536743,0.8119999766349792,0.8149999976158142,20357925,0.0,0.0
2023-03-20 00:00:00+08:00,0.8119999766349792,0.8209999799728394,0.8109999895095825,0.8140000104904175,25819853,0.0,0.0
2023-03-21 00:00:00+08:00,0.8169999718666077,0.8240000009536743,0.8130000233650208,0.8230000138282776,21920963,0.0,0.0
2023-03-22 00:00:00+08:00,0.8230000138282776,0.8330000042915344,0.8220000267028809,0.824999988079071,18292737,0.0,0.0
2023-03-23 00:00:00+08:00,0.824999988079071,0.8259999752044678,0.8190000057220459,0.824999988079071,16660662,0.0,0.0
2023-03-24 00:00:00+08:00,0.824999988079071,0.828000009059906,0.8199999928474426,0.8230000138282776,18968407,0.0,0.0
2023-03-27 00:00:00+08:00,0.8230000138282776,0.824999988079071,0.8140000104904175,0.8240000009536743,22466150,0.0,0.0
2023-03-28 00:00:00+08:00,0.8240000009536743,0.8289999961853027,0.8220000267028809,0.8230000138282776,40919200,0.0,0.0
2023-03-29 00:00:00+08:00,0.8230000138282776,0.8320000171661377,0.8230000138282776,0.8259999752044678,17184944,0.0,0.0
2023-03-30 00:00:00+08:00,0.8259999752044678,0.8330000042915344,0.8220000267028809,0.8320000171661377,28785956,0.0,0.0
2023-03-31 00:00:00+08:00,0.8330000042915344,0.843999981880188,0.8320000171661377,0.8360000252723694,24307529,0.0,0.0
2023-04-03 00:00:00+08:00,0.8349999785423279,0.8389999866485596,0.8289999961853027,0.8360000252723694,18011702,0.0,0.0
2023-04-04 00:00:00+08:00,0.8349999785423279,0.8349999785423279,0.8240000009536743,0.8289999961853027,20413779,0.0,0.0
2023-04-06 00:00:00+08:00,0.8270000219345093,0.8320000171661377,0.8220000267028809,0.8309999704360962,20138966,0.0,0.0
2023-04-07 00:00:00+08:00,0.8299999833106995,0.8379999995231628,0.8289999961853027,0.8320000171661377,16658252,0.0,0.0
2023-04-10 00:00:00+08:00,0.8330000042915344,0.843999981880188,0.8320000171661377,0.8429999947547913,35447820,0.0,0.0
2023-04-11 00:00:00+08:00,0.8450000286102295,0.847000002861023,0.8399999737739563,0.8460000157356262,17701051,0.0,0.0
2023-04-12 00:00:00+08:00,0.847000002861023,0.8479999899864197,0.8389999866485596,0.8420000076293945,14339107,0.0,0.0
2023-04-13 00:00:00+08:00,0.8420000076293945,0.8420000076293945,0.8320000171661377,0.8339999914169312,21912256,0.0,0.0
2023-04-14 00:00:00+08:00,0.8339999914169312,0.8500000238418579,0.8339999914169312,0.8460000157356262,31508333,0.0,0.0
2023-04-17 00:00:00+08:00,0.8460000157356262,0.8550000190734863,0.8450000286102295,0.8539999723434448,22588430,0.0,0.0
2023-04-18 00:00:00+08:00,0.8560000061988831,0.8619999885559082,0.8529999852180481,0.8560000061988831,14728350,0.0,0.0
2023-04-19 00:00:00+08:00,0.8560000061988831,0.8569999933242798,0.8479999899864197,0.8500000238418579,20464472,0.0,0.0
2023-04-20 00:00:00+08:00,0.8500000238418579,0.8500000238418579,0.8320000171661377,0.8339999914169312,23157606,0.0,0.0
2023-04-21 00:00:00+08:00,0.8339999914169312,0.8420000076293945,0.824999988079071,0.8259999752044678,26157262,0.0,0.0
2023-04-24 00:00:00+08:00,0.824999988079071,0.824999988079071,0.8080000281333923,0.8119999766349792,29234668,0.0,0.0
2023-04-25 00:00:00+08:00,0.8119999766349792,0.8149999976158142,0.7910000085830688,0.7979999780654907,23101137,0.0,0.0
2023-04-26 00:00:00+08:00,0.7979999780654907,0.8209999799728394,0.7910000085830688,0.8149999976158142,23050642,0.0,0.0
2023-04-27 00:00:00+08:00,0.8140000104904175,0.8240000009536743,0.8080000281333923,0.8190000057220459,18741263,0.0,0.0
2023-04-28 00:00:00+08:00,0.8180000185966492,0.824999988079071,0.8159999847412109,0.8199999928474426,14669616,0.0,0.0
2023-05-04 00:00:00+08:00,0.8199999928474426,0.8259999752044678,0.8159999847412109,0.8190000057220459,15152042,0.0,0.0
2023-05-05 00:00:00+08:00,0.8180000185966492,0.8180000185966492,0.8029999732971191,0.8100000023841858,13157154,0.0,0.0
2023-05-08 00:00:00+08:00,0.8100000023841858,0.8209999799728394,0.8100000023841858,0.8169999718666077,20603636,0.0,0.0
2023-05-09 00:00:00+08:00,0.8159999847412109,0.8169999718666077,0.8059999942779541,0.8069999814033508,18593954,0.0,0.0
2023-05-10 00:00:00+08:00,0.8059999942779541,0.8159999847412109,0.8040000200271606,0.8100000023841858,23731493,0.0,0.0
2023-05-11 00:00:00+08:00,0.8119999766349792,0.8220000267028809,0.8100000023841858,0.8149999976158142,15481447,0.0,0.0
2023-05-12 00:00:00+08:00,0.8119999766349792,0.8159999847412109,0.8019999861717224,0.8019999861717224,19395656,0.0,0.0
2023-05-15 00:00:00+08:00,0.8029999732971191,0.8149999976158142,0.8029999732971191,0.8149999976158142,24792394,0.0,0.0
2023-05-16 00:00:00+08:00,0.8149999976158142,0.8199999928474426,0.8109999895095825,0.8149999976158142,16631344,0.0,0.0
2023-05-17 00:00:00+08:00,0.8149999976158142,0.8159999847412109,0.8080000281333923,0.8109999895095825,16652749,0.0,0.0
2023-05-18 00:00:00+08:00,0.8109999895095825,0.8140000104904175,0.7990000247955322,0.8050000071525574,19352674,0.0,0.0
2023-05-19 00:00:00+08:00,0.8059999942779541,0.8059999942779541,0.796999990940094,0.800000011920929,15326958,0.0,0.0
2023-05-22 00:00:00+08:00,0.800000011920929,0.8069999814033508,0.7979999780654907,0.8040000200271606,10907270,0.0,0.0
2023-05-23 00:00:00+08:00,0.8050000071525574,0.8059999942779541,0.7950000166893005,0.7960000038146973,15526128,0.0,0.0
2023-05-24 00:00:00+08:00,0.796999990940094,0.8019999861717224,0.7900000214576721,0.7919999957084656,11773539,0.0,0.0
2023-05-25 00:00:00+08:00,0.7919999957084656,0.7940000295639038,0.7850000262260437,0.7910000085830688,14798669,0.0,0.0
2023-05-26 00:00:00+08:00,0.7910000085830688,0.7910000085830688,0.7760000228881836,0.7850000262260437,24602486,0.0,0.0
2023-05-29 00:00:00+08:00,0.7850000262260437,0.7870000004768372,0.7749999761581421,0.7770000100135803,21035543,0.0,0.0
2023-05-30 00:00:00+08:00,0.777999997138977,0.7829999923706055,0.7699999809265137,0.7789999842643738,16264356,0.0,0.0
2023-05-31 00:00:00+08:00,0.777999997138977,0.777999997138977,0.7689999938011169,0.7730000019073486,19585454,0.0,0.0
2023-06-01 00:00:00+08:00,0.7720000147819519,0.777999997138977,0.7699999809265137,0.7720000147819519,22362356,0.0,0.0
2023-06-02 00:00:00+08:00,0.7710000276565552,0.7860000133514404,0.7710000276565552,0.7850000262260437,24234941,0.0,0.0
2023-06-05 00:00:00+08:00,0.7839999794960022,0.7839999794960022,0.7739999890327454,0.7770000100135803,15719319,0.0,0.0
2023-06-06 00:00:00+08:00,0.7760000228881836,0.777999997138977,0.7689999938011169,0.7699999809265137,22368256,0.0,0.0
2023-06-07 00:00:00+08:00,0.7699999809265137,0.7720000147819519,0.7570000290870667,0.7590000033378601,23296125,0.0,0.0
2023-06-08 00:00:00+08:00,0.7590000033378601,0.7670000195503235,0.7590000033378601,0.7639999985694885,17972146,0.0,0.0
2023-06-09 00:00:00+08:00,0.7649999856948853,0.7699999809265137,0.7639999985694885,0.7680000066757202,18370135,0.0,0.0
2023-06-12 00:00:00+08:00,0.7670000195503235,0.7730000019073486,0.7620000243186951,0.7689999938011169,20998528,0.0,0.0
2023-06-13 00:00:00+08:00,0.7680000066757202,0.7720000147819519,0.7639999985694885,0.7689999938011169,21177052,0.0,0.0
2023-06-14 00:00:00+08:00,0.7699999809265137,0.7749999761581421,0.765999972820282,0.7670000195503235,18697914,0.0,0.0
2023-06-15 00:00:00+08:00,0.7670000195503235,0.7929999828338623,0.7670000195503235,0.7919999957084656,38913776,0.0,0.0
2023-06-16 00:00:00+08:00,0.7919999957084656,0.7990000247955322,0.7919999957084656,0.7979999780654907,28375676,0.0,0.0
2023-06-19 00:00:00+08:00,0.800000011920929,0.800000011920929,0.7879999876022339,0.7910000085830688,28104626,0.0,0.0
2023-06-20 00:00:00+08:00,0.7910000085830688,0.7940000295639038,0.7870000004768372,0.7889999747276306,16721127,0.0,0.0
2023-06-21 00:00:00+08:00,0.7889999747276306,0.7940000295639038,0.7799999713897705,0.781000018119812,17391726,0.0,0.0
2023-06-26 00:00:00+08:00,0.777999997138977,0.7870000004768372,0.7730000019073486,0.777999997138977,22029992,0.0,0.0
2023-06-27 00:00:00+08:00,0.7799999713897705,0.7850000262260437,0.7770000100135803,0.7829999923706055,18785948,0.0,0.0
2023-06-28 00:00:00+08:00,0.7820000052452087,0.7900000214576721,0.7820000052452087,0.7870000004768372,19216321,0.0,0.0
2023-06-29 00:00:00+08:00,0.7870000004768372,0.7910000085830688,0.7820000052452087,0.7820000052452087,18708191,0.0,0.0
2023-06-30 00:00:00+08:00,0.7829999923706055,0.7940000295639038,0.7799999713897705,0.7910000085830688,21277126,0.0,0.0
2023-07-03 00:00:00+08:00,0.7950000166893005,0.8029999732971191,0.7929999828338623,0.796999990940094,20113404,0.0,0.0
2023-07-04 00:00:00+08:00,0.796999990940094,0.7990000247955322,0.7940000295639038,0.7950000166893005,14899193,0.0,0.0
2023-07-05 00:00:00+08:00,0.7950000166893005,0.8009999990463257,0.7910000085830688,0.7919999957084656,14252542,0.0,0.0
2023-07-06 00:00:00+08:00,0.7919999957084656,0.7919999957084656,0.7829999923706055,0.7860000133514404,17022311,0.0,0.0
2023-07-07 00:00:00+08:00,0.7829999923706055,0.7860000133514404,0.7789999842643738,0.781000018119812,10946630,0.0,0.0
2023-07-10 00:00:00+08:00,0.7820000052452087,0.796999990940094,0.7820000052452087,0.7929999828338623,32920240,0.0,0.0
2023-07-11 00:00:00+08:00,0.7940000295639038,0.7979999780654907,0.7879999876022339,0.796999990940094,19803443,0.0,0.0
2023-07-12 00:00:00+08:00,0.7950000166893005,0.8040000200271606,0.7929999828338623,0.796999990940094,21976240,0.0,0.0
2023-07-13 00:00:00+08:00,0.7979999780654907,0.8100000023841858,0.7979999780654907,0.8069999814033508,18441738,0.0,0.0
2023-07-14 00:00:00+08:00,0.8080000281333923,0.8080000281333923,0.8009999990463257,0.8019999861717224,23144311,0.0,0.0
2023-07-17 00:00:00+08:00,0.8029999732971191,0.8029999732971191,0.7919999957084656,0.7950000166893005,14725551,0.0,0.0
2023-07-18 00:00:00+08:00,0.7960000038146973,0.796999990940094,0.7900000214576721,0.7950000166893005,13423838,0.0,0.0
2023-07-19 00:00:00+08:00,0.7950000166893005,0.7950000166893005,0.7889999747276306,0.7929999828338623,12156115,0.0,0.0
2023-07-20 00:00:00+08:00,0.7919999957084656,0.800000011920929,0.7889999747276306,0.7900000214576721,14082209,0.0,0.0
2023-07-21 00:00:00+08:00,0.7870000004768372,0.7929999828338623,0.7839999794960022,0.7879999876022339,7931730,0.0,0.0
2023-07-24 00:00:00+08:00,0.7850000262260437,0.7900000214576721,0.7789999842643738,0.781000018119812,8350525,0.0,0.0
2023-07-25 00:00:00+08:00,0.7850000262260437,0.796999990940094,0.7829999923706055,0.7960000038146973,15606729,0.0,0.0
2023-07-26 00:00:00+08:00,0.7960000038146973,0.800000011920929,0.7960000038146973,0.800000011920929,15379446,0.0,0.0
2023-07-27 00:00:00+08:00,0.800000011920929,0.8040000200271606,0.7950000166893005,0.7950000166893005,14656869,0.0,0.0
2023-07-28 00:00:00+08:00,0.7950000166893005,0.8059999942779541,0.7919999957084656,0.8040000200271606,18238932,0.0,0.0
2023-07-31 00:00:00+08:00,0.8059999942779541,0.8230000138282776,0.8059999942779541,0.8159999847412109,36397590,0.0,0.0
2023-08-01 00:00:00+08:00,0.8159999847412109,0.8209999799728394,0.8109999895095825,0.8119999766349792,26261756,0.0,0.0
2023-08-02 00:00:00+08:00,0.8119999766349792,0.8159999847412109,0.8090000152587891,0.8109999895095825,12797878,0.0,0.0
2023-08-03 00:00:00+08:00,0.8109999895095825,0.8180000185966492,0.8109999895095825,0.8159999847412109,22090516,0.0,0.0
2023-08-04 00:00:00+08:00,0.8180000185966492,0.8259999752044678,0.8169999718666077,0.8209999799728394,23150954,0.0,0.0
2023-08-07 00:00:00+08:00,0.8199999928474426,0.8199999928474426,0.8159999847412109,0.8190000057220459,8800012,0.0,0.0
2023-08-08 00:00:00+08:00,0.8169999718666077,0.8199999928474426,0.8140000104904175,0.8169999718666077,19264467,0.0,0.0
2023-08-09 00:00:00+08:00,0.8159999847412109,0.8159999847412109,0.8119999766349792,0.8149999976158142,12442610,0.0,0.0
2023-08-10 00:00:00+08:00,0.8140000104904175,0.8190000057220459,0.8119999766349792,0.8159999847412109,14852791,0.0,0.0
2023-08-11 00:00:00+08:00,0.8159999847412109,0.8159999847412109,0.8009999990463257,0.8019999861717224,16710431,0.0,0.0
2023-08-14 00:00:00+08:00,0.800000011920929,0.8019999861717224,0.7829999923706055,0.7919999957084656,25337539,0.0,0.0
2023-08-15 00:00:00+08:00,0.7919999957084656,0.7929999828338623,0.7799999713897705,0.7860000133514404,21091865,0.0,0.0
2023-08-16 00:00:00+08:00,0.7829999923706055,0.7870000004768372,0.7799999713897705,0.781000018119812,10798645,0.0,0.0
2023-08-17 00:00:00+08:00,0.781000018119812,0.7850000262260437,0.7720000147819519,0.7839999794960022,14910308,0.0,0.0
2023-08-18 00:00:00+08:00,0.7839999794960022,0.7879999876022339,0.7760000228881836,0.7760000228881836,12054611,0.0,0.0
2023-08-21 00:00:00+08:00,0.7770000100135803,0.7770000100135803,0.7630000114440918,0.7649999856948853,17321136,0.0,0.0
2023-08-22 00:00:00+08:00,0.7649999856948853,0.7699999809265137,0.7540000081062317,0.765999972820282,21439291,0.0,0.0
2023-08-23 00:00:00+08:00,0.7649999856948853,0.7649999856948853,0.7490000128746033,0.75,14928128,0.0,0.0
2023-08-24 00:00:00+08:00,0.7549999952316284,0.7590000033378601,0.7509999871253967,0.7540000081062317,14917541,0.0,0.0
2023-08-25 00:00:00+08:00,0.7540000081062317,0.7549999952316284,0.7480000257492065,0.7509999871253967,9825487,0.0,0.0
2023-08-28 00:00:00+08:00,0.7710000276565552,0.7829999923706055,0.753000020980835,0.7559999823570251,15579390,0.0,0.0
2023-08-29 00:00:00+08:00,0.7540000081062317,0.7699999809265137,0.753000020980835,0.765999972820282,13796366,0.0,0.0
2023-08-30 00:00:00+08:00,0.765999972820282,0.7720000147819519,0.7620000243186951,0.7649999856948853,15046930,0.0,0.0
2023-08-31 00:00:00+08:00,0.7630000114440918,0.765999972820282,0.7590000033378601,0.7620000243186951,5657311,0.0,0.0
2023-09-01 00:00:00+08:00,0.7620000243186951,0.7710000276565552,0.7620000243186951,0.7670000195503235,8509244,0.0,0.0
2023-09-04 00:00:00+08:00,0.765999972820282,0.7789999842643738,0.765999972820282,0.7770000100135803,17440251,0.0,0.0
2023-09-05 00:00:00+08:00,0.777999997138977,0.7799999713897705,0.7730000019073486,0.7770000100135803,10002201,0.0,0.0
2023-09-06 00:00:00+08:00,0.7760000228881836,0.7760000228881836,0.7699999809265137,0.7720000147819519,5857353,0.0,0.0
2023-09-07 00:00:00+08:00,0.7699999809265137,0.7710000276565552,0.7590000033378601,0.7609999775886536,17427349,0.0,0.0
2023-09-08 00:00:00+08:00,0.7570000290870667,0.7599999904632568,0.75,0.7519999742507935,20435803,0.0,0.0
2023-09-11 00:00:00+08:00,0.7559999823570251,0.7590000033378601,0.7509999871253967,0.7559999823570251,12158595,0.0,0.0
2023-09-12 00:00:00+08:00,0.7590000033378601,0.7609999775886536,0.7509999871253967,0.7570000290870667,6229318,0.0,0.0
2023-09-13 00:00:00+08:00,0.7559999823570251,0.7590000033378601,0.75,0.753000020980835,8849714,0.0,0.0
2023-09-14 00:00:00+08:00,0.753000020980835,0.753000020980835,0.7480000257492065,0.75,22300378,0.0,0.0
2023-09-15 00:00:00+08:00,0.75,0.753000020980835,0.7440000176429749,0.746999979019165,15737375,0.0,0.0
2023-09-18 00:00:00+08:00,0.7459999918937683,0.7519999742507935,0.7419999837875366,0.7480000257492065,9540569,0.0,0.0
2023-09-19 00:00:00+08:00,0.7480000257492065,0.7480000257492065,0.7440000176429749,0.746999979019165,7849238,0.0,0.0
2023-09-20 00:00:00+08:00,0.7450000047683716,0.7450000047683716,0.7409999966621399,0.7429999709129333,7555311,0.0,0.0
2023-09-21 00:00:00+08:00,0.7409999966621399,0.7419999837875366,0.7329999804496765,0.734000027179718,9767235,0.0,0.0
2023-09-22 00:00:00+08:00,0.734000027179718,0.7419999837875366,0.7300000190734863,0.7409999966621399,14732357,0.0,0.0
2023-09-25 00:00:00+08:00,0.7440000176429749,0.7440000176429749,0.7360000014305115,0.7369999885559082,10895577,0.0,0.0
2023-09-26 00:00:00+08:00,0.7390000224113464,0.7390000224113464,0.7300000190734863,0.7319999933242798,11585540,0.0,0.0
2023-09-27 00:00:00+08:00,0.7319999933242798,0.7419999837875366,0.7300000190734863,0.734000027179718,14757637,0.0,0.0
2023-09-28 00:00:00+08:00,0.734000027179718,0.7369999885559082,0.7289999723434448,0.7319999933242798,10070041,0.0,0.0
2023-10-09 00:00:00+08:00,0.7300000190734863,0.7300000190734863,0.7200000286102295,0.7279999852180481,10430019,0.0,0.0
2023-10-10 00:00:00+08:00,0.7279999852180481,0.7319999933242798,0.722000002861023,0.7229999899864197,8681247,0.0,0.0
2023-10-11 00:00:00+08:00,0.722000002861023,0.7279999852180481,0.7179999947547913,0.7210000157356262,13162117,0.0,0.0
2023-10-12 00:00:00+08:00,0.7210000157356262,0.7319999933242798,0.7210000157356262,0.7300000190734863,17230913,0.0,0.0
2023-10-13 00:00:00+08:00,0.7310000061988831,0.7310000061988831,0.7170000076293945,0.7210000157356262,22617210,0.0,0.0
2023-10-16 00:00:00+08:00,0.7210000157356262,0.7210000157356262,0.7080000042915344,0.7110000252723694,16660661,0.0,0.0
2023-10-17 00:00:00+08:00,0.7080000042915344,0.7160000205039978,0.7080000042915344,0.7129999995231628,30261585,0.0,0.0
2023-10-18 00:00:00+08:00,0.7129999995231628,0.7129999995231628,0.7070000171661377,0.7080000042915344,26783381,0.0,0.0
2023-10-19 00:00:00+08:00,0.7049999833106995,0.7049999833106995,0.6949999928474426,0.6959999799728394,21572646,0.0,0.0
2023-10-20 00:00:00+08:00,0.6959999799728394,0.7009999752044678,0.6909999847412109,0.6940000057220459,21104292,0.0,0.0
2023-10-23 00:00:00+08:00,0.6940000057220459,0.6940000057220459,0.675000011920929,0.6800000071525574,18667304,0.0,0.0
2023-10-24 00:00:00+08:00,0.6790000200271606,0.6859999895095825,0.6779999732971191,0.6840000152587891,17063152,0.0,0.0
2023-10-25 00:00:00+08:00,0.6880000233650208,0.6959999799728394,0.6880000233650208,0.6880000233650208,14870005,0.0,0.0
2023-10-26 00:00:00+08:00,0.6880000233650208,0.6890000104904175,0.6769999861717224,0.6869999766349792,18049071,0.0,0.0
2023-10-27 00:00:00+08:00,0.6869999766349792,0.7059999704360962,0.6850000023841858,0.7020000219345093,26003623,0.0,0.0
2023-10-30 00:00:00+08:00,0.7020000219345093,0.7120000123977661,0.7020000219345093,0.7110000252723694,13243653,0.0,0.0
2023-10-31 00:00:00+08:00,0.7139999866485596,0.7139999866485596,0.699999988079071,0.7039999961853027,13323163,0.0,0.0
2023-11-01 00:00:00+08:00,0.7080000042915344,0.7080000042915344,0.6970000267028809,0.6990000009536743,5027325,0.0,0.0
2023-11-02 00:00:00+08:00,0.6980000138282776,0.703000009059906,0.6930000185966492,0.6940000057220459,9650113,0.0,0.0
2023-11-03 00:00:00+08:00,0.6959999799728394,0.7020000219345093,0.6949999928474426,0.6980000138282776,12835637,0.0,0.0
2023-11-06 00:00:00+08:00,0.6980000138282776,0.7089999914169312,0.6980000138282776,0.7080000042915344,21622040,0.0,0.0
2023-11-07 00:00:00+08:00,0.7099999785423279,0.7099999785423279,0.7020000219345093,0.7059999704360962,10487058,0.0,0.0
2023-11-08 00:00:00+08:00,0.7070000171661377,0.7070000171661377,0.6980000138282776,0.7020000219345093,15174630,0.0,0.0
2023-11-09 00:00:00+08:00,0.7039999961853027,0.7089999914169312,0.7009999752044678,0.7059999704360962,16058996,0.0,0.0
2023-11-10 00:00:00+08:00,0.7039999961853027,0.7039999961853027,0.6970000267028809,0.699999988079071,13191633,0.0,0.0
2023-11-13 00:00:00+08:00,0.699999988079071,0.7049999833106995,0.6970000267028809,0.7009999752044678,8842711,0.0,0.0
2023-11-14 00:00:00+08:00,0.7009999752044678,0.7049999833106995,0.6959999799728394,0.6990000009536743,10029227,0.0,0.0
2023-11-15 00:00:00+08:00,0.7009999752044678,0.7089999914169312,0.7009999752044678,0.7049999833106995,14043834,0.0,0.0
2023-11-16 00:00:00+08:00,0.7049999833106995,0.7049999833106995,0.6959999799728394,0.6980000138282776,13821913,0.0,0.0
2023-11-17 00:00:00+08:00,0.6949999928474426,0.6970000267028809,0.6919999718666077,0.6959999799728394,13737377,0.0,0.0
2023-11-20 00:00:00+08:00,0.6970000267028809,0.6990000009536743,0.6909999847412109,0.6970000267028809,14104051,0.0,0.0
2023-11-21 00:00:00+08:00,0.699999988079071,0.703000009059906,0.6959999799728394,0.6970000267028809,13333251,0.0,0.0
2023-11-22 00:00:00+08:00,0.6959999799728394,0.6959999799728394,0.6859999895095825,0.6869999766349792,14151124,0.0,0.0
2023-11-23 00:00:00+08:00,0.6859999895095825,0.6890000104904175,0.6830000281333923,0.6890000104904175,11492016,0.0,0.0
2023-11-24 00:00:00+08:00,0.6890000104904175,0.6890000104904175,0.6800000071525574,0.6819999814033508,13228317,0.0,0.0
2023-11-27 00:00:00+08:00,0.6809999942779541,0.6809999942779541,0.6700000166893005,0.6740000247955322,14953530,0.0,0.0
2023-11-28 00:00:00+08:00,0.6729999780654907,0.6769999861717224,0.6700000166893005,0.6759999990463257,6234023,0.0,0.0
2023-11-29 00:00:00+08:00,0.6759999990463257,0.6769999861717224,0.6679999828338623,0.6690000295639038,9065771,0.0,0.0
2023-11-30 00:00:00+08:00,0.6690000295639038,0.671999990940094,0.6660000085830688,0.6690000295639038,5918257,0.0,0.0
2023-12-01 00:00:00+08:00,0.6690000295639038,0.6690000295639038,0.6600000262260437,0.6650000214576721,13245977,0.0,0.0
2023-12-04 00:00:00+08:00,0.6650000214576721,0.6690000295639038,0.6629999876022339,0.6629999876022339,11276426,0.0,0.0
2023-12-05 00:00:00+08:00,0.6629999876022339,0.6629999876022339,0.6510000228881836,0.6510000228881836,11043779,0.0,0.0
2023-12-06 00:00:00+08:00,0.6510000228881836,0.6629999876022339,0.6510000228881836,0.6579999923706055,13392614,0.0,0.0
2023-12-07 00:00:00+08:00,0.6579999923706055,0.6589999794960022,0.6499999761581421,0.6539999842643738,16269335,0.0,0.0
2023-12-08 00:00:00+08:00,0.6589999794960022,0.6589999794960022,0.6520000100135803,0.6520000100135803,14413508,0.0,0.0
2023-12-11 00:00:00+08:00,0.6520000100135803,0.656000018119812,0.640999972820282,0.6549999713897705,17374422,0.0,0.0
2023-12-12 00:00:00+08:00,0.6549999713897705,0.6549999713897705,0.6499999761581421,0.652999997138977,17405835,0.0,0.0
2023-12-13 00:00:00+08:00,0.6549999713897705,0.6549999713897705,0.640999972820282,0.640999972820282,17934914,0.0,0.0
2023-12-14 00:00:00+08:00,0.6399999856948853,0.6489999890327454,0.6370000243186951,0.6380000114440918,22085849,0.0,0.0
2023-12-15 00:00:00+08:00,0.640999972820282,0.6489999890327454,0.6380000114440918,0.640999972820282,27293699,0.0,0.0
2023-12-18 00:00:00+08:00,0.6399999856948853,0.6399999856948853,0.6299999952316284,0.6330000162124634,15874726,0.0,0.0
2023-12-19 00:00:00+08:00,0.6299999952316284,0.6359999775886536,0.6290000081062317,0.6320000290870667,23626938,0.0,0.0
2023-12-20 00:00:00+08:00,0.6349999904632568,0.6359999775886536,0.6299999952316284,0.6309999823570251,14797948,0.0,0.0
2023-12-21 00:00:00+08:00,0.6269999742507935,0.640999972820282,0.6269999742507935,0.6389999985694885,24243706,0.0,0.0
2023-12-22 00:00:00+08:00,0.6380000114440918,0.6510000228881836,0.6349999904632568,0.6460000276565552,20434442,0.0,0.0
2023-12-25 00:00:00+08:00,0.6449999809265137,0.6499999761581421,0.6430000066757202,0.6489999890327454,20364561,0.0,0.0
2023-12-26 00:00:00+08:00,0.6480000019073486,0.6489999890327454,0.6449999809265137,0.6470000147819519,18868229,0.0,0.0
2023-12-27 00:00:00+08:00,0.6470000147819519,0.6489999890327454,0.6430000066757202,0.6470000147819519,15427503,0.0,0.0
2023-12-28 00:00:00+08:00,0.6470000147819519,0.6700000166893005,0.6470000147819519,0.6679999828338623,34713319,0.0,0.0
2023-12-29 00:00:00+08:00,0.6700000166893005,0.6710000038146973,0.6660000085830688,0.6690000295639038,15338542,0.0,0.0
2024-01-02 00:00:00+08:00,0.671999990940094,0.671999990940094,0.6620000004768372,0.6629999876022339,12466846,0.0,0.0
2024-01-03 00:00:00+08:00,0.6650000214576721,0.6650000214576721,0.6600000262260437,0.6639999747276306,13753810,0.0,0.0
2024-01-04 00:00:00+08:00,0.6629999876022339,0.6629999876022339,0.6520000100135803,0.6570000052452087,9996202,0.0,0.0
2024-01-05 00:00:00+08:00,0.656000018119812,0.6639999747276306,0.6499999761581421,0.652999997138977,14735015,0.0,0.0
2024-01-08 00:00:00+08:00,0.652999997138977,0.6570000052452087,0.6460000276565552,0.6470000147819519,18654619,0.0,0.0
2024-01-09 00:00:00+08:00,0.6460000276565552,0.6549999713897705,0.6420000195503235,0.6499999761581421,21406832,0.0,0.0
2024-01-10 00:00:00+08:00,0.6480000019073486,0.6579999923706055,0.6460000276565552,0.6499999761581421,21073222,0.0,0.0
2024-01-11 00:00:00+08:00,0.6510000228881836,0.6589999794960022,0.6470000147819519,0.6549999713897705,16321653,0.0,0.0
2024-01-12 00:00:00+08:00,0.6510000228881836,0.6610000133514404,0.6510000228881836,0.6549999713897705,11222528,0.0,0.0
2024-01-15 00:00:00+08:00,0.6549999713897705,0.6549999713897705,0.6549999713897705,0.6549999713897705,0,0.0,0.0
2024-01-16 00:00:00+08:00,0.6499999761581421,0.656000018119812,0.6449999809265137,0.6539999842643738,19459510,0.0,0.0
2024-01-17 00:00:00+08:00,0.6539999842643738,0.6539999842643738,0.6359999775886536,0.6359999775886536,20066619,0.0,0.0
2024-01-18 00:00:00+08:00,0.6320000290870667,0.6470000147819519,0.6290000081062317,0.6449999809265137,31734453,0.0,0.0
2024-01-19 00:00:00+08:00,0.6449999809265137,0.6499999761581421,0.640999972820282,0.6449999809265137,21683053,0.0,0.0
2024-01-22 00:00:00+08:00,0.6449999809265137,0.6449999809265137,0.6230000257492065,0.6259999871253967,25274074,0.0,0.0
2024-01-23 00:00:00+08:00,0.625,0.6349999904632568,0.6209999918937683,0.6309999823570251,18367630,0.0,0.0
2024-01-24 00:00:00+08:00,0.6320000290870667,0.6380000114440918,0.6200000047683716,0.6370000243186951,21272861,0.0,0.0
2024-01-25 00:00:00+08:00,0.6359999775886536,0.6480000019073486,0.6330000162124634,0.6470000147819519,15486013,0.0,0.0
2024-01-26 00:00:00+08:00,0.6470000147819519,0.6489999890327454,0.6430000066757202,0.6449999809265137,14459008,0.0,0.0
2024-01-29 00:00:00+08:00,0.6449999809265137,0.6449999809265137,0.6309999823570251,0.6309999823570251,24791812,0.0,0.0
2024-01-30 00:00:00+08:00,0.6299999952316284,0.6309999823570251,0.6190000176429749,0.6200000047683716,25658120,0.0,0.0
2024-01-31 00:00:00+08:00,0.6209999918937683,0.6259999871253967,0.6150000095367432,0.6159999966621399,21576460,0.0,0.0
2024-02-01 00:00:00+08:00,0.6159999966621399,0.625,0.6129999756813049,0.6179999709129333,14436023,0.0,0.0
2024-02-02 00:00:00+08:00,0.6159999966621399,0.6190000176429749,0.5920000076293945,0.6039999723434448,23385763,0.0,0.0
2024-02-05 00:00:00+08:00,0.6039999723434448,0.6140000224113464,0.5860000252723694,0.6050000190734863,29640658,0.0,0.0
2024-02-06 00:00:00+08:00,0.6050000190734863,0.6309999823570251,0.6019999980926514,0.6299999952316284,28785036,0.0,0.0
2024-02-07 00:00:00+08:00,0.6299999952316284,0.6389999985694885,0.6259999871253967,0.6370000243186951,20217309,0.0,0.0
2024-02-08 00:00:00+08:00,0.6389999985694885,0.6510000228881836,0.6370000243186951,0.6470000147819519,27171411,0.0,0.0
2024-02-19 00:00:00+08:00,0.6460000276565552,0.6520000100135803,0.6449999809265137,0.6499999761581421,14529260,0.0,0.0
2024-02-20 00:00:00+08:00,0.6499999761581421,0.6539999842643738,0.6470000147819519,0.652999997138977,14107744,0.0,0.0
2024-02-21 00:00:00+08:00,0.6510000228881836,0.6679999828338623,0.6480000019073486,0.6589999794960022,26045665,0.0,0.0
2024-02-22 00:00:00+08:00,0.6579999923706055,0.6629999876022339,0.6570000052452087,0.6620000004768372,12023449,0.0,0.0
2024-02-23 00:00:00+08:00,0.6620000004768372,0.6679999828338623,0.6620000004768372,0.6669999957084656,14218032,0.0,0.0
2024-02-26 00:00:00+08:00,0.6669999957084656,0.6690000295639038,0.656000018119812,0.6579999923706055,10862928,0.0,0.0
2024-02-27 00:00:00+08:00,0.6579999923706055,0.6650000214576721,0.656000018119812,0.6629999876022339,15346610,0.0,0.0
2024-02-28 00:00:00+08:00,0.6639999747276306,0.6759999990463257,0.6610000133514404,0.6620000004768372,21011325,0.0,0.0
2024-02-29 00:00:00+08:00,0.6610000133514404,0.675000011920929,0.6579999923706055,0.6740000247955322,23182841,0.0,0.0
2024-03-01 00:00:00+08:00,0.6740000247955322,0.6800000071525574,0.671999990940094,0.6790000200271606,22143312,0.0,0.0
2024-03-04 00:00:00+08:00,0.6779999732971191,0.6830000281333923,0.6759999990463257,0.6800000071525574,11103453,0.0,0.0
2024-03-05 00:00:00+08:00,0.6790000200271606,0.6819999814033508,0.6759999990463257,0.6819999814033508,22279224,0.0,0.0
2024-03-06 00:00:00+08:00,0.6809999942779541,0.6919999718666077,0.6800000071525574,0.6869999766349792,18086276,0.0,0.0
2024-03-07 00:00:00+08:00,0.6880000233650208,0.6940000057220459,0.6840000152587891,0.6859999895095825,20734961,0.0,0.0
2024-03-08 00:00:00+08:00,0.6840000152587891,0.6919999718666077,0.6840000152587891,0.6919999718666077,16592314,0.0,0.0
2024-03-11 00:00:00+08:00,0.6940000057220459,0.7120000123977661,0.6940000057220459,0.7110000252723694,23309680,0.0,0.0
2024-03-12 00:00:00+08:00,0.7120000123977661,0.7139999866485596,0.7049999833106995,0.7070000171661377,18158818,0.0,0.0
2024-03-13 00:00:00+08:00,0.7059999704360962,0.7080000042915344,0.7020000219345093,0.7059999704360962,15129827,0.0,0.0
2024-03-14 00:00:00+08:00,0.7059999704360962,0.7149999737739563,0.7020000219345093,0.7070000171661377,11471211,0.0,0.0
2024-03-15 00:00:00+08:00,0.7049999833106995,0.7110000252723694,0.6970000267028809,0.7099999785423279,22847162,0.0,0.0
2024-03-18 00:00:00+08:00,0.7110000252723694,0.7210000157356262,0.7110000252723694,0.7200000286102295,22751437,0.0,0.0
2024-03-19 00:00:00+08:00,0.7179999947547913,0.722000002861023,0.7129999995231628,0.7139999866485596,26205415,0.0,0.0
2024-03-20 00:00:00+08:00,0.7139999866485596,0.7149999737739563,0.7099999785423279,0.7129999995231628,22397836,0.0,0.0
2024-03-21 00:00:00+08:00,0.7129999995231628,0.7160000205039978,0.7080000042915344,0.7089999914169312,17277921,0.0,0.0
2024-03-22 00:00:00+08:00,0.7070000171661377,0.7070000171661377,0.6949999928474426,0.6980000138282776,13645723,0.0,0.0
2024-03-25 00:00:00+08:00,0.6980000138282776,0.7049999833106995,0.6959999799728394,0.6970000267028809,17335565,0.0,0.0
2024-03-26 00:00:00+08:00,0.6980000138282776,0.7049999833106995,0.6949999928474426,0.7039999961853027,18480245,0.0,0.0
2024-03-27 00:00:00+08:00,0.7039999961853027,0.7039999961853027,0.6949999928474426,0.6949999928474426,19146812,0.0,0.0
2024-03-28 00:00:00+08:00,0.6949999928474426,0.7049999833106995,0.6919999718666077,0.6990000009536743,12207820,0.0,0.0
2024-03-29 00:00:00+08:00,0.6990000009536743,0.7099999785423279,0.6990000009536743,0.7059999704360962,7880103,0.0,0.0
2024-04-01 00:00:00+08:00,0.7099999785423279,0.7250000238418579,0.7099999785423279,0.7229999899864197,22864020,0.0,0.0
2024-04-02 00:00:00+08:00,0.7229999899864197,0.7269999980926514,0.7210000157356262,0.7250000238418579,21612113,0.0,0.0
2024-04-03 00:00:00+08:00,0.7260000109672546,0.7289999723434448,0.7210000157356262,0.7269999980926514,12989614,0.0,0.0
2024-04-08 00:00:00+08:00,0.7260000109672546,0.734000027179718,0.7229999899864197,0.7229999899864197,22638513,0.0,0.0
2024-04-09 00:00:00+08:00,0.7229999899864197,0.7269999980926514,0.7200000286102295,0.7239999771118164,7366027,0.0,0.0
2024-04-10 00:00:00+08:00,0.7239999771118164,0.7260000109672546,0.718999981880188,0.7210000157356262,20541857,0.0,0.0
2024-04-11 00:00:00+08:00,0.7200000286102295,0.7279999852180481,0.7149999737739563,0.7250000238418579,13519121,0.0,0.0
2024-04-12 00:00:00+08:00,0.7229999899864197,0.7269999980926514,0.7160000205039978,0.7170000076293945,11749662,0.0,0.0
2024-04-15 00:00:00+08:00,0.7170000076293945,0.7319999933242798,0.7170000076293945,0.7310000061988831,20998571,0.0,0.0
2024-04-16 00:00:00+08:00,0.7300000190734863,0.7310000061988831,0.7170000076293945,0.7179999947547913,16087143,0.0,0.0
2024-04-17 00:00:00+08:00,0.7179999947547913,0.7289999723434448,0.7170000076293945,0.7279999852180481,14637458,0.0,0.0
2024-04-18 00:00:00+08:00,0.7260000109672546,0.734000027179718,0.7229999899864197,0.7289999723434448,10932636,0.0,0.0
2024-04-19 00:00:00+08:00,0.7289999723434448,0.7310000061988831,0.7200000286102295,0.7229999899864197,17273009,0.0,0.0
2024-04-22 00:00:00+08:00,0.722000002861023,0.7300000190734863,0.7160000205039978,0.7160000205039978,8098810,0.0,0.0
2024-04-23 00:00:00+08:00,0.7160000205039978,0.7160000205039978,0.7020000219345093,0.7020000219345093,16926319,0.0,0.0
2024-04-24 00:00:00+08:00,0.7049999833106995,0.7049999833106995,0.699999988079071,0.7039999961853027,15107343,0.0,0.0
2024-04-25 00:00:00+08:00,0.7039999961853027,0.7089999914169312,0.6980000138282776,0.7070000171661377,11944426,0.0,0.0
2024-04-26 00:00:00+08:00,0.7039999961853027,0.7200000286102295,0.7020000219345093,0.718999981880188,15999775,0.0,0.0
2024-04-29 00:00:00+08:00,0.718999981880188,0.7350000143051147,0.718999981880188,0.7310000061988831,18666156,0.0,0.0
2024-04-30 00:00:00+08:00,0.7310000061988831,0.734000027179718,0.7250000238418579,0.7260000109672546,5068079,0.0,0.0
2024-05-06 00:00:00+08:00,0.7279999852180481,0.7369999885559082,0.7279999852180481,0.7369999885559082,17187294,0.0,0.0
2024-05-07 00:00:00+08:00,0.7360000014305115,0.7390000224113464,0.734000027179718,0.7350000143051147,9302007,0.0,0.0
2024-05-08 00:00:00+08:00,0.7350000143051147,0.7350000143051147,0.7269999980926514,0.7269999980926514,10069617,0.0,0.0
2024-05-09 00:00:00+08:00,0.7279999852180481,0.7419999837875366,0.7279999852180481,0.7379999756813049,18070948,0.0,0.0
2024-05-10 00:00:00+08:00,0.7390000224113464,0.7419999837875366,0.7329999804496765,0.7379999756813049,11741016,0.0,0.0
2024-05-13 00:00:00+08:00,0.7350000143051147,0.7390000224113464,0.7279999852180481,0.7360000014305115,11055728,0.0,0.0
2024-05-14 00:00:00+08:00,0.7360000014305115,0.7390000224113464,0.7329999804496765,0.734000027179718,10617003,0.0,0.0
2024-05-15 00:00:00+08:00,0.7369999885559082,0.7390000224113464,0.7260000109672546,0.7260000109672546,12262507,0.0,0.0
2024-05-16 00:00:00+08:00,0.7260000109672546,0.7300000190734863,0.7239999771118164,0.7260000109672546,12822424,0.0,0.0
2024-05-17 00:00:00+08:00,0.7250000238418579,0.7319999933242798,0.722000002861023,0.7319999933242798,15282513,0.0,0.0
2024-05-20 00:00:00+08:00,0.7319999933242798,0.7400000095367432,0.7319999933242798,0.7390000224113464,12799239,0.0,0.0
2024-05-21 00:00:00+08:00,0.7369999885559082,0.7369999885559082,0.7260000109672546,0.7279999852180481,8840025,0.0,0.0
2024-05-22 00:00:00+08:00,0.7279999852180481,0.7400000095367432,0.7279999852180481,0.7369999885559082,20131323,0.0,0.0
2024-05-23 00:00:00+08:00,0.7360000014305115,0.7360000014305115,0.7229999899864197,0.7250000238418579,12740308,0.0,0.0
2024-05-24 00:00:00+08:00,0.7229999899864197,0.7289999723434448,0.7210000157356262,0.7210000157356262,13824916,0.0,0.0
2024-05-27 00:00:00+08:00,0.7210000157356262,0.7260000109672546,0.718999981880188,0.7260000109672546,13552660,0.0,0.0
2024-05-28 00:00:00+08:00,0.7260000109672546,0.7269999980926514,0.7210000157356262,0.7210000157356262,8442437,0.0,0.0
2024-05-29 00:00:00+08:00,0.7200000286102295,0.734000027179718,0.7200000286102295,0.7319999933242798,18851308,0.0,0.0
2024-05-30 00:00:00+08:00,0.7310000061988831,0.7360000014305115,0.7260000109672546,0.7279999852180481,14345403,0.0,0.0
2024-05-31 00:00:00+08:00,0.7279999852180481,0.7310000061988831,0.7229999899864197,0.7229999899864197,13826030,0.0,0.0
2024-06-03 00:00:00+08:00,0.7229999899864197,0.7269999980926514,0.718999981880188,0.7250000238418579,13292507,0.0,0.0
2024-06-04 00:00:00+08:00,0.7260000109672546,0.7360000014305115,0.7239999771118164,0.7350000143051147,14365250,0.0,0.0
2024-06-05 00:00:00+08:00,0.7350000143051147,0.7369999885559082,0.7289999723434448,0.7289999723434448,10424743,0.0,0.0
2024-06-06 00:00:00+08:00,0.734000027179718,0.7379999756813049,0.7260000109672546,0.7279999852180481,13710748,0.0,0.0
2024-06-07 00:00:00+08:00,0.7279999852180481,0.7300000190734863,0.7160000205039978,0.7250000238418579,15762625,0.0,0.0
2024-06-11 00:00:00+08:00,0.7229999899864197,0.7229999899864197,0.7120000123977661,0.7170000076293945,11623347,0.0,0.0
2024-06-12 00:00:00+08:00,0.7160000205039978,0.7170000076293945,0.7129999995231628,0.7170000076293945,12537400,0.0,0.0
2024-06-13 00:00:00+08:00,0.7160000205039978,0.7210000157356262,0.7120000123977661,0.7139999866485596,10995810,0.0,0.0
2024-06-14 00:00:00+08:00,0.7120000123977661,0.7139999866485596,0.7070000171661377,0.7129999995231628,15297941,0.0,0.0
2024-06-17 00:00:00+08:00,0.7110000252723694,0.7160000205039978,0.7080000042915344,0.7120000123977661,15212636,0.0,0.0
2024-06-18 00:00:00+08:00,0.7110000252723694,0.7149999737739563,0.7089999914169312,0.7149999737739563,10777416,0.0,0.0
2024-06-19 00:00:00+08:00,0.7120000123977661,0.7149999737739563,0.7099999785423279,0.7110000252723694,9606709,0.0,0.0
2024-06-20 00:00:00+08:00,0.7080000042915344,0.7110000252723694,0.703000009059906,0.7049999833106995,12915715,0.0,0.0
2024-06-21 00:00:00+08:00,0.703000009059906,0.7070000171661377,0.6980000138282776,0.7020000219345093,16030659,0.0,0.0
2024-06-24 00:00:00+08:00,0.7009999752044678,0.7039999961853027,0.6959999799728394,0.6980000138282776,15539333,0.0,0.0
2024-06-25 00:00:00+08:00,0.6980000138282776,0.6990000009536743,0.6919999718666077,0.6949999928474426,19900903,0.0,0.0
2024-06-26 00:00:00+08:00,0.6949999928474426,0.6990000009536743,0.6880000233650208,0.6990000009536743,15046230,0.0,0.0
2024-06-27 00:00:00+08:00,0.699999988079071,0.699999988079071,0.6880000233650208,0.6890000104904175,13409413,0.0,0.0
2024-06-28 00:00:00+08:00,0.6880000233650208,0.6949999928474426,0.6859999895095825,0.6909999847412109,10693122,0.0,0.0
2024-07-01 00:00:00+08:00,0.6909999847412109,0.6959999799728394,0.6880000233650208,0.6959999799728394,15162010,0.0,0.0
2024-07-02 00:00:00+08:00,0.6959999799728394,0.6959999799728394,0.6899999976158142,0.6899999976158142,8725508,0.0,0.0
2024-07-03 00:00:00+08:00,0.6899999976158142,0.6949999928474426,0.6880000233650208,0.6919999718666077,9172411,0.0,0.0
2024-07-04 00:00:00+08:00,0.6959999799728394,0.6980000138282776,0.6880000233650208,0.6890000104904175,13705315,0.0,0.0
2024-07-05 00:00:00+08:00,0.6890000104904175,0.6909999847412109,0.6819999814033508,0.6899999976158142,19922815,0.0,0.0
2024-07-08 00:00:00+08:00,0.6909999847412109,0.6909999847412109,0.6830000281333923,0.6830000281333923,11323834,0.0,0.0
2024-07-09 00:00:00+08:00,0.6830000281333923,0.6919999718666077,0.6779999732971191,0.6890000104904175,14812212,0.0,0.0
2024-07-10 00:00:00+08:00,0.6890000104904175,0.6940000057220459,0.6840000152587891,0.6840000152587891,6861807,0.0,0.0
2024-07-11 00:00:00+08:00,0.6859999895095825,0.699999988079071,0.6859999895095825,0.6990000009536743,11032515,0.0,0.0
2024-07-12 00:00:00+08:00,0.6990000009536743,0.7009999752044678,0.6970000267028809,0.6980000138282776,7699809,0.0,0.0
2024-07-15 00:00:00+08:00,0.6980000138282776,0.7009999752044678,0.6949999928474426,0.6980000138282776,6886708,0.0,0.0
2024-07-16 00:00:00+08:00,0.6970000267028809,0.7049999833106995,0.6970000267028809,0.7039999961853027,14496037,0.0,0.0
2024-07-17 00:00:00+08:00,0.703000009059906,0.7049999833106995,0.6990000009536743,0.7009999752044678,7401606,0.0,0.0
2024-07-18 00:00:00+08:00,0.6980000138282776,0.7080000042915344,0.6949999928474426,0.7070000171661377,13713629,0.0,0.0
2024-07-19 00:00:00+08:00,0.703000009059906,0.7089999914169312,0.6990000009536743,0.7089999914169312,10357705,0.0,0.0
2024-07-22 00:00:00+08:00,0.7099999785423279,0.7099999785423279,0.7009999752044678,0.7049999833106995,6719323,0.0,0.0
2024-07-23 00:00:00+08:00,0.7049999833106995,0.7049999833106995,0.6880000233650208,0.6880000233650208,12939502,0.0,0.0
2024-07-24 00:00:00+08:00,0.6880000233650208,0.6909999847412109,0.6830000281333923,0.6850000023841858,11485020,0.0,0.0
2024-07-25 00:00:00+08:00,0.6859999895095825,0.6880000233650208,0.6790000200271606,0.6830000281333923,14278347,0.0,0.0
2024-07-26 00:00:00+08:00,0.6850000023841858,0.6919999718666077,0.6850000023841858,0.6880000233650208,11744403,0.0,0.0
2024-07-29 00:00:00+08:00,0.6830000281333923,0.6880000233650208,0.6800000071525574,0.6809999942779541,8587236,0.0,0.0
2024-07-30 00:00:00+08:00,0.6800000071525574,0.6800000071525574,0.6729999780654907,0.6759999990463257,9849604,0.0,0.0
2024-07-31 00:00:00+08:00,0.6759999990463257,0.6890000104904175,0.6729999780654907,0.6880000233650208,11103001,0.0,0.0
2024-08-01 00:00:00+08:00,0.6899999976158142,0.6899999976158142,0.6819999814033508,0.6830000281333923,7392102,0.0,0.0
2024-08-02 00:00:00+08:00,0.6830000281333923,0.6830000281333923,0.6710000038146973,0.6729999780654907,8904703,0.0,0.0
2024-08-05 00:00:00+08:00,0.6729999780654907,0.6759999990463257,0.6629999876022339,0.6639999747276306,12482602,0.0,0.0
2024-08-06 00:00:00+08:00,0.6639999747276306,0.6710000038146973,0.6600000262260437,0.6650000214576721,8735801,0.0,0.0
2024-08-07 00:00:00+08:00,0.6639999747276306,0.6700000166893005,0.6620000004768372,0.6660000085830688,12037328,0.0,0.0
2024-08-08 00:00:00+08:00,0.6660000085830688,0.6669999957084656,0.6600000262260437,0.6639999747276306,12289723,0.0,0.0
2024-08-09 00:00:00+08:00,0.6639999747276306,0.6710000038146973,0.6610000133514404,0.6620000004768372,10300007,0.0,0.0
2024-08-12 00:00:00+08:00,0.6610000133514404,0.6639999747276306,0.656000018119812,0.6570000052452087,10444907,0.0,0.0
2024-08-13 00:00:00+08:00,0.6629999876022339,0.6629999876022339,0.6539999842643738,0.6600000262260437,15787047,0.0,0.0
2024-08-14 00:00:00+08:00,0.6610000133514404,0.6620000004768372,0.6110000014305115,0.6549999713897705,13649217,0.0,0.0
2024-08-15 00:00:00+08:00,0.652999997138977,0.6639999747276306,0.652999997138977,0.6610000133514404,17551232,0.0,0.0
2024-08-16 00:00:00+08:00,0.6629999876022339,0.6639999747276306,0.6589999794960022,0.6589999794960022,14871092,0.0,0.0
2024-08-19 00:00:00+08:00,0.6589999794960022,0.6669999957084656,0.6589999794960022,0.6610000133514404,13306985,0.0,0.0
2024-08-20 00:00:00+08:00,0.6620000004768372,0.6620000004768372,0.6539999842643738,0.6549999713897705,14613917,0.0,0.0
2024-08-21 00:00:00+08:00,0.652999997138977,0.6570000052452087,0.6499999761581421,0.6549999713897705,12011916,0.0,0.0
2024-08-22 00:00:00+08:00,0.6570000052452087,0.6570000052452087,0.6520000100135803,0.6539999842643738,10323916,0.0,0.0
2024-08-23 00:00:00+08:00,0.6520000100135803,0.656000018119812,0.6510000228881836,0.652999997138977,14220341,0.0,0.0
2024-08-26 00:00:00+08:00,0.652999997138977,0.6600000262260437,0.652999997138977,0.6570000052452087,14519425,0.0,0.0
2024-08-27 00:00:00+08:00,0.6549999713897705,0.6570000052452087,0.6510000228881836,0.6539999842643738,17365604,0.0,0.0
2024-08-28 00:00:00+08:00,0.652999997138977,0.6549999713897705,0.6499999761581421,0.6510000228881836,21569532,0.0,0.0
2024-08-29 00:00:00+08:00,0.6489999890327454,0.6579999923706055,0.6470000147819519,0.6539999842643738,9680113,0.0,0.0
2024-08-30 00:00:00+08:00,0.652999997138977,0.6690000295639038,0.652999997138977,0.6639999747276306,17493103,0.0,0.0
2024-09-02 00:00:00+08:00,0.6629999876022339,0.6629999876022339,0.6520000100135803,0.6520000100135803,9276016,0.0,0.0
2024-09-03 00:00:00+08:00,0.6520000100135803,0.6579999923706055,0.6520000100135803,0.6549999713897705,15015710,0.0,0.0
2024-09-04 00:00:00+08:00,0.652999997138977,0.656000018119812,0.6489999890327454,0.6520000100135803,12164616,0.0,0.0
2024-09-05 00:00:00+08:00,0.6549999713897705,0.6570000052452087,0.6499999761581421,0.652999997138977,13535818,0.0,0.0
2024-09-06 00:00:00+08:00,0.652999997138977,0.6539999842643738,0.6460000276565552,0.6489999890327454,14133703,0.0,0.0
2024-09-09 00:00:00+08:00,0.6489999890327454,0.6489999890327454,0.6380000114440918,0.6399999856948853,13284957,0.0,0.0
2024-09-10 00:00:00+08:00,0.6420000195503235,0.6420000195503235,0.6320000290870667,0.6380000114440918,16338628,0.0,0.0
2024-09-11 00:00:00+08:00,0.6359999775886536,0.640999972820282,0.6349999904632568,0.6380000114440918,22196973,0.0,0.0
2024-09-12 00:00:00+08:00,0.6399999856948853,0.6470000147819519,0.6380000114440918,0.6389999985694885,16400115,0.0,0.0
2024-09-13 00:00:00+08:00,0.6389999985694885,0.640999972820282,0.6340000033378601,0.6340000033378601,15964313,0.0,0.0
2024-09-18 00:00:00+08:00,0.6430000066757202,0.6439999938011169,0.6320000290870667,0.6359999775886536,13727358,0.0,0.0
2024-09-19 00:00:00+08:00,0.6389999985694885,0.6489999890327454,0.6330000162124634,0.6449999809265137,15523009,0.0,0.0
2024-09-20 00:00:00+08:00,0.6439999938011169,0.6460000276565552,0.6389999985694885,0.6439999938011169,12143445,0.0,0.0
2024-09-23 00:00:00+08:00,0.6439999938011169,0.6470000147819519,0.6430000066757202,0.6439999938011169,27568133,0.0,0.0
2024-09-24 00:00:00+08:00,0.6460000276565552,0.6710000038146973,0.6460000276565552,0.6710000038146973,26484644,0.0,0.0
2024-09-25 00:00:00+08:00,0.6800000071525574,0.6970000267028809,0.6800000071525574,0.6809999942779541,19475539,0.0,0.0
2024-09-26 00:00:00+08:00,0.6850000023841858,0.699999988079071,0.6779999732971191,0.699999988079071,17598160,0.0,0.0
2024-09-27 00:00:00+08:00,0.703000009059906,0.7440000176429749,0.703000009059906,0.734000027179718,17460426,0.0,0.0
2024-09-30 00:00:00+08:00,0.7450000047683716,0.8069999814033508,0.7450000047683716,0.8009999990463257,55082238,0.0,0.0
2024-10-08 00:00:00+08:00,0.8809999823570251,0.8809999823570251,0.8130000233650208,0.8510000109672546,39948341,0.0,0.0
2024-10-09 00:00:00+08:00,0.843999981880188,0.843999981880188,0.7749999761581421,0.7749999761581421,32703807,0.0,0.0
2024-10-10 00:00:00+08:00,0.7799999713897705,0.8050000071525574,0.7720000147819519,0.7889999747276306,25218807,0.0,0.0
2024-10-11 00:00:00+08:00,0.7889999747276306,0.7889999747276306,0.7519999742507935,0.7609999775886536,17417264,0.0,0.0
2024-10-14 00:00:00+08:00,0.7599999904632568,0.7770000100135803,0.7599999904632568,0.7739999890327454,17877953,0.0,0.0
2024-10-15 00:00:00+08:00,0.7699999809265137,0.7720000147819519,0.753000020980835,0.7559999823570251,20013695,0.0,0.0
2024-10-16 00:00:00+08:00,0.7549999952316284,0.7549999952316284,0.7419999837875366,0.7459999918937683,15778409,0.0,0.0
2024-10-17 00:00:00+08:00,0.7459999918937683,0.7509999871253967,0.7329999804496765,0.734000027179718,14246837,0.0,0.0
2024-10-18 00:00:00+08:00,0.7329999804496765,0.7749999761581421,0.7319999933242798,0.7590000033378601,27179516,0.0,0.0
2024-10-21 00:00:00+08:00,0.7599999904632568,0.777999997138977,0.7599999904632568,0.7689999938011169,16732772,0.0,0.0
2024-10-22 00:00:00+08:00,0.7689999938011169,0.7770000100135803,0.7630000114440918,0.7749999761581421,20537752,0.0,0.0
2024-10-23 00:00:00+08:00,0.7749999761581421,0.7940000295639038,0.7710000276565552,0.7860000133514404,22333556,0.0,0.0
2024-10-24 00:00:00+08:00,0.7829999923706055,0.7829999923706055,0.7699999809265137,0.7730000019073486,17423637,0.0,0.0
2024-10-25 00:00:00+08:00,0.7730000019073486,0.800000011920929,0.7730000019073486,0.7919999957084656,20920046,0.0,0.0
2024-10-28 00:00:00+08:00,0.7919999957084656,0.7940000295639038,0.7839999794960022,0.7940000295639038,10267059,0.0,0.0
2024-10-29 00:00:00+08:00,0.7960000038146973,0.800000011920929,0.781000018119812,0.7820000052452087,19495296,0.0,0.0
2024-10-30 00:00:00+08:00,0.7760000228881836,0.7839999794960022,0.7720000147819519,0.7770000100135803,15071475,0.0,0.0
2024-10-31 00:00:00+08:00,0.777999997138977,0.7860000133514404,0.7739999890327454,0.781000018119812,21396349,0.0,0.0
2024-11-01 00:00:00+08:00,0.781000018119812,0.7900000214576721,0.7749999761581421,0.7799999713897705,23923503,0.0,0.0
2024-11-04 00:00:00+08:00,0.777999997138977,0.7900000214576721,0.777999997138977,0.7900000214576721,23334262,0.0,0.0
2024-11-05 00:00:00+08:00,0.7889999747276306,0.8080000281333923,0.7850000262260437,0.8059999942779541,34588405,0.0,0.0
2024-11-06 00:00:00+08:00,0.8080000281333923,0.8190000057220459,0.7979999780654907,0.8029999732971191,24904993,0.0,0.0
2024-11-07 00:00:00+08:00,0.8019999861717224,0.8109999895095825,0.7910000085830688,0.8100000023841858,27327918,0.0,0.0
2024-11-08 00:00:00+08:00,0.8140000104904175,0.824999988079071,0.8029999732971191,0.8059999942779541,24672017,0.0,0.0
2024-11-11 00:00:00+08:00,0.8059999942779541,0.8180000185966492,0.796999990940094,0.8169999718666077,30448279,0.0,0.0
2024-11-12 00:00:00+08:00,0.8169999718666077,0.8330000042915344,0.8050000071525574,0.8109999895095825,28045295,0.0,0.0
2024-11-13 00:00:00+08:00,0.8100000023841858,0.8169999718666077,0.8019999861717224,0.8159999847412109,20145316,0.0,0.0
2024-11-14 00:00:00+08:00,0.8159999847412109,0.8159999847412109,0.796999990940094,0.7990000247955322,16726837,0.0,0.0
2024-11-15 00:00:00+08:00,0.7900000214576721,0.8050000071525574,0.781000018119812,0.781000018119812,12725545,0.0,0.0
2024-11-18 00:00:00+08:00,0.7839999794960022,0.7919999957084656,0.7739999890327454,0.7770000100135803,8710349,0.0,0.0
2024-11-19 00:00:00+08:00,0.7770000100135803,0.7910000085830688,0.7720000147819519,0.7889999747276306,9334611,0.0,0.0
2024-11-20 00:00:00+08:00,0.7900000214576721,0.7929999828338623,0.7839999794960022,0.7900000214576721,8481954,0.0,0.0
2024-11-21 00:00:00+08:00,0.7919999957084656,0.7950000166893005,0.7879999876022339,0.7919999957084656,10796546,0.0,0.0
2024-11-22 00:00:00+08:00,0.7900000214576721,0.7919999957084656,0.7680000066757202,0.7689999938011169,15370507,0.0,0.0
2024-11-25 00:00:00+08:00,0.765999972820282,0.777999997138977,0.7620000243186951,0.7689999938011169,8054621,0.0,0.0
2024-11-26 00:00:00+08:00,0.7710000276565552,0.7710000276565552,0.7599999904632568,0.7609999775886536,10710312,0.0,0.0
2024-11-27 00:00:00+08:00,0.7570000290870667,0.7710000276565552,0.7519999742507935,0.7710000276565552,11283216,0.0,0.0
2024-11-28 00:00:00+08:00,0.7710000276565552,0.7710000276565552,0.7620000243186951,0.7639999985694885,8577021,0.0,0.0
2024-11-29 00:00:00+08:00,0.7620000243186951,0.7789999842643738,0.7620000243186951,0.7710000276565552,11472358,0.0,0.0
2024-12-02 00:00:00+08:00,0.7739999890327454,0.7820000052452087,0.7680000066757202,0.7799999713897705,13269935,0.0,0.0
2024-12-03 00:00:00+08:00,0.781000018119812,0.7829999923706055,0.7760000228881836,0.7820000052452087,12328316,0.0,0.0
2024-12-04 00:00:00+08:00,0.7799999713897705,0.7799999713897705,0.7730000019073486,0.7749999761581421,13593614,0.0,0.0
2024-12-05 00:00:00+08:00,0.7749999761581421,0.7749999761581421,0.7670000195503235,0.7699999809265137,13948814,0.0,0.0
2024-12-06 00:00:00+08:00,0.7699999809265137,0.7820000052452087,0.7649999856948853,0.7789999842643738,12124684,0.0,0.0
2024-12-09 00:00:00+08:00,0.7799999713897705,0.7839999794960022,0.7749999761581421,0.7799999713897705,9078933,0.0,0.0
2024-12-10 00:00:00+08:00,0.7979999780654907,0.8019999861717224,0.777999997138977,0.7799999713897705,14766889,0.0,0.0
2024-12-11 00:00:00+08:00,0.7789999842643738,0.7839999794960022,0.7789999842643738,0.781000018119812,15282332,0.0,0.0
2024-12-12 00:00:00+08:00,0.781000018119812,0.7900000214576721,0.777999997138977,0.7860000133514404,17682180,0.0,0.0
2024-12-13 00:00:00+08:00,0.7820000052452087,0.7820000052452087,0.7710000276565552,0.7720000147819519,14193223,0.0,0.0
2024-12-16 00:00:00+08:00,0.7710000276565552,0.7730000019073486,0.7639999985694885,0.7670000195503235,11056612,0.0,0.0
2024-12-17 00:00:00+08:00,0.7680000066757202,0.7749999761581421,0.7639999985694885,0.7680000066757202,14697530,0.0,0.0
2024-12-18 00:00:00+08:00,0.7720000147819519,0.7749999761581421,0.7670000195503235,0.7699999809265137,14060311,0.0,0.0
2024-12-19 00:00:00+08:00,0.7689999938011169,0.7689999938011169,0.7590000033378601,0.7670000195503235,13851423,0.0,0.0
2024-12-20 00:00:00+08:00,0.7649999856948853,0.7649999856948853,0.7570000290870667,0.7590000033378601,10458744,0.0,0.0
2024-12-23 00:00:00+08:00,0.7580000162124634,0.7670000195503235,0.7580000162124634,0.7609999775886536,12821211,0.0,0.0
2024-12-24 00:00:00+08:00,0.7620000243186951,0.7710000276565552,0.7620000243186951,0.7699999809265137,14715331,0.0,0.0
2024-12-25 00:00:00+08:00,0.7689999938011169,0.7730000019073486,0.7639999985694885,0.7680000066757202,14480105,0.0,0.0
2024-12-26 00:00:00+08:00,0.7739999890327454,0.7739999890327454,0.7620000243186951,0.7639999985694885,9737206,0.0,0.0
2024-12-27 00:00:00+08:00,0.7639999985694885,0.765999972820282,0.7599999904632568,0.7620000243186951,10604931,0.0,0.0
2024-12-30 00:00:00+08:00,0.7630000114440918,0.7680000066757202,0.7620000243186951,0.7649999856948853,8936109,0.0,0.0
2024-12-31 00:00:00+08:00,0.765999972820282,0.765999972820282,0.7540000081062317,0.7540000081062317,11470808,0.0,0.0
2025-01-02 00:00:00+08:00,0.7559999823570251,0.7559999823570251,0.7329999804496765,0.7369999885559082,27157323,0.0,0.0
2025-01-03 00:00:00+08:00,0.7390000224113464,0.7450000047683716,0.7289999723434448,0.7300000190734863,14966710,0.0,0.0
2025-01-06 00:00:00+08:00,0.7300000190734863,0.7369999885559082,0.7269999980926514,0.7319999933242798,11303247,0.0,0.0
2025-01-07 00:00:00+08:00,0.7300000190734863,0.7350000143051147,0.7250000238418579,0.7329999804496765,11209801,0.0,0.0
2025-01-08 00:00:00+08:00,0.7310000061988831,0.7329999804496765,0.718999981880188,0.7279999852180481,12993364,0.0,0.0
2025-01-09 00:00:00+08:00,0.7250000238418579,0.7300000190734863,0.7250000238418579,0.7279999852180481,9965112,0.0,0.0
2025-01-10 00:00:00+08:00,0.7310000061988831,0.7310000061988831,0.7210000157356262,0.722000002861023,10087717,0.0,0.0
2025-01-13 00:00:00+08:00,0.722000002861023,0.7269999980926514,0.7160000205039978,0.7239999771118164,12206707,0.0,0.0
2025-01-14 00:00:00+08:00,0.7239999771118164,0.7419999837875366,0.7229999899864197,0.7409999966621399,13586829,0.0,0.0
2025-01-15 00:00:00+08:00,0.7379999756813049,0.7400000095367432,0.7329999804496765,0.734000027179718,9097903,0.0,0.0
2025-01-16 00:00:00+08:00,0.7419999837875366,0.7419999837875366,0.734000027179718,0.7379999756813049,13026352,0.0,0.0
2025-01-17 00:00:00+08:00,0.7390000224113464,0.7440000176429749,0.7350000143051147,0.7400000095367432,9447803,0.0,0.0
2025-01-20 00:00:00+08:00,0.7419999837875366,0.7490000128746033,0.7419999837875366,0.7459999918937683,9552235,0.0,0.0
2025-01-21 00:00:00+08:00,0.746999979019165,0.7490000128746033,0.7419999837875366,0.7440000176429749,12869102,0.0,0.0
2025-01-22 00:00:00+08:00,0.7419999837875366,0.7419999837875366,0.7329999804496765,0.7360000014305115,12376902,0.0,0.0
2025-01-23 00:00:00+08:00,0.7390000224113464,0.7459999918937683,0.734000027179718,0.734000027179718,19170607,0.0,0.0
2025-01-24 00:00:00+08:00,0.734000027179718,0.7440000176429749,0.734000027179718,0.7400000095367432,10504711,0.0,0.0
2025-01-27 00:00:00+08:00,0.7409999966621399,0.746999979019165,0.7409999966621399,0.7419999837875366,14698007,0.0,0.0
2025-02-05 00:00:00+08:00,0.7429999709129333,0.746999979019165,0.7369999885559082,0.7390000224113464,10074518,0.0,0.0
2025-02-06 00:00:00+08:00,0.7390000224113464,0.753000020980835,0.7360000014305115,0.753000020980835,18922311,0.0,0.0
2025-02-07 00:00:00+08:00,0.7540000081062317,0.7689999938011169,0.7509999871253967,0.765999972820282,21343740,0.0,0.0
2025-02-10 00:00:00+08:00,0.7670000195503235,0.7670000195503235,0.7580000162124634,0.7649999856948853,33169652,0.0,0.0
2025-02-11 00:00:00+08:00,0.765999972820282,0.7670000195503235,0.7580000162124634,0.7599999904632568,15007909,0.0,0.0
2025-02-12 00:00:00+08:00,0.7570000290870667,0.7649999856948853,0.7540000081062317,0.7649999856948853,11460564,0.0,0.0
2025-02-13 00:00:00+08:00,0.7630000114440918,0.7699999809265137,0.7630000114440918,0.7639999985694885,10086637,0.0,0.0
2025-02-14 00:00:00+08:00,0.7639999985694885,0.7720000147819519,0.7639999985694885,0.7680000066757202,22374636,0.0,0.0
2025-02-17 00:00:00+08:00,0.7680000066757202,0.7699999809265137,0.7599999904632568,0.7649999856948853,11194198,0.0,0.0
2025-02-18 00:00:00+08:00,0.765999972820282,0.7739999890327454,0.7609999775886536,0.7630000114440918,9313607,0.0,0.0
2025-02-19 00:00:00+08:00,0.7630000114440918,0.7699999809265137,0.7609999775886536,0.7689999938011169,19137958,0.0,0.0
2025-02-20 00:00:00+08:00,0.7680000066757202,0.7689999938011169,0.7620000243186951,0.7680000066757202,10910948,0.0,0.0
2025-02-21 00:00:00+08:00,0.765999972820282,0.7739999890327454,0.765999972820282,0.7720000147819519,15149914,0.0,0.0
2025-02-24 00:00:00+08:00,0.7720000147819519,0.7760000228881836,0.7689999938011169,0.7739999890327454,14746462,0.0,0.0
2025-02-25 00:00:00+08:00,0.7670000195503235,0.7730000019073486,0.7639999985694885,0.7670000195503235,16852418,0.0,0.0
2025-02-26 00:00:00+08:00,0.7699999809265137,0.777999997138977,0.7699999809265137,0.777999997138977,21577035,0.0,0.0
2025-02-27 00:00:00+08:00,0.7789999842643738,0.7789999842643738,0.7710000276565552,0.7760000228881836,13604655,0.0,0.0
2025-02-28 00:00:00+08:00,0.7770000100135803,0.7789999842643738,0.7620000243186951,0.7630000114440918,14239652,0.0,0.0
2025-03-03 00:00:00+08:00,0.7630000114440918,0.7820000052452087,0.7630000114440918,0.7739999890327454,18251523,0.0,0.0
2025-03-04 00:00:00+08:00,0.7689999938011169,0.7699999809265137,0.7630000114440918,0.7689999938011169,6775439,0.0,0.0
2025-03-05 00:00:00+08:00,0.7680000066757202,0.7689999938011169,0.7630000114440918,0.7689999938011169,6750513,0.0,0.0
2025-03-06 00:00:00+08:00,0.7720000147819519,0.7760000228881836,0.7699999809265137,0.7749999761581421,13737549,0.0,0.0
2025-03-07 00:00:00+08:00,0.7720000147819519,0.7789999842643738,0.7720000147819519,0.7739999890327454,13488123,0.0,0.0
2025-03-10 00:00:00+08:00,0.7720000147819519,0.7770000100135803,0.7689999938011169,0.7749999761581421,19566927,0.0,0.0
2025-03-11 00:00:00+08:00,0.7680000066757202,0.7749999761581421,0.765999972820282,0.7749999761581421,13604413,0.0,0.0
2025-03-12 00:00:00+08:00,0.7749999761581421,0.7789999842643738,0.7710000276565552,0.7739999890327454,12441540,0.0,0.0
2025-03-13 00:00:00+08:00,0.7739999890327454,0.777999997138977,0.7699999809265137,0.7739999890327454,16784716,0.0,0.0
2025-03-14 00:00:00+08:00,0.7720000147819519,0.7889999747276306,0.7720000147819519,0.7879999876022339,23647357,0.0,0.0
2025-03-17 00:00:00+08:00,0.7879999876022339,0.7940000295639038,0.7860000133514404,0.7879999876022339,17530631,0.0,0.0
2025-03-18 00:00:00+08:00,0.7889999747276306,0.7910000085830688,0.7879999876022339,0.7889999747276306,11684663,0.0,0.0
2025-03-19 00:00:00+08:00,0.7889999747276306,0.796999990940094,0.7870000004768372,0.7940000295639038,13588826,0.0,0.0
2025-03-20 00:00:00+08:00,0.7940000295639038,0.796999990940094,0.7919999957084656,0.7929999828338623,18018602,0.0,0.0
2025-03-21 00:00:00+08:00,0.7900000214576721,0.7919999957084656,0.7749999761581421,0.7760000228881836,12101404,0.0,0.0
2025-03-24 00:00:00+08:00,0.7730000019073486,0.7829999923706055,0.7730000019073486,0.7799999713897705,13126634,0.0,0.0
2025-03-25 00:00:00+08:00,0.781000018119812,0.7860000133514404,0.7789999842643738,0.7850000262260437,13104538,0.0,0.0
2025-03-26 00:00:00+08:00,0.7850000262260437,0.7889999747276306,0.7839999794960022,0.7839999794960022,12143062,0.0,0.0
2025-03-27 00:00:00+08:00,0.7799999713897705,0.7870000004768372,0.7770000100135803,0.781000018119812,16134207,0.0,0.0
2025-03-28 00:00:00+08:00,0.781000018119812,0.7829999923706055,0.7760000228881836,0.7789999842643738,14475213,0.0,0.0
2025-03-31 00:00:00+08:00,0.7760000228881836,0.777999997138977,0.7649999856948853,0.7680000066757202,10383650,0.0,0.0
2025-04-01 00:00:00+08:00,0.7680000066757202,0.7699999809265137,0.765999972820282,0.7680000066757202,8583209,0.0,0.0
2025-04-02 00:00:00+08:00,0.765999972820282,0.7670000195503235,0.7620000243186951,0.7639999985694885,8575200,0.0,0.0
2025-04-03 00:00:00+08:00,0.7639999985694885,0.7639999985694885,0.7549999952316284,0.7580000162124634,9003563,0.0,0.0
2025-04-07 00:00:00+08:00,0.7149999737739563,0.7319999933242798,0.6819999814033508,0.6840000152587891,18553461,0.0,0.0
2025-04-08 00:00:00+08:00,0.6840000152587891,0.7020000219345093,0.6840000152587891,0.7020000219345093,11202833,0.0,0.0
2025-04-09 00:00:00+08:00,0.6980000138282776,0.7070000171661377,0.6850000023841858,0.7039999961853027,11884005,0.0,0.0
2025-04-10 00:00:00+08:00,0.7129999995231628,0.7250000238418579,0.7129999995231628,0.718999981880188,11269707,0.0,0.0
2025-04-11 00:00:00+08:00,0.718999981880188,0.7260000109672546,0.7160000205039978,0.7229999899864197,9566119,0.0,0.0
2025-04-14 00:00:00+08:00,0.7300000190734863,0.7329999804496765,0.7269999980926514,0.7279999852180481,2546735,0.0,0.0
2025-04-15 00:00:00+08:00,0.7300000190734863,0.7300000190734863,0.7229999899864197,0.7279999852180481,11638905,0.0,0.0
2025-04-16 00:00:00+08:00,0.7229999899864197,0.7269999980926514,0.7160000205039978,0.722000002861023,15313304,0.0,0.0
2025-04-17 00:00:00+08:00,0.722000002861023,0.7250000238418579,0.7210000157356262,0.7229999899864197,11763919,0.0,0.0
2025-04-18 00:00:00+08:00,0.7200000286102295,0.7239999771118164,0.7179999947547913,0.7239999771118164,6882447,0.0,0.0
2025-04-21 00:00:00+08:00,0.7239999771118164,0.7319999933242798,0.7210000157356262,0.7310000061988831,11529108,0.0,0.0
2025-04-22 00:00:00+08:00,0.7310000061988831,0.734000027179718,0.7300000190734863,0.7319999933242798,4657612,0.0,0.0
2025-04-23 00:00:00+08:00,0.7310000061988831,0.7390000224113464,0.7310000061988831,0.7350000143051147,9259013,0.0,0.0
2025-04-24 00:00:00+08:00,0.7350000143051147,0.7390000224113464,0.7310000061988831,0.7329999804496765,7983100,0.0,0.0
2025-04-25 00:00:00+08:00,0.7350000143051147,0.7379999756813049,0.7329999804496765,0.7369999885559082,5452120,0.0,0.0
2025-04-28 00:00:00+08:00,0.7360000014305115,0.7360000014305115,0.7329999804496765,0.7350000143051147,8547617,0.0,0.0
2025-04-29 00:00:00+08:00,0.734000027179718,0.7350000143051147,0.7300000190734863,0.7319999933242798,4845101,0.0,0.0
2025-04-30 00:00:00+08:00,0.7310000061988831,0.734000027179718,0.7289999723434448,0.7300000190734863,10404938,0.0,0.0
2025-05-06 00:00:00+08:00,0.7300000190734863,0.7390000224113464,0.7300000190734863,0.7390000224113464,7718450,0.0,0.0
2025-05-07 00:00:00+08:00,0.7400000095367432,0.75,0.7400000095367432,0.7429999709129333,3630715,0.0,0.0
2025-05-08 00:00:00+08:00,0.7409999966621399,0.7509999871253967,0.7409999966621399,0.7450000047683716,6356314,0.0,0.0
2025-05-09 00:00:00+08:00,0.7459999918937683,0.7480000257492065,0.7429999709129333,0.7459999918937683,4927002,0.0,0.0
2025-05-12 00:00:00+08:00,0.7459999918937683,0.7590000033378601,0.7459999918937683,0.7580000162124634,6428007,0.0,0.0
2025-05-13 00:00:00+08:00,0.7609999775886536,0.7630000114440918,0.7580000162124634,0.7590000033378601,4375335,0.0,0.0
2025-05-14 00:00:00+08:00,0.7580000162124634,0.765999972820282,0.7570000290870667,0.7630000114440918,11678943,0.0,0.0
2025-05-15 00:00:00+08:00,0.7620000243186951,0.7630000114440918,0.7570000290870667,0.7590000033378601,6675828,0.0,0.0
2025-05-16 00:00:00+08:00,0.7580000162124634,0.7609999775886536,0.7559999823570251,0.7590000033378601,9329812,0.0,0.0
2025-05-19 00:00:00+08:00,0.7580000162124634,0.7590000033378601,0.753000020980835,0.7570000290870667,9861907,0.0,0.0
2025-05-20 00:00:00+08:00,0.7570000290870667,0.7649999856948853,0.7570000290870667,0.7630000114440918,9794448,0.0,0.0
2025-05-21 00:00:00+08:00,0.7670000195503235,0.7749999761581421,0.765999972820282,0.7739999890327454,9383720,0.0,0.0
2025-05-22 00:00:00+08:00,0.7720000147819519,0.7730000019073486,0.7680000066757202,0.7689999938011169,7074332,0.0,0.0
2025-05-23 00:00:00+08:00,0.7730000019073486,0.7730000019073486,0.7639999985694885,0.7639999985694885,13756003,0.0,0.0
2025-05-26 00:00:00+08:00,0.7639999985694885,0.7639999985694885,0.7540000081062317,0.7559999823570251,10500408,0.0,0.0
2025-05-27 00:00:00+08:00,0.7559999823570251,0.7559999823570251,0.7459999918937683,0.7490000128746033,9972905,0.0,0.0
2025-05-28 00:00:00+08:00,0.7490000128746033,0.75,0.7440000176429749,0.7450000047683716,5687210,0.0,0.0
2025-05-29 00:00:00+08:00,0.7440000176429749,0.7490000128746033,0.7419999837875366,0.746999979019165,7495208,0.0,0.0
2025-05-30 00:00:00+08:00,0.746999979019165,0.746999979019165,0.7390000224113464,0.7400000095367432,7553117,0.0,0.0
2025-06-03 00:00:00+08:00,0.7419999837875366,0.7419999837875366,0.7390000224113464,0.7409999966621399,5024014,0.0,0.0
2025-06-04 00:00:00+08:00,0.7429999709129333,0.7480000257492065,0.7419999837875366,0.7450000047683716,4230105,0.0,0.0
2025-06-05 00:00:00+08:00,0.7450000047683716,0.7480000257492065,0.7429999709129333,0.7450000047683716,7632305,0.0,0.0
2025-06-06 00:00:00+08:00,0.7450000047683716,0.7490000128746033,0.7440000176429749,0.7459999918937683,3657909,0.0,0.0
2025-06-09 00:00:00+08:00,0.7450000047683716,0.7459999918937683,0.7409999966621399,0.7440000176429749,8015076,0.0,0.0
2025-06-10 00:00:00+08:00,0.7450000047683716,0.746999979019165,0.7400000095367432,0.7429999709129333,9807518,0.0,0.0
2025-06-11 00:00:00+08:00,0.7450000047683716,0.7540000081062317,0.7450000047683716,0.753000020980835,11009712,0.0,0.0
2025-06-12 00:00:00+08:00,0.753000020980835,0.7549999952316284,0.7490000128746033,0.7540000081062317,8221408,0.0,0.0
2025-06-13 00:00:00+08:00,0.7580000162124634,0.7580000162124634,0.746999979019165,0.75,11864521,0.0,0.0
2025-06-16 00:00:00+08:00,0.7490000128746033,0.7490000128746033,0.7440000176429749,0.746999979019165,8918628,0.0,0.0
2025-06-17 00:00:00+08:00,0.7450000047683716,0.7490000128746033,0.7440000176429749,0.746999979019165,9993713,0.0,0.0
2025-06-18 00:00:00+08:00,0.7480000257492065,0.7490000128746033,0.7450000047683716,0.7490000128746033,6351632,0.0,0.0
2025-06-19 00:00:00+08:00,0.7440000176429749,0.7480000257492065,0.7379999756813049,0.7400000095367432,7470401,0.0,0.0
2025-06-20 00:00:00+08:00,0.7429999709129333,0.7440000176429749,0.7360000014305115,0.7369999885559082,4954714,0.0,0.0
2025-06-23 00:00:00+08:00,0.7350000143051147,0.7400000095367432,0.734000027179718,0.7390000224113464,6576406,0.0,0.0
2025-06-24 00:00:00+08:00,0.734000027179718,0.75,0.734000027179718,0.7480000257492065,8095135,0.0,0.0
2025-06-25 00:00:00+08:00,0.75,0.7609999775886536,0.7490000128746033,0.7599999904632568,14254440,0.0,0.0
2025-06-26 00:00:00+08:00,0.7599999904632568,0.7620000243186951,0.7559999823570251,0.7559999823570251,18748267,0.0,0.0
2025-06-27 00:00:00+08:00,0.7559999823570251,0.7639999985694885,0.7559999823570251,0.7580000162124634,12784642,0.0,0.0
2025-06-30 00:00:00+08:00,0.7580000162124634,0.7620000243186951,0.7580000162124634,0.7620000243186951,10340413,0.0,0.0
2025-07-01 00:00:00+08:00,0.7580000162124634,0.7630000114440918,0.7559999823570251,0.7620000243186951,7420643,0.0,0.0
2025-07-02 00:00:00+08:00,0.7620000243186951,0.7689999938011169,0.7620000243186951,0.7670000195503235,10050619,0.0,0.0
2025-07-03 00:00:00+08:00,0.7680000066757202,0.7770000100135803,0.7680000066757202,0.7760000228881836,10979832,0.0,0.0
2025-07-04 00:00:00+08:00,0.7749999761581421,0.7789999842643738,0.7710000276565552,0.7739999890327454,15147255,0.0,0.0
2025-07-07 00:00:00+08:00,0.7730000019073486,0.7730000019073486,0.7689999938011169,0.7689999938011169,4954012,0.0,0.0
2025-07-08 00:00:00+08:00,0.7689999938011169,0.7829999923706055,0.7689999938011169,0.7799999713897705,13431251,0.0,0.0
2025-07-09 00:00:00+08:00,0.7799999713897705,0.7820000052452087,0.7739999890327454,0.7760000228881836,11904047,0.0,0.0
2025-07-10 00:00:00+08:00,0.7760000228881836,0.781000018119812,0.7749999761581421,0.777999997138977,9483019,0.0,0.0
2025-07-11 00:00:00+08:00,0.777999997138977,0.7850000262260437,0.7760000228881836,0.777999997138977,18154462,0.0,0.0
2025-07-14 00:00:00+08:00,0.7770000100135803,0.7829999923706055,0.7770000100135803,0.7789999842643738,10142328,0.0,0.0
2025-07-15 00:00:00+08:00,0.7789999842643738,0.7820000052452087,0.7720000147819519,0.7749999761581421,12183554,0.0,0.0
2025-07-16 00:00:00+08:00,0.7749999761581421,0.777999997138977,0.7730000019073486,0.7739999890327454,11941111,0.0,0.0
2025-07-17 00:00:00+08:00,0.7739999890327454,0.7789999842643738,0.7739999890327454,0.777999997138977,12460062,0.0,0.0
2025-07-18 00:00:00+08:00,0.777999997138977,0.7879999876022339,0.777999997138977,0.7870000004768372,11883508,0.0,0.0
2025-07-21 00:00:00+08:00,0.7889999747276306,0.8019999861717224,0.7889999747276306,0.8009999990463257,21712259,0.0,0.0
2025-07-22 00:00:00+08:00,0.8019999861717224,0.8190000057220459,0.8019999861717224,0.8180000185966492,26873751,0.0,0.0
2025-07-23 00:00:00+08:00,0.8209999799728394,0.8240000009536743,0.8109999895095825,0.8109999895095825,16417472,0.0,0.0
2025-07-24 00:00:00+08:00,0.8109999895095825,0.8209999799728394,0.8090000152587891,0.8199999928474426,13923470,0.0,0.0
2025-07-25 00:00:00+08:00,0.8199999928474426,0.8209999799728394,0.8130000233650208,0.8169999718666077,10405716,0.0,0.0
2025-07-28 00:00:00+08:00,0.8149999976158142,0.8149999976158142,0.800000011920929,0.8119999766349792,12231436,0.0,0.0
2025-07-29 00:00:00+08:00,0.8100000023841858,0.8149999976158142,0.8090000152587891,0.8149999976158142,9397673,0.0,0.0
2025-07-30 00:00:00+08:00,0.8109999895095825,0.8180000185966492,0.8069999814033508,0.8090000152587891,9466781,0.0,0.0
2025-07-31 00:00:00+08:00,0.8069999814033508,0.8069999814033508,0.7829999923706055,0.7870000004768372,13111822,0.0,0.0
2025-08-01 00:00:00+08:00,0.7889999747276306,0.7910000085830688,0.7839999794960022,0.7870000004768372,6091321,0.0,0.0
2025-08-04 00:00:00+08:00,0.7870000004768372,0.7900000214576721,0.7839999794960022,0.7889999747276306,4645117,0.0,0.0
2025-08-05 00:00:00+08:00,0.7889999747276306,0.7940000295639038,0.7889999747276306,0.7910000085830688,6397241,0.0,0.0
2025-08-06 00:00:00+08:00,0.7900000214576721,0.796999990940094,0.7900000214576721,0.7960000038146973,5970512,0.0,0.0
2025-08-07 00:00:00+08:00,0.7960000038146973,0.7990000247955322,0.7910000085830688,0.7950000166893005,6162327,0.0,0.0
2025-08-08 00:00:00+08:00,0.7960000038146973,0.8040000200271606,0.7960000038146973,0.800000011920929,5957415,0.0,0.0
2025-08-11 00:00:00+08:00,0.8040000200271606,0.8090000152587891,0.8009999990463257,0.8069999814033508,7736484,0.0,0.0
2025-08-12 00:00:00+08:00,0.8069999814033508,0.8100000023841858,0.8029999732971191,0.8080000281333923,12312374,0.0,0.0
2025-08-13 00:00:00+08:00,0.8080000281333923,0.8190000057220459,0.8080000281333923,0.8159999847412109,10490970,0.0,0.0
2025-08-14 00:00:00+08:00,0.8209999799728394,0.8220000267028809,0.8109999895095825,0.8130000233650208,18079872,0.0,0.0
2025-08-15 00:00:00+08:00,0.8130000233650208,0.8289999961853027,0.8130000233650208,0.8270000219345093,16552694,0.0,0.0
2025-08-18 00:00:00+08:00,0.8270000219345093,0.8360000252723694,0.8270000219345093,0.8299999833106995,14262736,0.0,0.0
2025-08-19 00:00:00+08:00,0.8309999704360962,0.8330000042915344,0.8230000138282776,0.824999988079071,9541425,0.0,0.0
2025-08-20 00:00:00+08:00,0.8309999704360962,0.8309999704360962,0.8190000057220459,0.8299999833106995,8715871,0.0,0.0
2025-08-21 00:00:00+08:00,0.8299999833106995,0.8379999995231628,0.8289999961853027,0.8309999704360962,9349089,0.0,0.0
2025-08-22 00:00:00+08:00,0.8320000171661377,0.843999981880188,0.8309999704360962,0.843999981880188,16339360,0.0,0.0
2025-08-25 00:00:00+08:00,0.843999981880188,0.8679999709129333,0.8429999947547913,0.8640000224113464,21737437,0.0,0.0
2025-08-26 00:00:00+08:00,0.8679999709129333,0.8700000047683716,0.8569999933242798,0.8659999966621399,11691607,0.0,0.0
2025-08-27 00:00:00+08:00,0.8659999966621399,0.8730000257492065,0.8510000109672546,0.8529999852180481,15040023,0.0,0.0
2025-08-28 00:00:00+08:00,0.8500000238418579,0.8569999933242798,0.8399999737739563,0.8560000061988831,15925549,0.0,0.0
2025-08-29 00:00:00+08:00,0.8560000061988831,0.8899999856948853,0.8560000061988831,0.8809999823570251,31155835,0.0,0.0
2025-09-01 00:00:00+08:00,0.8809999823570251,0.8870000243186951,0.878000020980835,0.8859999775886536,14762985,0.0,0.0
2025-09-02 00:00:00+08:00,0.8859999775886536,0.8970000147819519,0.8740000128746033,0.8809999823570251,9402853,0.0,0.0
2025-09-03 00:00:00+08:00,0.8820000290870667,0.8939999938011169,0.878000020980835,0.8849999904632568,16348400,0.0,0.0
2025-09-04 00:00:00+08:00,0.8830000162124634,0.9010000228881836,0.8669999837875366,0.871999979019165,19810958,0.0,0.0
2025-09-05 00:00:00+08:00,0.875,0.9179999828338623,0.875,0.9150000214576721,38151296,0.0,0.0
2025-09-08 00:00:00+08:00,0.9200000166893005,0.9340000152587891,0.9179999828338623,0.9269999861717224,24737551,0.0,0.0
2025-09-09 00:00:00+08:00,0.921999990940094,0.9330000281333923,0.9179999828338623,0.9210000038146973,15263766,0.0,0.0
2025-09-10 00:00:00+08:00,0.9200000166893005,0.9210000038146973,0.9049999713897705,0.9129999876022339,9006926,0.0,0.0
2025-09-11 00:00:00+08:00,0.9110000133514404,0.9290000200271606,0.9070000052452087,0.9269999861717224,11138441,0.0,0.0
2025-09-12 00:00:00+08:00,0.9279999732971191,0.9359999895095825,0.925000011920929,0.9259999990463257,7729647,0.0,0.0
2025-09-15 00:00:00+08:00,0.9259999990463257,0.9559999704360962,0.9259999990463257,0.9430000185966492,19754762,0.0,0.0
2025-09-16 00:00:00+08:00,0.9409999847412109,0.9459999799728394,0.9229999780654907,0.9359999895095825,9055823,0.0,0.0
2025-09-17 00:00:00+08:00,0.9350000023841858,0.953000009059906,0.9309999942779541,0.949999988079071,15322779,0.0,0.0
2025-09-18 00:00:00+08:00,0.9459999799728394,0.953000009059906,0.9259999990463257,0.9380000233650208,17508147,0.0,0.0
2025-09-19 00:00:00+08:00,0.9350000023841858,0.9449999928474426,0.9319999814033508,0.9380000233650208,8125553,0.0,0.0
2025-09-22 00:00:00+08:00,0.9390000104904175,0.9390000104904175,0.9259999990463257,0.9319999814033508,11222133,0.0,0.0
2025-09-23 00:00:00+08:00,0.9319999814033508,0.9490000009536743,0.9229999780654907,0.9369999766349792,16886463,0.0,0.0
2025-09-24 00:00:00+08:00,0.9350000023841858,0.9559999704360962,0.9340000152587891,0.9539999961853027,14667002,0.0,0.0
2025-09-25 00:00:00+08:00,0.9589999914169312,0.9819999933242798,0.9580000042915344,0.9710000157356262,21362446,0.0,0.0
2025-09-26 00:00:00+08:00,0.9700000286102295,0.9850000143051147,0.9660000205039978,0.9660000205039978,12704947,0.0,0.0
2025-09-29 00:00:00+08:00,0.9679999947547913,0.996999979019165,0.9679999947547913,0.9940000176429749,27231245,0.0,0.0
2025-09-30 00:00:00+08:00,0.9959999918937683,1.0149999856948853,0.9959999918937683,1.0110000371932983,59298369,0.0,0.0
2025-10-09 00:00:00+08:00,1.024999976158142,1.0520000457763672,1.0219999551773071,1.0509999990463257,59074711,0.0,0.0
2025-10-10 00:00:00+08:00,1.0470000505447388,1.0470000505447388,1.0089999437332153,1.0149999856948853,20631151,0.0,0.0
2025-10-13 00:00:00+08:00,0.9909999966621399,1.0149999856948853,0.9819999933242798,1.0140000581741333,17703191,0.0,0.0
2025-10-14 00:00:00+08:00,1.0160000324249268,1.0290000438690186,0.984000027179718,0.9900000095367432,13713356,0.0,0.0
2025-10-15 00:00:00+08:00,0.9900000095367432,1.0099999904632568,0.984000027179718,1.0080000162124634,14845126,0.0,0.0
2025-10-16 00:00:00+08:00,1.0149999856948853,1.0169999599456787,1.0019999742507935,1.00600004196167,14429410,0.0,0.0
2025-10-17 00:00:00+08:00,1.0049999952316284,1.0110000371932983,0.9760000109672546,0.9760000109672546,12349041,0.0,0.0
2025-10-20 00:00:00+08:00,0.9850000143051147,0.9890000224113464,0.9760000109672546,0.9819999933242798,9541423,0.0,0.0
2025-10-21 00:00:00+08:00,0.9850000143051147,0.996999979019165,0.9800000190734863,0.9929999709129333,13257536,0.0,0.0
2025-10-22 00:00:00+08:00,0.9900000095367432,0.9900000095367432,0.9750000238418579,0.9850000143051147,9051272,0.0,0.0
2025-10-23 00:00:00+08:00,0.9829999804496765,0.9950000047683716,0.9710000157356262,0.9929999709129333,8556951,0.0,0.0
2025-10-27 00:00:00+08:00,1.0019999742507935,1.0219999551773071,1.0019999742507935,1.0160000324249268,15689217,0.0,0.0
2025-10-28 00:00:00+08:00,1.0130000114440918,1.0199999809265137,1.0049999952316284,1.0080000162124634,16570596,0.0,0.0
2025-10-29 00:00:00+08:00,1.0180000066757202,1.0470000505447388,1.0080000162124634,1.0440000295639038,40013249,0.0,0.0
2025-10-30 00:00:00+08:00,1.0460000038146973,1.062000036239624,1.0440000295639038,1.0479999780654907,35839985,0.0,0.0
2025-10-31 00:00:00+08:00,1.0390000343322754,1.062999963760376,1.034999966621399,1.034999966621399,13770762,0.0,0.0
2025-11-03 00:00:00+08:00,1.027999997138977,1.0410000085830688,1.0130000114440918,1.034000039100647,11230056,0.0,0.0
2025-11-04 00:00:00+08:00,1.031999945640564,1.034000039100647,1.0069999694824219,1.0130000114440918,12891426,0.0,0.0
2025-11-05 00:00:00+08:00,1.0130000114440918,1.034000039100647,0.9950000047683716,1.027999997138977,12149465,0.0,0.0
2025-11-06 00:00:00+08:00,1.0269999504089355,1.0509999990463257,1.0269999504089355,1.0470000505447388,21792486,0.0,0.0
2025-11-07 00:00:00+08:00,1.0449999570846558,1.0640000104904175,1.0410000085830688,1.059000015258789,26122545,0.0,0.0
2025-11-10 00:00:00+08:00,1.059000015258789,1.0740000009536743,1.0490000247955322,1.0549999475479126,11621275,0.0,0.0
2025-11-11 00:00:00+08:00,1.0549999475479126,1.065999984741211,1.0449999570846558,1.0479999780654907,11877661,0.0,0.0
2025-11-12 00:00:00+08:00,1.0460000038146973,1.0460000038146973,1.0260000228881836,1.034999966621399,8672248,0.0,0.0
2025-11-13 00:00:00+08:00,1.034000039100647,1.0720000267028809,1.034000039100647,1.065000057220459,24747004,0.0,0.0
2025-11-14 00:00:00+08:00,1.0549999475479126,1.062000036239624,1.0479999780654907,1.0490000247955322,12037315,0.0,0.0
2025-11-17 00:00:00+08:00,1.0410000085830688,1.0490000247955322,1.0329999923706055,1.0399999618530273,10853256,0.0,0.0
2025-11-18 00:00:00+08:00,1.0369999408721924,1.0399999618530273,1.0110000371932983,1.0180000066757202,11510491,0.0,0.0
2025-11-19 00:00:00+08:00,1.0190000534057617,1.0299999713897705,1.0180000066757202,1.0269999504089355,9401288,0.0,0.0
2025-11-20 00:00:00+08:00,1.027999997138977,1.031999945640564,1.0110000371932983,1.0110000371932983,17787792,0.0,0.0
2025-11-21 00:00:00+08:00,1.0019999742507935,1.0019999742507935,0.9760000109672546,0.9769999980926514,15367073,0.0,0.0
2025-11-24 00:00:00+08:00,0.9769999980926514,0.9810000061988831,0.9660000205039978,0.9729999899864197,12100805,0.0,0.0
2025-11-25 00:00:00+08:00,0.9779999852180481,0.9919999837875366,0.9779999852180481,0.9850000143051147,6860751,0.0,0.0
2025-11-26 00:00:00+08:00,0.9900000095367432,0.9929999709129333,0.9819999933242798,0.9860000014305115,9504404,0.0,0.0
2025-11-27 00:00:00+08:00,0.9860000014305115,1.0010000467300415,0.9850000143051147,0.9860000014305115,5111011,0.0,0.0
2025-11-28 00:00:00+08:00,0.9909999966621399,0.996999979019165,0.984000027179718,0.9940000176429749,6092501,0.0,0.0
2025-12-01 00:00:00+08:00,0.9990000128746033,1.0119999647140503,0.9990000128746033,1.0089999437332153,7342935,0.0,0.0
2025-12-02 00:00:00+08:00,1.0010000467300415,1.0049999952316284,0.9959999918937683,1.0,6238101,0.0,0.0
2025-12-03 00:00:00+08:00,1.0019999742507935,1.003999948501587,0.9940000176429749,0.9980000257492065,6452205,0.0,0.0
2025-12-04 00:00:00+08:00,0.9980000257492065,1.0080000162124634,0.9980000257492065,1.003999948501587,7711806,0.0,0.0
2025-12-05 00:00:00+08:00,1.00600004196167,1.0169999599456787,1.0019999742507935,1.0149999856948853,10549134,0.0,0.0
2025-12-08 00:00:00+08:00,1.0180000066757202,1.024999976158142,1.0119999647140503,1.0230000019073486,9535331,0.0,0.0
2025-12-09 00:00:00+08:00,1.0160000324249268,1.0190000534057617,1.0069999694824219,1.0110000371932983,11212246,0.0,0.0
2025-12-10 00:00:00+08:00,1.0110000371932983,1.0119999647140503,1.0,1.0110000371932983,16578256,0.0,0.0
2025-12-11 00:00:00+08:00,1.0160000324249268,1.0260000228881836,1.00600004196167,1.0069999694824219,10834233,0.0,0.0
2025-12-12 00:00:00+08:00,1.0089999437332153,1.0160000324249268,1.0049999952316284,1.0149999856948853,7878886,0.0,0.0
2025-12-15 00:00:00+08:00,1.0160000324249268,1.0169999599456787,1.0049999952316284,1.00600004196167,5472524,0.0,0.0
2025-12-16 00:00:00+08:00,1.00600004196167,1.00600004196167,0.9829999804496765,0.9890000224113464,10903610,0.0,0.0
2025-12-17 00:00:00+08:00,0.9909999966621399,1.0110000371932983,0.9900000095367432,1.0080000162124634,7345715,0.0,0.0
2025-12-18 00:00:00+08:00,1.0019999742507935,1.0110000371932983,0.996999979019165,0.9980000257492065,6444533,0.0,0.0
2025-12-19 00:00:00+08:00,0.9990000128746033,1.0099999904632568,0.9980000257492065,1.00600004196167,5595235,0.0,0.0
2025-12-22 00:00:00+08:00,1.0210000276565552,1.0210000276565552,1.0140000581741333,1.0190000534057617,8058310,0.0,0.0
2025-12-23 00:00:00+08:00,1.0190000534057617,1.031999945640564,1.0180000066757202,1.0219999551773071,11289270,0.0,0.0
2025-12-24 00:00:00+08:00,1.0230000019073486,1.0290000438690186,1.0199999809265137,1.027999997138977,7010338,0.0,0.0
2025-12-25 00:00:00+08:00,1.0219999551773071,1.0329999923706055,1.0219999551773071,1.031000018119812,9821959,0.0,0.0
2025-12-26 00:00:00+08:00,1.031000018119812,1.059000015258789,1.031000018119812,1.0509999990463257,19612578,0.0,0.0
2025-12-29 00:00:00+08:00,1.0520000457763672,1.0549999475479126,1.0369999408721924,1.0379999876022339,10467861,0.0,0.0
2025-12-30 00:00:00+08:00,1.027999997138977,1.0509999990463257,1.0260000228881836,1.0470000505447388,9990275,0.0,0.0
2025-12-31 00:00:00+08:00,1.0470000505447388,1.055999994277954,1.0429999828338623,1.0470000505447388,8703963,0.0,0.0
2026-01-05 00:00:00+08:00,1.0490000247955322,1.0640000104904175,1.0490000247955322,1.062000036239624,17668883,0.0,0.0
2026-01-06 00:00:00+08:00,1.065000057220459,1.0880000591278076,1.065000057220459,1.0870000123977661,21981515,0.0,0.0
2026-01-07 00:00:00+08:00,1.0870000123977661,1.093999981880188,1.0770000219345093,1.0850000381469727,17765862,0.0,0.0
2026-01-08 00:00:00+08:00,1.0809999704360962,1.0850000381469727,1.069000005722046,1.0770000219345093,13613406,0.0,0.0
2026-01-09 00:00:00+08:00,1.0740000009536743,1.093999981880188,1.0609999895095825,1.0859999656677246,12070601,0.0,0.0
2026-01-12 00:00:00+08:00,1.0870000123977661,1.093000054359436,1.0759999752044678,1.0859999656677246,15019906,0.0,0.0
2026-01-13 00:00:00+08:00,1.0859999656677246,1.0989999771118164,1.0750000476837158,1.0880000591278076,13347709,0.0,0.0
2026-01-14 00:00:00+08:00,1.090999960899353,1.1069999933242798,1.0779999494552612,1.0839999914169312,11747026,0.0,0.0
2026-01-15 00:00:00+08:00,1.0839999914169312,1.1009999513626099,1.0789999961853027,1.093000054359436,8642161,0.0,0.0
2026-01-16 00:00:00+08:00,1.093999981880188,1.1109999418258667,1.0889999866485596,1.093000054359436,10295183,0.0,0.0
2026-01-19 00:00:00+08:00,1.090000033378601,1.1050000190734863,1.0859999656677246,1.0989999771118164,6657150,0.0,0.0
2026-01-20 00:00:00+08:00,1.0989999771118164,1.1059999465942383,1.0809999704360962,1.093000054359436,9736662,0.0,0.0
2026-01-21 00:00:00+08:00,1.093999981880188,1.1039999723434448,1.090999960899353,1.0980000495910645,14603323,0.0,0.0
2026-01-22 00:00:00+08:00,1.0980000495910645,1.1050000190734863,1.0889999866485596,1.093999981880188,8499125,0.0,0.0
2026-01-23 00:00:00+08:00,1.093999981880188,1.1139999628067017,1.093999981880188,1.1089999675750732,11554242,0.0,0.0
2026-01-26 00:00:00+08:00,1.1069999933242798,1.1299999952316284,1.1069999933242798,1.1139999628067017,13675208,0.0,0.0
2026-01-27 00:00:00+08:00,1.1150000095367432,1.1169999837875366,1.100000023841858,1.1080000400543213,7369946,0.0,0.0
2026-01-28 00:00:00+08:00,1.1069999933242798,1.1239999532699585,1.1009999513626099,1.11899995803833,6678431,0.0,0.0
2026-01-29 00:00:00+08:00,1.1200000047683716,1.128999948501587,1.1050000190734863,1.1180000305175781,7831513,0.0,0.0
2026-01-30 00:00:00+08:00,1.1160000562667847,1.1160000562667847,1.0700000524520874,1.090999960899353,10268604,0.0,0.0
2026-02-02 00:00:00+08:00,1.0770000219345093,1.090000033378601,1.0479999780654907,1.0479999780654907,8186578,0.0,0.0
2026-02-03 00:00:00+08:00,1.0520000457763672,1.0789999961853027,1.0520000457763672,1.0779999494552612,6491413,0.0,0.0
2026-02-04 00:00:00+08:00,1.0800000429153442,1.0980000495910645,1.0800000429153442,1.0980000495910645,8697546,0.0,0.0
2026-02-05 00:00:00+08:00,1.097000002861023,1.097000002861023,1.0609999895095825,1.0720000267028809,11445402,0.0,0.0
2026-02-06 00:00:00+08:00,1.0920000076293945,1.0920000076293945,1.0499999523162842,1.0779999494552612,7578211,0.0,0.0
2026-02-09 00:00:00+08:00,1.0820000171661377,1.0920000076293945,1.0820000171661377,1.090999960899353,6625614,0.0,0.0
2026-02-10 00:00:00+08:00,1.090999960899353,1.093999981880188,1.0859999656677246,1.0880000591278076,12370741,0.0,0.0
2026-02-11 00:00:00+08:00,1.0870000123977661,1.1050000190734863,1.0870000123977661,1.100000023841858,4323651,0.0,0.0
2026-02-12 00:00:00+08:00,1.097000002861023,1.1130000352859497,1.097000002861023,1.1069999933242798,6730148,0.0,0.0
2026-02-13 00:00:00+08:00,1.097000002861023,1.097000002861023,1.0720000267028809,1.0820000171661377,6821301,0.0,0.0
2026-02-24 00:00:00+08:00,1.0950000286102295,1.1030000448226929,1.0870000123977661,1.100000023841858,5867261,0.0,0.0
2026-02-25 00:00:00+08:00,1.1039999723434448,1.125,1.1030000448226929,1.1160000562667847,6922541,0.0,0.0
2026-02-26 00:00:00+08:00,1.1239999532699585,1.1239999532699585,1.1009999513626099,1.1039999723434448,4639351,0.0,0.0
2026-02-27 00:00:00+08:00,1.1069999933242798,1.1180000305175781,1.1059999465942383,1.1130000352859497,6319091,0.0,0.0
2026-03-02 00:00:00+08:00,1.1109999418258667,1.13100004196167,1.1059999465942383,1.128000020980835,18804893,0.0,0.0
2026-03-03 00:00:00+08:00,1.128999948501587,1.1339999437332153,1.0989999771118164,1.100000023841858,11675721,0.0,0.0
2026-03-04 00:00:00+08:00,1.0740000009536743,1.1039999723434448,1.0740000009536743,1.090999960899353,14198728,0.0,0.0
2026-03-05 00:00:00+08:00,1.090999960899353,1.1100000143051147,1.090999960899353,1.0980000495910645,11550519,0.0,0.0
2026-03-06 00:00:00+08:00,1.0889999866485596,1.1039999723434448,1.0850000381469727,1.0989999771118164,6326444,0.0,0.0
2026-03-09 00:00:00+08:00,1.093999981880188,1.1009999513626099,1.0740000009536743,1.097000002861023,8160623,0.0,0.0
2026-03-10 00:00:00+08:00,1.0980000495910645,1.1130000352859497,1.0980000495910645,1.1100000143051147,4578705,0.0,0.0
2026-03-11 00:00:00+08:00,1.1069999933242798,1.1330000162124634,1.1030000448226929,1.1299999952316284,14942014,0.0,0.0
2026-03-12 00:00:00+08:00,1.128999948501587,1.1319999694824219,1.1180000305175781,1.1269999742507935,8564322,0.0,0.0
2026-03-13 00:00:00+08:00,1.1380000114440918,1.1410000324249268,1.1160000562667847,1.1180000305175781,7717360,0.0,0.0
2026-03-16 00:00:00+08:00,1.1180000305175781,1.1180000305175781,1.093999981880188,1.1050000190734863,9777705,0.0,0.0
2026-03-17 00:00:00+08:00,1.1050000190734863,1.11899995803833,1.090000033378601,1.090999960899353,11070700,0.0,0.0
2026-03-18 00:00:00+08:00,1.0859999656677246,1.0889999866485596,1.0729999542236328,1.0880000591278076,14297757,0.0,0.0
2026-03-19 00:00:00+08:00,1.0829999446868896,1.0839999914169312,1.0529999732971191,1.0570000410079956,12244742,0.0,0.0
2026-03-20 00:00:00+08:00,1.0579999685287476,1.0820000171661377,1.055999994277954,1.059999942779541,12589533,0.0,0.0
2026-03-23 00:00:00+08:00,1.059999942779541,1.065999984741211,1.031999945640564,1.034999966621399,14782228,0.0,0.0
2026-03-24 00:00:00+08:00,1.0420000553131104,1.0499999523162842,1.0190000534057617,1.0499999523162842,9763212,0.0,0.0
2026-03-25 00:00:00+08:00,1.0529999732971191,1.0709999799728394,1.0529999732971191,1.0670000314712524,9173407,0.0,0.0
2026-03-26 00:00:00+08:00,1.065999984741211,1.0770000219345093,1.055999994277954,1.059000015258789,11972507,0.0,0.0
2026-03-27 00:00:00+08:00,1.055999994277954,1.0779999494552612,1.0540000200271606,1.0729999542236328,6909810,0.0,0.0
2026-03-30 00:00:00+08:00,1.0709999799728394,1.0720000267028809,1.0540000200271606,1.069000005722046,7539101,0.0,0.0
2026-03-31 00:00:00+08:00,1.0679999589920044,1.0729999542236328,1.0479999780654907,1.0490000247955322,9487413,0.0,0.0
2026-04-01 00:00:00+08:00,1.0540000200271606,1.0579999685287476,1.0490000247955322,1.0549999475479126,4418814,0.0,0.0
2026-04-02 00:00:00+08:00,1.0509999990463257,1.0540000200271606,1.031999945640564,1.0379999876022339,6416711,0.0,0.0
2026-04-03 00:00:00+08:00,1.0379999876022339,1.0379999876022339,1.0190000534057617,1.0199999809265137,4866409,0.0,0.0
2026-04-07 00:00:00+08:00,1.0199999809265137,1.027999997138977,1.0160000324249268,1.0210000276565552,4469917,0.0,0.0
2026-04-08 00:00:00+08:00,1.0360000133514404,1.0570000410079956,1.0360000133514404,1.055999994277954,4427109,0.0,0.0
2026-04-09 00:00:00+08:00,1.0529999732971191,1.0529999732971191,1.0429999828338623,1.0479999780654907,3952213,0.0,0.0
2026-04-10 00:00:00+08:00,1.0479999780654907,1.0729999542236328,1.0479999780654907,1.062999963760376,7396402,0.0,0.0
2026-04-13 00:00:00+08:00,1.062999963760376,1.0809999704360962,1.062999963760376,1.0770000219345093,5075328,0.0,0.0
2026-04-14 00:00:00+08:00,1.0770000219345093,1.090999960899353,1.0759999752044678,1.090999960899353,4581722,0.0,0.0
2026-04-15 00:00:00+08:00,1.0959999561309814,1.100000023841858,1.0809999704360962,1.0839999914169312,10206841,0.0,0.0
2026-04-16 00:00:00+08:00,1.0820000171661377,1.1039999723434448,1.0820000171661377,1.1030000448226929,5132189,0.0,0.0
2026-04-17 00:00:00+08:00,1.097000002861023,1.1039999723434448,1.0920000076293945,1.093999981880188,2341611,0.0,0.0
2026-04-20 00:00:00+08:00,1.093999981880188,1.097000002861023,1.0859999656677246,1.093999981880188,1590122,0.0,0.0
2026-04-21 00:00:00+08:00,1.0889999866485596,1.1069999933242798,1.0850000381469727,1.1069999933242798,3262018,0.0,0.0
2026-04-22 00:00:00+08:00,1.1059999465942383,1.1100000143051147,1.1019999980926514,1.1039999723434448,5232048,0.0,0.0
2026-04-23 00:00:00+08:00,1.1139999628067017,1.1139999628067017,1.0839999914169312,1.090000033378601,5466949,0.0,0.0
2026-04-24 00:00:00+08:00,1.093000054359436,1.1019999980926514,1.0829999446868896,1.0980000495910645,9153086,0.0,0.0
2026-04-27 00:00:00+08:00,1.093999981880188,1.097000002861023,1.0889999866485596,1.090999960899353,5887220,0.0,0.0
2026-04-28 00:00:00+08:00,1.090999960899353,1.090999960899353,1.0770000219345093,1.0789999961853027,5427621,0.0,0.0
2026-04-29 00:00:00+08:00,1.0800000429153442,1.1130000352859497,1.0800000429153442,1.1119999885559082,10837467,0.0,0.0
2026-04-30 00:00:00+08:00,1.1109999418258667,1.1180000305175781,1.1019999980926514,1.1039999723434448,6454551,0.0,0.0
2026-05-06 00:00:00+08:00,1.1150000095367432,1.1299999952316284,1.1019999980926514,1.1269999742507935,17848806,0.0,0.0
2026-05-07 00:00:00+08:00,1.128999948501587,1.1330000162124634,1.1169999837875366,1.1239999532699585,6954115,0.0,0.0
2026-05-08 00:00:00+08:00,1.1200000047683716,1.125,1.1080000400543213,1.1139999628067017,15675021,0.0,0.0
2026-05-11 00:00:00+08:00,1.1119999885559082,1.1239999532699585,1.1119999885559082,1.1180000305175781,7425657,0.0,0.0
2026-05-12 00:00:00+08:00,1.121999979019165,1.1260000467300415,1.1100000143051147,1.1139999628067017,7442722,0.0,0.0
2026-05-13 00:00:00+08:00,1.1139999628067017,1.121999979019165,1.1109999418258667,1.1200000047683716,7009784,0.0,0.0
2026-05-14 00:00:00+08:00,1.121999979019165,1.1230000257492065,1.093999981880188,1.093999981880188,4940664,0.0,0.0
2026-05-15 00:00:00+08:00,1.0889999866485596,1.0989999771118164,1.0740000009536743,1.0820000171661377,6955714,0.0,0.0
2026-05-18 00:00:00+08:00,1.0770000219345093,1.0770000219345093,1.062999963760376,1.0700000524520874,6748518,0.0,0.0
2026-05-19 00:00:00+08:00,1.069000005722046,1.0729999542236328,1.059000015258789,1.0729999542236328,5056405,0.0,0.0
2026-05-20 00:00:00+08:00,1.0679999589920044,1.0789999961853027,1.059000015258789,1.0709999799728394,10000705,0.0,0.0
2026-05-21 00:00:00+08:00,1.0809999704360962,1.090000033378601,1.0529999732971191,1.0549999475479126,7803156,0.0,0.0
2026-05-22 00:00:00+08:00,1.0529999732971191,1.0700000524520874,1.0529999732971191,1.0679999589920044,7302006,0.0,0.0
2026-05-25 00:00:00+08:00,1.0679999589920044,1.0729999542236328,1.0609999895095825,1.065999984741211,7574613,0.0,0.0
2026-05-26 00:00:00+08:00,1.062999963760376,1.0800000429153442,1.059999942779541,1.0779999494552612,8406200,0.0,0.0
2026-05-27 00:00:00+08:00,1.0759999752044678,1.0959999561309814,1.0670000314712524,1.0700000524520874,9242111,0.0,0.0
2026-05-28 00:00:00+08:00,1.0700000524520874,1.0709999799728394,1.0520000457763672,1.0670000314712524,4449103,0.0,0.0
2026-05-29 00:00:00+08:00,1.0670000314712524,1.0720000267028809,1.0540000200271606,1.0549999475479126,6379333,0.0,0.0
2026-06-01 00:00:00+08:00,1.0540000200271606,1.0729999542236328,1.0529999732971191,1.0570000410079956,6912425,0.0,0.0
2026-06-02 00:00:00+08:00,1.0570000410079956,1.0720000267028809,1.0490000247955322,1.0720000267028809,9025243,0.0,0.0
2026-06-03 00:00:00+08:00,1.0640000104904175,1.0720000267028809,1.059000015258789,1.065000057220459,6204634,0.0,0.0
2026-06-04 00:00:00+08:00,1.059999942779541,1.059999942779541,1.0429999828338623,1.0449999570846558,6991601,0.0,0.0
2026-06-05 00:00:00+08:00,1.0460000038146973,1.0499999523162842,1.0290000438690186,1.031000018119812,6407603,0.0,0.0
2026-06-08 00:00:00+08:00,1.0080000162124634,1.0199999809265137,0.9879999756813049,0.9950000047683716,6434706,0.0,0.0
2026-06-09 00:00:00+08:00,1.0,1.0149999856948853,0.9879999756813049,1.0140000581741333,5549211,0.0,0.0
2026-06-10 00:00:00+08:00,1.00600004196167,1.0069999694824219,0.9890000224113464,0.9980000257492065,4986700,0.0,0.0
2026-06-11 00:00:00+08:00,0.9980000257492065,1.0049999952316284,0.9890000224113464,0.9980000257492065,5355913,0.0,0.0
2026-06-12 00:00:00+08:00,1.0069999694824219,1.034000039100647,1.00600004196167,1.0230000019073486,6289007,0.0,0.0
2026-06-15 00:00:00+08:00,1.0230000019073486,1.0420000553131104,1.0230000019073486,1.0420000553131104,6562343,0.0,0.0
2026-06-16 00:00:00+08:00,1.0429999828338623,1.0570000410079956,1.0420000553131104,1.0460000038146973,5038515,0.0,0.0
2026-06-17 00:00:00+08:00,1.0429999828338623,1.0479999780654907,1.0379999876022339,1.0479999780654907,3648626,0.0,0.0
2026-06-18 00:00:00+08:00,1.0429999828338623,1.0499999523162842,1.0299999713897705,1.0399999618530273,5776469,0.0,0.0
2026-06-22 00:00:00+08:00,1.031000018119812,1.0789999961853027,1.031000018119812,1.0770000219345093,11932844,0.0,0.0
2026-06-23 00:00:00+08:00,1.0779999494552612,1.0779999494552612,1.031999945640564,1.034999966621399,9165620,0.0,0.0
2026-06-24 00:00:00+08:00,1.034999966621399,1.0449999570846558,1.0219999551773071,1.0390000343322754,4903910,0.0,0.0
2026-06-25 00:00:00+08:00,1.0369999408721924,1.0379999876022339,1.0290000438690186,1.034999966621399,6176525,0.0,0.0
2026-06-26 00:00:00+08:00,1.034999966621399,1.0379999876022339,1.003000020980835,1.003999948501587,9356011,0.0,0.0
2026-06-29 00:00:00+08:00,1.0069999694824219,1.0169999599456787,0.9940000176429749,1.0149999856948853,7554915,0.0,0.0
2026-06-30 00:00:00+08:00,1.0140000581741333,1.0199999809265137,1.0049999952316284,1.0180000066757202,6692302,0.0,0.0
2026-07-01 00:00:00+08:00,1.0130000114440918,1.0479999780654907,1.0010000467300415,1.0169999599456787,5302210,0.0,0.0
2026-07-02 00:00:00+08:00,1.0099999904632568,1.0269999504089355,1.00600004196167,1.00600004196167,8650908,0.0,0.0
2026-07-03 00:00:00+08:00,1.003000020980835,1.0199999809265137,1.003000020980835,1.0119999647140503,7199016,0.0,0.0
2026-07-06 00:00:00+08:00,1.0119999647140503,1.0219999551773071,1.0,1.0,10011701,0.0,0.0
2026-07-07 00:00:00+08:00,1.003999948501587,1.003999948501587,0.9800000190734863,0.9829999804496765,8519200,0.0,0.0
2026-07-08 00:00:00+08:00,0.9829999804496765,0.9829999804496765,0.9570000171661377,0.9580000042915344,8034202,0.0,0.0
2026-07-09 00:00:00+08:00,0.9580000042915344,0.9580000042915344,0.9309999942779541,0.9570000171661377,8135702,0.0,0.0
2026-07-10 00:00:00+08:00,0.9580000042915344,0.9660000205039978,0.9449999928474426,0.9470000267028809,5989511,0.0,0.0
2026-07-13 00:00:00+08:00,0.949999988079071,0.949999988079071,0.9190000295639038,0.9200000166893005,7341420,0.0,0.0
2026-07-14 00:00:00+08:00,0.9190000295639038,0.9409999847412109,0.9139999747276306,0.9399999976158142,9644903,0.0,0.0
2026-07-15 00:00:00+08:00,0.9409999847412109,0.9490000009536743,0.9390000104904175,0.9409999847412109,10497802,0.0,0.0
2026-07-16 00:00:00+08:00,0.9390000104904175,0.9419999718666077,0.9240000247955322,0.925000011920929,8152800,0.0,0.0
2026-07-17 00:00:00+08:00,0.9269999861717224,0.9290000200271606,0.9070000052452087,0.9110000133514404,8519674,0.0,0.0
2026-07-20 00:00:00+08:00,0.9129999876022339,0.9259999990463257,0.9039999842643738,0.9150000214576721,10060502,0.0,0.0
2026-07-21 00:00:00+08:00,0.9190000295639038,0.9369999766349792,0.9190000295639038,0.9369999766349792,10614001,0.0,0.0
2026-07-22 00:00:00+08:00,0.9359999895095825,0.9449999928474426,0.9350000023841858,0.9409999847412109,8150341,0.0,0.0
2026-07-23 00:00:00+08:00,0.9409999847412109,0.9649999737739563,0.9390000104904175,0.9649999737739563,9320428,0.0,0.0
2026-07-24 00:00:00+08:00,0.9649999737739563,0.9649999737739563,0.9380000233650208,0.9380000233650208,9700623,0.0,0.0
2026-07-27 00:00:00+08:00,0.9399999976158142,0.9539999961853027,0.9399999976158142,0.9539999961853027,4419339,0.0,0.0
2026-07-28 00:00:00+08:00,0.9520000219345093,0.9520000219345093,0.9380000233650208,0.9419999718666077,5117900,0.0,0.0
2026-07-29 00:00:00+08:00,0.9419999718666077,0.9589999914169312,0.9309999942779541,0.953000009059906,3637900,0.0,0.0
2026-07-30 00:00:00+08:00,0.953000009059906,0.9620000123977661,0.9480000138282776,0.9559999704360962,4186731,0.0,0.0
2026-07-31 00:00:00+08:00,0.9539999961853027,0.9660000205039978,0.9539999961853027,0.9589999914169312,5773711,0.0,0.0
2026-08-03 00:00:00+08:00,0.9559999704360962,0.9629999995231628,0.9539999961853027,0.9589999914169312,4755802,0.0,0.0
2026-08-04 00:00:00+08:00,0.9589999914169312,0.9610000252723694,0.953000009059906,0.9589999914169312,3736503,0.0,0.0
2026-08-05 00:00:00+08:00,0.9610000252723694,0.9779999852180481,0.9589999914169312,0.9750000238418579,6338418,0.0,0.0
2026-08-06 00:00:00+08:00,0.9769999980926514,0.9779999852180481,0.9639999866485596,0.9729999899864197,4140101,0.0,0.0
2026-08-07 00:00:00+08:00,0.9729999899864197,0.9829999804496765,0.9679999947547913,0.9819999933242798,3356105,0.0,0.0
2026-08-10 00:00:00+08:00,0.9850000143051147,0.9940000176429749,0.9829999804496765,0.9929999709129333,4347158,0.0,0.0
2026-08-11 00:00:00+08:00,0.9900000095367432,0.9940000176429749,0.9819999933242798,0.9819999933242798,3563001,0.0,0.0
2026-08-12 00:00:00+08:00,0.984000027179718,0.9850000143051147,0.9779999852180481,0.9829999804496765,3349907,0.0,0.0
2026-08-13 00:00:00+08:00,0.9829999804496765,0.9829999804496765,0.9700000286102295,0.9700000286102295,3610604,0.0,0.0
2026-08-14 00:00:00+08:00,0.9679999947547913,0.9769999980926514,0.9639999866485596,0.9649999737739563,4680602,0.0,0.0
2026-08-17 00:00:00+08:00,0.9649999737739563,0.9829999804496765,0.9649999737739563,0.9819999933242798,4457114,0.0,0.0
2026-08-18 00:00:00+08:00,0.9829999804496765,0.984000027179718,0.9750000238418579,0.9800000190734863,3468500,0.0,0.0
2026-08-19 00:00:00+08:00,0.9789999723434448,0.9789999723434448,0.9570000171661377,0.9580000042915344,6155900,0.0,0.0
2026-08-20 00:00:00+08:00,0.9599999785423279,0.968999981880188,0.9559999704360962,0.9580000042915344,3566209,0.0,0.0
2026-08-21 00:00:00+08:00,0.9599999785423279,0.9710000157356262,0.9539999961853027,0.9660000205039978,7620100,0.0,0.0
2026-08-24 00:00:00+08:00,0.9660000205039978,0.972000002861023,0.9539999961853027,0.9589999914169312,4054901,0.0,0.0
2026-08-25 00:00:00+08:00,0.9549999833106995,0.9559999704360962,0.9449999928474426,0.9539999961853027,3909024,0.0,0.0
2026-08-26 00:00:00+08:00,0.9520000219345093,0.9679999947547913,0.9520000219345093,0.9629999995231628,5014700,0.0,0.0
2026-08-27 00:00:00+08:00,0.9639999866485596,0.9649999737739563,0.9539999961853027,0.9649999737739563,4568300,0.0,0.0
2026-08-28 00:00:00+08:00,0.9670000076293945,0.9700000286102295,0.9620000123977661,0.9679999947547913,3574418,0.0,0.0
2026-08-31 00:00:00+08:00,0.9589999914169312,0.9589999914169312,0.9449999928474426,0.9559999704360962,5281701,0.0,0.0
2026-09-01 00:00:00+08:00,0.9549999833106995,0.9570000171661377,0.949999988079071,0.949999988079071,1921102,0.0,0.0
2026-09-02 00:00:00+08:00,0.9480000138282776,0.9480000138282776,0.9300000071525574,0.9340000152587891,3060003,0.0,0.0
2026-09-03 00:00:00+08:00,0.9359999895095825,0.9449999928474426,0.9350000023841858,0.9409999847412109,2923801,0.0,0.0
2026-09-04 00:00:00+08:00,0.9409999847412109,0.9480000138282776,0.9319999814033508,0.9390000104904175,2276202,0.0,0.0
2026-09-07 00:00:00+08:00,0.9330000281333923,0.9350000023841858,0.9290000200271606,0.9309999942779541,1956200,0.0,0.0
2026-09-08 00:00:00+08:00,0.9300000071525574,0.9340000152587891,0.9269999861717224,0.9300000071525574,5302103,0.0,0.0
2026-09-09 00:00:00+08:00,0.9300000071525574,0.9369999766349792,0.9269999861717224,0.9350000023841858,2522000,0.0,0.0
2026-09-10 00:00:00+08:00,0.9290000200271606,0.9300000071525574,0.9259999990463257,0.9259999990463257,2957401,0.0,0.0
2026-09-11 00:00:00+08:00,0.9169999957084656,0.9269999861717224,0.9010000228881836,0.9120000004768372,4710701,0.0,0.0
2026-09-14 00:00:00+08:00,0.9110000133514404,0.9179999828338623,0.9110000133514404,0.9139999747276306,2335019,0.0,0.0
2026-09-15 00:00:00+08:00,0.9110000133514404,0.9150000214576721,0.902999997138977,0.902999997138977,3289105,0.0,0.0
2026-09-16 00:00:00+08:00,0.902999997138977,0.9049999713897705,0.8899999856948853,0.902999997138977,3785115,0.0,0.0
2026-09-17 00:00:00+08:00,0.9020000100135803,0.9020000100135803,0.8930000066757202,0.8960000276565552,4228600,0.0,0.0
2026-09-18 00:00:00+08:00,0.8980000019073486,0.9020000100135803,0.8960000276565552,0.9010000228881836,5552800,0.0,0.0
2026-09-21 00:00:00+08:00,0.902999997138977,0.906000018119812,0.8989999890327454,0.902999997138977,3508701,0.0,0.0
2026-09-22 00:00:00+08:00,0.9039999842643738,0.9100000262260437,0.9039999842643738,0.906000018119812,3001105,0.0,0.0
2026-09-23 00:00:00+08:00,0.9039999842643738,0.9039999842643738,0.9010000228881836,0.9020000100135803,2925719,0.0,0.0
2026-09-24 00:00:00+08:00,0.8970000147819519,0.8980000019073486,0.8870000243186951,0.8870000243186951,3663200,0.0,0.0
