Date,Open,High,Low,Close,Volume,Dividends,Stock Splits,Capital Gains
2020-06-03 00:00:00-04:00,10.864153794476042,10.970598220825195,10.864153794476042,10.970598220825195,500,0.0,0.0,0.0
2020-06-04 00:00:00-04:00,10.899494171142578,10.899494171142578,10.899494171142578,10.899494171142578,0,0.0,0.0,0.0
2020-06-05 00:00:00-04:00,11.057645797729492,11.057645797729492,11.057645797729492,11.057645797729492,0,0.0,0.0,0.0
2020-06-08 00:00:00-04:00,11.208908081054688,11.208908081054688,11.208908081054688,11.208908081054688,100,0.0,0.0,0.0
2020-06-09 00:00:00-04:00,11.152882229913745,11.152882229913745,11.131335258483887,11.131335258483887,800,0.0,0.0,0.0
2020-06-10 00:00:00-04:00,11.071005175757596,11.118840217590332,11.071005175757596,11.118840217590332,800,0.0,0.0,0.0
2020-06-11 00:00:00-04:00,10.412520408630371,10.412520408630371,10.412520408630371,10.412520408630371,0,0.0,0.0,0.0
2020-06-12 00:00:00-04:00,10.558182136709169,10.575420379638672,10.558182136709169,10.575420379638672,800,0.0,0.0,0.0
2020-06-15 00:00:00-04:00,10.515087101742749,10.576281547546387,10.515087101742749,10.576281547546387,1700,0.0,0.0,0.0
2020-06-16 00:00:00-04:00,10.868462462263993,10.868462462263993,10.773654597711396,10.789168357849121,2800,0.0,0.0,0.0
2020-06-17 00:00:00-04:00,10.795197289997397,10.82536420133821,10.728401184082031,10.728401184082031,1800,0.0,0.0,0.0
2020-06-18 00:00:00-04:00,10.7650333043893,10.773652423599648,10.734867209117533,10.737022399902344,1900,0.0,0.0,0.0
2020-06-19 00:00:00-04:00,10.85553114092319,10.85553114092319,10.72624683380127,10.72624683380127,1300,0.0,0.0,0.0
2020-06-22 00:00:00-04:00,10.661606924850155,11.011104583740234,10.661606924850155,11.011104583740234,1400,0.0,0.0,0.0
2020-06-23 00:00:00-04:00,10.777966792462347,10.860708236694336,10.777966792462347,10.860708236694336,1400,0.0,0.0,0.0
2020-06-24 00:00:00-04:00,10.747795785445481,10.747795785445481,10.673672676086426,10.673672676086426,1200,0.0,0.0,0.0
2020-06-25 00:00:00-04:00,10.566798215309225,10.643937110900879,10.540940858360976,10.643937110900879,1000,0.0,0.0,0.0
2020-06-26 00:00:00-04:00,10.558179880653597,10.579726857746687,10.475869178771973,10.475869178771973,2100,0.0,0.0,0.0
2020-06-29 00:00:00-04:00,10.471998641985207,10.514662742614746,10.372881153525261,10.514662742614746,1400,0.0,0.0,0.0
2020-06-30 00:00:00-04:00,10.51078119384133,10.68703842163086,10.51078119384133,10.68703842163086,1700,0.0,0.0,0.0
2020-07-01 00:00:00-04:00,10.695223808288574,10.695223808288574,10.695223808288574,10.695223808288574,0,0.0,0.0,0.0
2020-07-02 00:00:00-04:00,10.821061743961403,10.894322647081276,10.821061743961403,10.836575508117676,2200,0.0,0.0,0.0
2020-07-06 00:00:00-04:00,10.894324697858123,10.906391143798828,10.894324697858123,10.906391143798828,800,0.0,0.0,0.0
2020-07-07 00:00:00-04:00,10.93741132776546,10.93741132776546,10.855100631713867,10.855100631713867,900,0.0,0.0,0.0
2020-07-08 00:00:00-04:00,10.907678604125977,10.907678604125977,10.907678604125977,10.907678604125977,0,0.0,0.0,0.0
2020-07-09 00:00:00-04:00,10.821062088012695,10.821062088012695,10.821062088012695,10.821062088012695,100,0.0,0.0,0.0
2020-07-10 00:00:00-04:00,10.81243817034496,10.844327926635742,10.81243817034496,10.844327926635742,500,0.0,0.0,0.0
2020-07-13 00:00:00-04:00,10.896195808901279,11.009516345071503,10.792900085449219,10.792900085449219,300,0.283,0.0,0.0
2020-07-14 00:00:00-04:00,10.859589576721191,10.859589576721191,10.859589576721191,10.859589576721191,100,0.0,0.0,0.0
2020-07-15 00:00:00-04:00,10.972906112670898,10.972906112670898,10.972906112670898,10.972906112670898,100,0.0,0.0,0.0
2020-07-16 00:00:00-04:00,10.952856063842773,10.952856063842773,10.952856063842773,10.952856063842773,100,0.0,0.0,0.0
2020-07-17 00:00:00-04:00,11.007339477539062,11.007339477539062,11.007339477539062,11.007339477539062,100,0.0,0.0,0.0
2020-07-20 00:00:00-04:00,10.904915982806509,11.017364501953125,10.904915982806509,11.017364501953125,1200,0.0,0.0,0.0
2020-07-21 00:00:00-04:00,10.961576630877554,11.07707691192627,10.961576630877554,11.07707691192627,900,0.0,0.0,0.0
2020-07-22 00:00:00-04:00,11.000799302132325,11.135911898785462,11.000799302132325,11.093634605407715,1800,0.0,0.0,0.0
2020-07-23 00:00:00-04:00,11.061819235343544,11.070100784301758,11.061819235343544,11.070100784301758,1000,0.0,0.0,0.0
2020-07-24 00:00:00-04:00,10.979010542728405,11.08143424987793,10.948501317989653,11.08143424987793,5500,0.0,0.0,0.0
2020-07-27 00:00:00-04:00,11.07053418133165,11.152473449707031,11.07053418133165,11.152473449707031,2200,0.0,0.0,0.0
2020-07-28 00:00:00-04:00,11.147245407104492,11.147245407104492,11.147245407104492,11.147245407104492,0,0.0,0.0,0.0
2020-07-29 00:00:00-04:00,11.249235362341041,11.31461238861084,11.249235362341041,11.31461238861084,1600,0.0,0.0,0.0
2020-07-30 00:00:00-04:00,11.253595153434267,11.271029472351074,11.253595153434267,11.271029472351074,800,0.0,0.0,0.0
2020-07-31 00:00:00-04:00,11.273202896118164,11.273202896118164,11.273202896118164,11.273202896118164,100,0.0,0.0,0.0
2020-08-03 00:00:00-04:00,11.340759408384823,11.402649879455566,11.340759408384823,11.402649879455566,1600,0.0,0.0,0.0
2020-08-04 00:00:00-04:00,11.406136940567395,11.458439042259744,11.406136940567395,11.457131385803223,1300,0.0,0.0,0.0
2020-08-05 00:00:00-04:00,11.480231433775126,11.525995254516602,11.480231433775126,11.525995254516602,1600,0.0,0.0,0.0
2020-08-06 00:00:00-04:00,11.57175844448153,11.573502540588379,11.57175844448153,11.573502540588379,400,0.0,0.0,0.0
2020-08-07 00:00:00-04:00,11.563043594360352,11.563043594360352,11.563043594360352,11.563043594360352,100,0.0,0.0,0.0
2020-08-10 00:00:00-04:00,11.628418771313502,11.676362292589246,11.628418771313502,11.654133796691895,9400,0.0,0.0,0.0
2020-08-11 00:00:00-04:00,11.635660650197815,11.635660650197815,11.60882568359375,11.60882568359375,500,0.247,0.0,0.0
2020-08-12 00:00:00-04:00,11.710442369595645,11.710442369595645,11.705602645874023,11.705602645874023,100,0.0,0.0,0.0
2020-08-13 00:00:00-04:00,11.700766563415527,11.700766563415527,11.700766563415527,11.700766563415527,0,0.0,0.0,0.0
2020-08-14 00:00:00-04:00,11.657215118408203,11.657215118408203,11.657215118408203,11.657215118408203,0,0.0,0.0,0.0
2020-08-17 00:00:00-04:00,11.701649891285355,11.7210054397583,11.701649891285355,11.7210054397583,200,0.0,0.0,0.0
2020-08-18 00:00:00-04:00,11.697248458862305,11.697248458862305,11.697248458862305,11.697248458862305,100,0.0,0.0,0.0
2020-08-19 00:00:00-04:00,11.708248138427734,11.708248138427734,11.708248138427734,11.708248138427734,100,0.0,0.0,0.0
2020-08-20 00:00:00-04:00,11.692846272279535,11.693285942077637,11.684047841930509,11.693285942077637,3500,0.0,0.0,0.0
2020-08-21 00:00:00-04:00,11.679648531513049,11.687127113342285,11.670850940300264,11.687127113342285,600,0.0,0.0,0.0
2020-08-24 00:00:00-04:00,11.73243948454852,11.73243948454852,11.700325965881348,11.700325965881348,1100,0.0,0.0,0.0
2020-08-25 00:00:00-04:00,11.706045921585265,11.706045921585265,11.699446678161621,11.699446678161621,900,0.0,0.0,0.0
2020-08-26 00:00:00-04:00,11.714839950091443,11.714839950091443,11.712640762329102,11.712640762329102,1300,0.0,0.0,0.0
2020-08-27 00:00:00-04:00,11.736841056163213,11.736841056163213,11.731561660766602,11.731561660766602,800,0.0,0.0,0.0
2020-08-28 00:00:00-04:00,11.754436226698111,11.754436226698111,11.733760833740234,11.733760833740234,800,0.0,0.0,0.0
2020-08-31 00:00:00-04:00,11.754436472064056,11.754436472064056,11.750917434692383,11.750917434692383,200,0.0,0.0,0.0
2020-09-01 00:00:00-04:00,11.811623109910299,11.840217590332031,11.811623109910299,11.840217590332031,700,0.0,0.0,0.0
2020-09-02 00:00:00-04:00,11.926881790161133,11.926881790161133,11.926881790161133,11.926881790161133,100,0.0,0.0,0.0
2020-09-03 00:00:00-04:00,11.649739265441895,11.649739265441895,11.649739265441895,11.649739265441895,100,0.0,0.0,0.0
2020-09-04 00:00:00-04:00,11.591231346130371,11.591231346130371,11.591231346130371,11.591231346130371,100,0.0,0.0,0.0
2020-09-08 00:00:00-04:00,11.431099891662598,11.431099891662598,11.431099891662598,11.431099891662598,0,0.0,0.0,0.0
2020-09-09 00:00:00-04:00,11.609262090995927,11.642255783081055,11.609262090995927,11.642255783081055,3500,0.0,0.0,0.0
2020-09-10 00:00:00-04:00,11.697247644404227,11.697247644404227,11.574072113998035,11.58375072479248,3100,0.0,0.0,0.0
2020-09-11 00:00:00-04:00,11.619717212395926,11.628597596907,11.570875944465095,11.592632293701172,1300,0.243,0.0,0.0
2020-09-14 00:00:00-04:00,11.679657936096191,11.679657936096191,11.679657936096191,11.679657936096191,0,0.0,0.0,0.0
2020-09-15 00:00:00-04:00,11.75291501749042,11.755135536193848,11.748474826963314,11.755135536193848,1600,0.0,0.0,0.0
2020-09-16 00:00:00-04:00,11.788434971731984,11.788434971731984,11.783995628356934,11.783995628356934,800,0.0,0.0,0.0
2020-09-17 00:00:00-04:00,11.706740379333496,11.706740379333496,11.706740379333496,11.706740379333496,100,0.0,0.0,0.0
2020-09-18 00:00:00-04:00,11.70407276403843,11.70407276403843,11.66899585723877,11.66899585723877,900,0.0,0.0,0.0
2020-09-21 00:00:00-04:00,11.492727279663086,11.492727279663086,11.492727279663086,11.492727279663086,100,0.0,0.0,0.0
2020-09-22 00:00:00-04:00,11.515372276306152,11.515372276306152,11.515372276306152,11.515372276306152,100,0.0,0.0,0.0
2020-09-23 00:00:00-04:00,11.20988941192627,11.20988941192627,11.20988941192627,11.20988941192627,100,0.0,0.0,0.0
2020-09-24 00:00:00-04:00,11.146844863891602,11.146844863891602,11.146844863891602,11.146844863891602,100,0.0,0.0,0.0
2020-09-25 00:00:00-04:00,11.160164833068848,11.160164833068848,11.160164833068848,11.160164833068848,100,0.0,0.0,0.0
2020-09-28 00:00:00-04:00,11.291150133137315,11.304914474487305,11.291150133137315,11.304914474487305,1600,0.0,0.0,0.0
2020-09-29 00:00:00-04:00,11.260072120611575,11.260072120611575,11.251191734513624,11.257851600646973,300,0.0,0.0,0.0
2020-09-30 00:00:00-04:00,11.33643913269043,11.33643913269043,11.33643913269043,11.33643913269043,100,0.0,0.0,0.0
2020-10-01 00:00:00-04:00,11.382170677185059,11.382170677185059,11.382170677185059,11.382170677185059,300,0.0,0.0,0.0
2020-10-02 00:00:00-04:00,11.344428900984246,11.37240219116211,11.344428900984246,11.37240219116211,800,0.0,0.0,0.0
2020-10-05 00:00:00-04:00,11.510041236877441,11.510041236877441,11.510041236877441,11.510041236877441,100,0.0,0.0,0.0
2020-10-06 00:00:00-04:00,11.486513860016752,11.504273780655598,11.477633476257324,11.477633476257324,1000,0.0,0.0,0.0
2020-10-07 00:00:00-04:00,11.57087207847575,11.606392757772015,11.57087207847575,11.594405174255371,1700,0.0,0.0,0.0
2020-10-08 00:00:00-04:00,11.651236534118652,11.651236534118652,11.651236534118652,11.651236534118652,100,0.0,0.0,0.0
2020-10-09 00:00:00-04:00,11.687620094501519,11.687620094501519,11.667407035827637,11.667407035827637,800,0.302,0.0,0.0
2020-10-12 00:00:00-04:00,11.746016876810266,11.759492539402792,11.746016876810266,11.749610900878906,800,0.0,0.0,0.0
2020-10-13 00:00:00-04:00,11.719061015846385,11.719061015846385,11.693008422851562,11.693008422851562,100,0.0,0.0,0.0
2020-10-14 00:00:00-04:00,11.678641675675651,11.678641675675651,11.663818359375,11.663818359375,200,0.0,0.0,0.0
2020-10-15 00:00:00-04:00,11.622040748596191,11.622040748596191,11.622040748596191,11.622040748596191,100,0.0,0.0,0.0
2020-10-16 00:00:00-04:00,11.578472137451172,11.578472137451172,11.578472137451172,11.578472137451172,100,0.0,0.0,0.0
2020-10-19 00:00:00-04:00,11.578472137451172,11.578472137451172,11.578472137451172,11.578472137451172,0,0.0,0.0,0.0
2020-10-20 00:00:00-04:00,11.552868790998565,11.560504913330078,11.552868790998565,11.560504913330078,200,0.0,0.0,0.0
2020-10-21 00:00:00-04:00,11.544784545898438,11.544784545898438,11.544784545898438,11.544784545898438,0,0.0,0.0,0.0
2020-10-22 00:00:00-04:00,11.546130180358887,11.546130180358887,11.546130180358887,11.546130180358887,0,0.0,0.0,0.0
2020-10-23 00:00:00-04:00,11.54388609802054,11.54388609802054,11.534453392028809,11.534453392028809,800,0.0,0.0,0.0
2020-10-26 00:00:00-04:00,11.363761901855469,11.363761901855469,11.363761901855469,11.363761901855469,100,0.0,0.0,0.0
2020-10-27 00:00:00-04:00,11.36870897886354,11.36870897886354,11.33052921295166,11.33052921295166,700,0.0,0.0,0.0
2020-10-28 00:00:00-04:00,11.364211811747637,11.364211811747637,11.032718658447266,11.032718658447266,1300,0.0,0.0,0.0
2020-10-29 00:00:00-04:00,11.108181953430176,11.108181953430176,11.103690066489149,11.108181953430176,800,0.0,0.0,0.0
2020-10-30 00:00:00-04:00,10.986901629209228,10.987351417541504,10.986901629209228,10.987351417541504,500,0.0,0.0,0.0
2020-11-02 00:00:00-05:00,11.096502304077148,11.096502304077148,11.096502304077148,11.096502304077148,100,0.0,0.0,0.0
2020-11-03 00:00:00-05:00,11.260902521111191,11.273479461669922,11.260902521111191,11.273479461669922,500,0.0,0.0,0.0
2020-11-04 00:00:00-05:00,11.47111701965332,11.47111701965332,11.47111701965332,11.47111701965332,100,0.0,0.0,0.0
2020-11-05 00:00:00-05:00,11.719064712524414,11.719064712524414,11.719064712524414,11.719064712524414,0,0.0,0.0,0.0
2020-11-06 00:00:00-05:00,11.732543489273498,11.733441352844238,11.728051601199642,11.733441352844238,3700,0.0,0.0,0.0
2020-11-09 00:00:00-05:00,11.948148857489041,11.948148857489041,11.908171653747559,11.908171653747559,1000,0.0,0.0,0.0
2020-11-10 00:00:00-05:00,11.965760231018066,11.965760231018066,11.965760231018066,11.965760231018066,200,0.253,0.0,0.0
2020-11-11 00:00:00-05:00,12.059642791748047,12.059642791748047,12.059642791748047,12.059642791748047,300,0.0,0.0,0.0
2020-11-12 00:00:00-05:00,11.986618041992188,11.986618041992188,11.986618041992188,11.986618041992188,100,0.0,0.0,0.0
2020-11-13 00:00:00-05:00,12.114062309265137,12.114062309265137,12.114062309265137,12.114062309265137,100,0.0,0.0,0.0
2020-11-16 00:00:00-05:00,12.24920970226601,12.265082359313965,12.24920970226601,12.265082359313965,300,0.0,0.0,0.0
2020-11-17 00:00:00-05:00,12.34535026550293,12.34535026550293,12.34535026550293,12.34535026550293,100,0.0,0.0,0.0
2020-11-18 00:00:00-05:00,12.3462553024292,12.3462553024292,12.3462553024292,12.3462553024292,100,0.0,0.0,0.0
2020-11-19 00:00:00-05:00,12.385257720947266,12.385257720947266,12.385257720947266,12.385257720947266,100,0.0,0.0,0.0
2020-11-20 00:00:00-05:00,12.4079345735579,12.4079345735579,12.394329071044922,12.394329071044922,300,0.0,0.0,0.0
2020-11-23 00:00:00-05:00,12.470967292785645,12.470967292785645,12.470967292785645,12.470967292785645,0,0.0,0.0,0.0
2020-11-24 00:00:00-05:00,12.592053413391113,12.592053413391113,12.592053413391113,12.592053413391113,0,0.0,0.0,0.0
2020-11-25 00:00:00-05:00,12.631961822509766,12.631961822509766,12.631961822509766,12.631961822509766,0,0.0,0.0,0.0
2020-11-27 00:00:00-05:00,12.694550514221191,12.694550514221191,12.694550514221191,12.694550514221191,0,0.0,0.0,0.0
2020-11-30 00:00:00-05:00,12.711781481325165,12.719037055969238,12.711781481325165,12.719037055969238,200,0.0,0.0,0.0
2020-12-01 00:00:00-05:00,12.816093444824219,12.816093444824219,12.816093444824219,12.816093444824219,100,0.0,0.0,0.0
2020-12-02 00:00:00-05:00,12.868694305419922,12.868694305419922,12.868694305419922,12.868694305419922,100,0.0,0.0,0.0
2020-12-03 00:00:00-05:00,12.91132064928679,12.920390980496745,12.891366958618164,12.891366958618164,500,0.0,0.0,0.0
2020-12-04 00:00:00-05:00,12.992953418971654,13.014721870422363,12.992953418971654,13.014721870422363,300,0.0,0.0,0.0
2020-12-07 00:00:00-05:00,12.992956423418702,12.992956423418702,12.987060619580289,12.99250316619873,1700,0.0,0.0,0.0
2020-12-08 00:00:00-05:00,13.020168670753336,13.047379678264248,13.020168670753336,13.04329776763916,7100,0.0,0.0,0.0
2020-12-09 00:00:00-05:00,13.101799279586565,13.101799279586565,13.039216041564941,13.039216041564941,1300,0.0,0.0,0.0
2020-12-10 00:00:00-05:00,13.016342947134195,13.032808303833008,13.016342947134195,13.032808303833008,1400,0.242,0.0,0.0
2020-12-11 00:00:00-05:00,13.01039981842041,13.01039981842041,13.01039981842041,13.01039981842041,100,0.0,0.0,0.0
2020-12-14 00:00:00-05:00,13.112390768373764,13.112390768373764,13.009028434753418,13.009028434753418,11700,0.0,0.0,0.0
2020-12-15 00:00:00-05:00,13.043786501374512,13.116963353281887,13.043786501374512,13.104157447814941,10900,0.0,0.0,0.0
2020-12-16 00:00:00-05:00,13.17413330078125,13.17413330078125,13.17413330078125,13.17413330078125,100,0.0,0.0,0.0
2020-12-17 00:00:00-05:00,13.23816967010498,13.23816967010498,13.23816967010498,13.23816967010498,0,0.0,0.0,0.0
2020-12-18 00:00:00-05:00,13.208435655677379,13.210722923278809,13.199289202282646,13.210722923278809,1100,0.0,0.0,0.0
2020-12-21 00:00:00-05:00,13.05293529920934,13.148979601051792,13.048361636406796,13.137088775634766,5200,0.0,0.0,0.0
2020-12-22 00:00:00-05:00,13.121079444885254,13.121079444885254,13.121079444885254,13.121079444885254,100,0.0,0.0,0.0
2020-12-23 00:00:00-05:00,13.167270499878056,13.17641695053962,13.162696838378906,13.162696838378906,400,0.0,0.0,0.0
2020-12-24 00:00:00-05:00,13.205232620239258,13.205232620239258,13.205232620239258,13.205232620239258,100,0.0,0.0,0.0
2020-12-28 00:00:00-05:00,13.249596029781868,13.249596029781868,13.228100776672363,13.228100776672363,500,0.0,0.0,0.0
2020-12-29 00:00:00-05:00,13.258747163019079,13.258747163019079,13.221701622009277,13.221701622009277,700,0.0,0.0,0.0
2020-12-30 00:00:00-05:00,13.272466125615209,13.295790672302246,13.272466125615209,13.295790672302246,200,0.0,0.0,0.0
2020-12-31 00:00:00-05:00,13.36439323425293,13.36439323425293,13.36439323425293,13.36439323425293,100,0.0,0.0,0.0
2021-01-04 00:00:00-05:00,13.148981802334712,13.199291229248047,13.135260811630038,13.199291229248047,500,0.0,0.0,0.0
2021-01-05 00:00:00-05:00,13.180995744339821,13.250514030456543,13.180995744339821,13.250514030456543,1400,0.0,0.0,0.0
2021-01-06 00:00:00-05:00,13.26423454284668,13.26423454284668,13.26423454284668,13.26423454284668,100,0.0,0.0,0.0
2021-01-07 00:00:00-05:00,13.377654318338417,13.377654318338417,13.333747863769531,13.333747863769531,900,0.0,0.0,0.0
2021-01-08 00:00:00-05:00,13.37308406829834,13.37308406829834,13.37308406829834,13.37308406829834,100,0.0,0.0,0.0
2021-01-11 00:00:00-05:00,13.373084603037642,13.373084603037642,13.31820239096751,13.322318077087402,500,0.0,0.0,0.0
2021-01-12 00:00:00-05:00,13.365856541175038,13.365856541175038,13.306113243103027,13.306113243103027,1000,0.363,0.0,0.0
2021-01-13 00:00:00-05:00,13.382061004638672,13.382061004638672,13.382061004638672,13.382061004638672,100,0.0,0.0,0.0
2021-01-14 00:00:00-05:00,13.439953916173017,13.439953916173017,13.413555145263672,13.413555145263672,200,0.0,0.0,0.0
2021-01-15 00:00:00-05:00,13.37094497680664,13.37094497680664,13.37094497680664,13.37094497680664,100,0.0,0.0,0.0
2021-01-19 00:00:00-05:00,13.491357803344727,13.491357803344727,13.491357803344727,13.491357803344727,100,0.0,0.0,0.0
2021-01-20 00:00:00-05:00,13.602047304068336,13.60667779908263,13.59880542755127,13.59880542755127,600,0.0,0.0,0.0
2021-01-21 00:00:00-05:00,13.620568672673434,13.620568672673434,13.610380172729492,13.610380172729492,200,0.0,0.0,0.0
2021-01-22 00:00:00-05:00,13.578890579285233,13.578890579285233,13.561291694641113,13.561291694641113,300,0.0,0.0,0.0
2021-01-25 00:00:00-05:00,13.578888443371117,14.013765356469834,13.50432529429003,13.542301177978516,3900,0.0,0.0,0.0
2021-01-26 00:00:00-05:00,13.523778915405273,13.523778915405273,13.523778915405273,13.523778915405273,200,0.0,0.0,0.0
2021-01-27 00:00:00-05:00,13.439950899256315,13.439950899256315,13.336673736572266,13.336673736572266,2200,0.0,0.0,0.0
2021-01-28 00:00:00-05:00,13.472369812766617,13.477001190594107,13.414941787719727,13.414941787719727,2200,0.0,0.0,0.0
2021-01-29 00:00:00-05:00,13.38437265767634,13.38437265767634,13.268590885752939,13.341765403747559,1800,0.0,0.0,0.0
2021-02-01 00:00:00-05:00,13.706716973358807,13.706716973358807,13.469132423400879,13.469132423400879,200,0.0,0.0,0.0
2021-02-02 00:00:00-05:00,13.586758613586426,13.586758613586426,13.586758613586426,13.586758613586426,100,0.0,0.0,0.0
2021-02-03 00:00:00-05:00,13.636778831481934,13.636778831481934,13.636778831481934,13.636778831481934,100,0.0,0.0,0.0
2021-02-04 00:00:00-05:00,13.725227355957031,13.725227355957031,13.725227355957031,13.725227355957031,300,0.0,0.0,0.0
2021-02-05 00:00:00-05:00,13.75950522252251,13.773399353027344,13.75950522252251,13.773399353027344,500,0.0,0.0,0.0
2021-02-08 00:00:00-05:00,13.842870382844993,13.851670265197754,13.84240751009325,13.851670265197754,1800,0.0,0.0,0.0
2021-02-09 00:00:00-05:00,13.898451747857758,13.926239141257872,13.870664354457643,13.912345886230469,4100,0.0,0.0,0.0
2021-02-10 00:00:00-05:00,13.981809159917834,13.981809159917834,13.937811514527537,13.94105339050293,800,0.0,0.0,0.0
2021-02-11 00:00:00-05:00,14.079051607770138,14.079051607770138,13.955976486206055,13.955976486206055,900,0.198,0.0,0.0
2021-02-12 00:00:00-05:00,13.975550396225756,13.975550396225756,13.959699630737305,13.959699630737305,600,0.0,0.0,0.0
2021-02-16 00:00:00-05:00,14.011447689133934,14.013778265705538,13.953173493713608,13.959234237670898,2300,0.0,0.0,0.0
2021-02-17 00:00:00-05:00,13.920544412688404,13.985811247300415,13.920544412688404,13.976487159729004,800,0.0,0.0,0.0
2021-02-18 00:00:00-05:00,13.935929298400879,13.935929298400879,13.935929298400879,13.935929298400879,100,0.0,0.0,0.0
2021-02-19 00:00:00-05:00,13.969027519226074,13.969027519226074,13.969027519226074,13.969027519226074,100,0.0,0.0,0.0
2021-02-22 00:00:00-05:00,13.981151758095788,13.981151758095788,13.911688804626465,13.911688804626465,800,0.0,0.0,0.0
2021-02-23 00:00:00-05:00,13.806324843845058,13.843620300292969,13.76669881039145,13.843620300292969,300,0.0,0.0,0.0
2021-02-24 00:00:00-05:00,13.966229438781738,13.966229438781738,13.966229438781738,13.966229438781738,100,0.0,0.0,0.0
2021-02-25 00:00:00-05:00,13.827302244500977,13.827302244500977,13.65714168548584,13.65714168548584,6000,0.0,0.0,0.0
2021-02-26 00:00:00-05:00,13.715413154275218,13.724737237918728,13.715413154275218,13.723804473876953,400,0.0,0.0,0.0
2021-03-01 00:00:00-05:00,13.831966679898798,13.9788179397583,13.831966679898798,13.9788179397583,1100,0.0,0.0,0.0
2021-03-02 00:00:00-05:00,14.027766609190085,14.069724107657755,14.027766609190085,14.05107593536377,400,0.0,0.0,0.0
2021-03-03 00:00:00-05:00,14.018436538239749,14.018436538239749,13.971817016601562,13.971817016601562,200,0.0,0.0,0.0
2021-03-04 00:00:00-05:00,13.776018112751926,13.803990364074707,13.776018112751926,13.803990364074707,2500,0.0,0.0,0.0
2021-03-05 00:00:00-05:00,13.855279371050475,13.901432991027832,13.803998657868426,13.901432991027832,300,0.0,0.0,0.0
2021-03-08 00:00:00-05:00,13.957837221439165,13.957837221439165,13.861334800720215,13.861334800720215,300,0.0,0.0,0.0
2021-03-09 00:00:00-05:00,14.032424958369136,14.032424958369136,14.00025749206543,14.00025749206543,200,0.0,0.0,0.0
2021-03-10 00:00:00-05:00,14.046413297347488,14.107018965542162,14.046413297347488,14.093032836914062,1300,0.0,0.0,0.0
2021-03-11 00:00:00-05:00,14.164948463439941,14.164948463439941,14.164948463439941,14.164948463439941,100,0.248,0.0,0.0
2021-03-12 00:00:00-05:00,14.133922576904297,14.133922576904297,14.133922576904297,14.133922576904297,100,0.0,0.0,0.0
2021-03-15 00:00:00-04:00,14.392927393567494,14.392927393567494,14.188925743103027,14.188925743103027,100,0.0,0.0,0.0
2021-03-16 00:00:00-04:00,14.242510150999436,14.242510150999436,14.194095611572266,14.194095611572266,700,0.0,0.0,0.0
2021-03-17 00:00:00-04:00,14.216655731201172,14.216655731201172,14.216655731201172,14.216655731201172,0,0.0,0.0,0.0
2021-03-18 00:00:00-04:00,14.041796684265137,14.041796684265137,14.041796684265137,14.041796684265137,100,0.0,0.0,0.0
2021-03-19 00:00:00-04:00,14.121707916259766,14.121707916259766,14.121707916259766,14.121707916259766,200,0.0,0.0,0.0
2021-03-22 00:00:00-04:00,14.148496850734919,14.169649124145508,14.148496850734919,14.169649124145508,300,0.0,0.0,0.0
2021-03-23 00:00:00-04:00,14.167300801808342,14.167300801808342,14.147089004516602,14.147089004516602,300,0.0,0.0,0.0
2021-03-24 00:00:00-04:00,14.170120239257812,14.170120239257812,14.170120239257812,14.170120239257812,200,0.0,0.0,0.0
2021-03-25 00:00:00-04:00,14.150847434997559,14.150847434997559,14.150847434997559,14.150847434997559,100,0.0,0.0,0.0
2021-03-26 00:00:00-04:00,14.22652816772461,14.22652816772461,14.22652816772461,14.22652816772461,100,0.0,0.0,0.0
2021-03-29 00:00:00-04:00,14.25190518432435,14.26318645477295,14.25190518432435,14.26318645477295,200,0.0,0.0,0.0
2021-03-30 00:00:00-04:00,14.294211387634277,14.294211387634277,14.294211387634277,14.294211387634277,100,0.0,0.0,0.0
2021-03-31 00:00:00-04:00,14.41877269744873,14.41877269744873,14.41877269744873,14.41877269744873,100,0.0,0.0,0.0
2021-04-01 00:00:00-04:00,14.496331584888804,14.496801376342773,14.496331584888804,14.496801376342773,600,0.0,0.0,0.0
2021-04-05 00:00:00-04:00,14.56683914974052,14.56683914974052,14.542396545410156,14.542396545410156,200,0.0,0.0,0.0
2021-04-06 00:00:00-04:00,14.562145233154297,14.562145233154297,14.562145233154297,14.562145233154297,0,0.0,0.0,0.0
2021-04-07 00:00:00-04:00,14.632176399230957,14.632176399230957,14.632176399230957,14.632176399230957,100,0.0,0.0,0.0
2021-04-08 00:00:00-04:00,14.737939834594727,14.737939834594727,14.737939834594727,14.737939834594727,100,0.0,0.0,0.0
2021-04-09 00:00:00-04:00,14.773665632900729,14.773665632900729,14.76003360748291,14.76003360748291,800,0.0,0.0,0.0
2021-04-12 00:00:00-04:00,15.178171110188245,15.178171110188245,14.763833045959473,14.763833045959473,700,0.302,0.0,0.0
2021-04-13 00:00:00-04:00,14.844038963317871,14.844038963317871,14.844038963317871,14.844038963317871,100,0.0,0.0,0.0
2021-04-14 00:00:00-04:00,14.864922801859178,14.864922801859178,14.842141151428223,14.842141151428223,300,0.0,0.0,0.0
2021-04-15 00:00:00-04:00,14.961274147033691,14.961274147033691,14.961274147033691,14.961274147033691,400,0.0,0.0,0.0
2021-04-16 00:00:00-04:00,15.70024170017319,15.70024170017319,14.940857744163365,14.962215423583984,1000,0.0,0.0,0.0
2021-04-19 00:00:00-04:00,14.926620441953638,14.926620441953638,14.883905081546384,14.900516510009766,1100,0.0,0.0,0.0
2021-04-20 00:00:00-04:00,14.798479233732026,14.833126068115234,14.798479233732026,14.833126068115234,300,0.0,0.0,0.0
2021-04-21 00:00:00-04:00,14.962215423583984,14.962215423583984,14.962215423583984,14.962215423583984,100,0.0,0.0,0.0
2021-04-22 00:00:00-04:00,14.882962226867676,14.882962226867676,14.882962226867676,14.882962226867676,100,0.0,0.0,0.0
2021-04-23 00:00:00-04:00,14.962223236006805,14.978834672534733,14.962223236006805,14.96696949005127,500,0.0,0.0,0.0
2021-04-26 00:00:00-04:00,14.987849235534668,14.987849235534668,14.987849235534668,14.987849235534668,100,0.0,0.0,0.0
2021-04-27 00:00:00-04:00,14.978831833235878,15.003037452697754,14.978831833235878,15.003037452697754,300,0.0,0.0,0.0
2021-04-28 00:00:00-04:00,15.05477156074212,15.05477156074212,15.037211418151855,15.037211418151855,1100,0.0,0.0,0.0
2021-04-29 00:00:00-04:00,15.045277882224694,15.078500747680664,15.016800364472271,15.078500747680664,2300,0.0,0.0,0.0
2021-04-30 00:00:00-04:00,15.102229680448831,15.106501579284668,15.102229680448831,15.106501579284668,300,0.0,0.0,0.0
2021-05-03 00:00:00-04:00,15.121213559284664,15.173420522482624,15.116467307129389,15.167725563049316,3000,0.0,0.0,0.0
2021-05-04 00:00:00-04:00,15.149690820863377,15.149690820863377,15.14447021484375,15.14447021484375,200,0.0,0.0,0.0
2021-05-05 00:00:00-04:00,15.20189311790517,15.20189311790517,15.189078330993652,15.189078330993652,300,0.0,0.0,0.0
2021-05-06 00:00:00-04:00,15.217557907104492,15.217557907104492,15.217557907104492,15.217557907104492,100,0.0,0.0,0.0
2021-05-07 00:00:00-04:00,15.334789605957349,15.334789605957349,15.318178176879883,15.318178176879883,200,0.0,0.0,0.0
2021-05-10 00:00:00-04:00,15.372762350535245,15.38652585147682,15.2673978805542,15.2673978805542,6500,0.0,0.0,0.0
2021-05-11 00:00:00-04:00,15.15918382289188,15.173421675184299,15.15918382289188,15.168675422668457,9400,0.0,0.0,0.0
2021-05-12 00:00:00-04:00,15.154802634627863,15.154802634627863,14.73957633972168,14.73957633972168,5100,0.251,0.0,0.0
2021-05-13 00:00:00-04:00,14.82807445526123,14.82807445526123,14.82807445526123,14.82807445526123,100,0.0,0.0,0.0
2021-05-14 00:00:00-04:00,14.995033264160156,14.995033264160156,14.995033264160156,14.995033264160156,100,0.0,0.0,0.0
2021-05-17 00:00:00-04:00,15.03043047637325,15.068222045898438,15.006512269667793,15.068222045898438,400,0.0,0.0,0.0
2021-05-18 00:00:00-04:00,15.133267402648926,15.133267402648926,15.133267402648926,15.133267402648926,500,0.0,0.0,0.0
2021-05-19 00:00:00-04:00,15.106489181518555,15.106489181518555,15.106489181518555,15.106489181518555,500,0.0,0.0,0.0
2021-05-20 00:00:00-04:00,15.239950180053711,15.239950180053711,15.239950180053711,15.239950180053711,500,0.0,0.0,0.0
2021-05-21 00:00:00-04:00,15.276789649592269,15.276789649592269,15.263395309448242,15.263395309448242,200,0.0,0.0,0.0
2021-05-24 00:00:00-04:00,15.374855843882747,15.381074905395508,15.374855843882747,15.381074905395508,300,0.0,0.0,0.0
2021-05-25 00:00:00-04:00,15.403553158057413,15.403553158057413,15.397334098815918,15.397334098815918,100,0.0,0.0,0.0
2021-05-26 00:00:00-04:00,15.45617970288636,15.475313170907045,15.45617970288636,15.461918830871582,8200,0.0,0.0,0.0
2021-05-27 00:00:00-04:00,15.494447423475112,15.494447423475112,15.456178665161133,15.456178665161133,5700,0.0,0.0,0.0
2021-05-28 00:00:00-04:00,15.537025451660156,15.537025451660156,15.537025451660156,15.537025451660156,100,0.0,0.0,0.0
2021-06-01 00:00:00-04:00,15.72406723415803,15.72406723415803,15.603996276855469,15.603996276855469,300,0.0,0.0,0.0
2021-06-02 00:00:00-04:00,15.628391047537457,15.643699645996094,15.628391047537457,15.643699645996094,500,0.0,0.0,0.0
2021-06-03 00:00:00-04:00,15.580553508390745,15.623128890991213,15.580553508390745,15.623128890991211,1500,0.0,0.0,0.0
2021-06-04 00:00:00-04:00,15.64274578014234,15.686277389526367,15.64274578014234,15.686277389526367,1000,0.0,0.0,0.0
2021-06-07 00:00:00-04:00,15.710185050964357,15.710185050964357,15.710185050964357,15.710185050964355,200,0.0,0.0,0.0
2021-06-08 00:00:00-04:00,15.781948024314218,15.793906211853027,15.781948024314218,15.793906211853027,200,0.0,0.0,0.0
2021-06-09 00:00:00-04:00,15.86757108900287,15.86757108900287,15.850828170776367,15.850828170776367,500,0.0,0.0,0.0
2021-06-10 00:00:00-04:00,15.9345493642617,15.9345493642617,15.89867115020752,15.89867115020752,2700,0.0,0.0,0.0
2021-06-11 00:00:00-04:00,15.93339729309082,15.93339729309082,15.93339729309082,15.93339729309082,1000,0.267,0.0,0.0
2021-06-14 00:00:00-04:00,15.928571807428956,15.953649520874023,15.928571807428956,15.953649520874023,100,0.0,0.0,0.0
2021-06-15 00:00:00-04:00,16.000902144533022,16.000902144533022,15.88034079735578,15.903970718383789,2700,0.0,0.0,0.0
2021-06-16 00:00:00-04:00,15.914105224780547,15.914105224780547,15.874078750610352,15.874078750610352,5900,0.0,0.0,0.0
2021-06-17 00:00:00-04:00,15.849001282706803,15.849001282706803,15.745318412780762,15.745318412780762,300,0.0,0.0,0.0
2021-06-18 00:00:00-04:00,15.682622736661333,15.682622736661333,15.570740699768066,15.570740699768066,200,0.0,0.0,0.0
2021-06-21 00:00:00-04:00,15.624752354774886,15.663331031799316,15.624752354774886,15.663331031799316,500,0.0,0.0,0.0
2021-06-22 00:00:00-04:00,15.595816687795924,15.72988085337924,15.595816687795924,15.71782398223877,3600,0.0,0.0,0.0
2021-06-23 00:00:00-04:00,15.721207060730075,15.721207060730075,15.704328536987305,15.704328536987305,700,0.0,0.0,0.0
2021-06-24 00:00:00-04:00,15.796919822692871,15.796919822692871,15.796919822692871,15.796919822692871,1400,0.0,0.0,0.0
2021-06-25 00:00:00-04:00,15.778585433959961,15.778585433959961,15.778585433959961,15.778585433959961,1400,0.0,0.0,0.0
2021-06-28 00:00:00-04:00,15.883727073669434,15.883727073669434,15.883727073669434,15.883727073669434,100,0.0,0.0,0.0
2021-06-29 00:00:00-04:00,15.938212654865481,15.951715469360352,15.928567524566217,15.951715469360352,3700,0.0,0.0,0.0
2021-06-30 00:00:00-04:00,16.025016607401092,16.025016607401092,15.956056594848633,15.956056594848633,7200,0.0,0.0,0.0
2021-07-01 00:00:00-04:00,16.02984352947965,16.02984352947965,15.972938537597656,15.972938537597656,9100,0.0,0.0,0.0
2021-07-02 00:00:00-04:00,15.962325467212759,16.000905990600586,15.962325467212759,16.000905990600586,400,0.0,0.0,0.0
2021-07-06 00:00:00-04:00,15.923740845435866,15.954604148864746,15.923740845435866,15.954604148864746,400,0.0,0.0,0.0
2021-07-07 00:00:00-04:00,15.962328910827637,15.962328910827637,15.962328910827637,15.962328910827637,100,0.0,0.0,0.0
2021-07-08 00:00:00-04:00,15.80559437940658,15.84465503692627,15.80559437940658,15.84465503692627,300,0.0,0.0,0.0
2021-07-09 00:00:00-04:00,15.916512489318848,15.916512489318848,15.916512489318848,15.916512489318848,100,0.0,0.0,0.0
2021-07-12 00:00:00-04:00,15.981618267400137,15.981618267400137,15.952200889587402,15.952200889587402,500,0.0,0.0,0.0
2021-07-13 00:00:00-04:00,15.98823070526123,15.98823070526123,15.98823070526123,15.98823070526123,100,0.314,0.0,0.0
2021-07-14 00:00:00-04:00,15.993582118545811,15.993582118545811,15.97800350189209,15.97800350189209,700,0.0,0.0,0.0
2021-07-15 00:00:00-04:00,15.896212644455925,15.896212644455925,15.834379196166992,15.834379196166992,100,0.0,0.0,0.0
2021-07-16 00:00:00-04:00,15.86213407826231,15.86213407826231,15.736520767211914,15.736520767211914,1100,0.0,0.0,0.0
2021-07-19 00:00:00-04:00,15.41080698336724,15.448295593261719,15.409346255515766,15.448295593261719,5100,0.0,0.0,0.0
2021-07-20 00:00:00-04:00,15.688311576843262,15.688311576843262,15.688311576843262,15.688311576843262,4200,0.0,0.0,0.0
2021-07-21 00:00:00-04:00,15.781795501708984,15.781795501708984,15.781795501708984,15.781795501708984,4200,0.0,0.0,0.0
2021-07-22 00:00:00-04:00,15.793971061706543,15.793971061706543,15.793971061706543,15.793971061706543,4200,0.0,0.0,0.0
2021-07-23 00:00:00-04:00,15.862136840820312,15.862136840820312,15.862136840820312,15.862136840820312,4200,0.0,0.0,0.0
2021-07-26 00:00:00-04:00,15.847525596618652,15.847525596618652,15.847525596618652,15.847525596618652,4200,0.0,0.0,0.0
2021-07-27 00:00:00-04:00,15.811493873596191,15.811493873596191,15.811493873596191,15.811493873596191,4200,0.0,0.0,0.0
2021-07-28 00:00:00-04:00,15.889883995056152,15.889883995056152,15.889883995056152,15.889883995056152,4200,0.0,0.0,0.0
2021-07-29 00:00:00-04:00,15.951228594872992,15.964374215870548,15.951228594872992,15.962912559509277,400,0.0,0.0,0.0
2021-07-30 00:00:00-04:00,15.931751251220703,15.931751251220703,15.931751251220703,15.931751251220703,100,0.0,0.0,0.0
2021-08-02 00:00:00-04:00,16.02766850684739,16.02766850684739,15.94587516784668,15.94587516784668,400,0.0,0.0,0.0
2021-08-03 00:00:00-04:00,15.983842310023848,16.017922846771235,15.983842310023848,16.006237030029297,300,0.0,0.0,0.0
2021-08-04 00:00:00-04:00,16.022790079211433,16.022790079211433,16.020355224609375,16.020355224609375,1000,0.0,0.0,0.0
2021-08-05 00:00:00-04:00,16.08755111694336,16.08755111694336,16.08755111694336,16.08755111694336,2000,0.0,0.0,0.0
2021-08-06 00:00:00-04:00,16.159119426958014,16.159119426958014,16.13623809814453,16.13623809814453,400,0.0,0.0,0.0
2021-08-09 00:00:00-04:00,16.168365478515625,16.168365478515625,16.168365478515625,16.168365478515625,100,0.0,0.0,0.0
2021-08-10 00:00:00-04:00,16.193195959830305,16.193195959830305,16.159115417658928,16.166419982910156,1700,0.0,0.0,0.0
2021-08-11 00:00:00-04:00,16.24149513244629,16.24149513244629,16.24149513244629,16.24149513244629,2100,0.259,0.0,0.0
2021-08-12 00:00:00-04:00,16.229719161987305,16.229719161987305,16.229719161987305,16.229719161987305,100,0.0,0.0,0.0
2021-08-13 00:00:00-04:00,16.24689446812631,16.27633493882546,16.24689446812631,16.255725860595703,5100,0.0,0.0,0.0
2021-08-16 00:00:00-04:00,16.229719161987305,16.229719161987305,16.229719161987305,16.229719161987305,100,0.0,0.0,0.0
2021-08-17 00:00:00-04:00,16.237080148335075,16.237080148335075,16.17525291442871,16.17525291442871,100,0.0,0.0,0.0
2021-08-18 00:00:00-04:00,16.136981964111328,16.136981964111328,16.136981964111328,16.136981964111328,200,0.0,0.0,0.0
2021-08-19 00:00:00-04:00,16.033933639526367,16.033933639526367,16.033933639526367,16.033933639526367,100,0.0,0.0,0.0
2021-08-20 00:00:00-04:00,16.073190689086914,16.073190689086914,16.073190689086914,16.073190689086914,100,0.0,0.0,0.0
2021-08-23 00:00:00-04:00,16.147287368774414,16.147287368774414,16.147287368774414,16.147287368774414,100,0.0,0.0,0.0
2021-08-24 00:00:00-04:00,16.200279887414844,16.202733884225403,16.17868995666504,16.17868995666504,400,0.0,0.0,0.0
2021-08-25 00:00:00-04:00,16.18703269958496,16.18703269958496,16.18703269958496,16.18703269958496,100,0.0,0.0,0.0
2021-08-26 00:00:00-04:00,16.062393188476562,16.062393188476562,16.062393188476562,16.062393188476562,100,0.0,0.0,0.0
2021-08-27 00:00:00-04:00,16.192921882791243,16.194393157958984,16.192921882791243,16.194393157958984,300,0.0,0.0,0.0
2021-08-30 00:00:00-04:00,16.251802444458008,16.251802444458008,16.251802444458008,16.251802444458008,100,0.0,0.0,0.0
2021-08-31 00:00:00-04:00,16.310680590098066,16.3155867098553,16.31018829345703,16.31018829345703,300,0.0,0.0,0.0
2021-09-01 00:00:00-04:00,16.335223261443563,16.389199965546016,16.335223261443563,16.357303619384766,1200,0.0,0.0,0.0
2021-09-02 00:00:00-04:00,16.394105649460105,16.394105649460105,16.358285903930664,16.358285903930664,100,0.0,0.0,0.0
2021-09-03 00:00:00-04:00,16.33521731611251,16.33521731611251,16.281240631655294,16.3092098236084,1000,0.0,0.0,0.0
2021-09-07 00:00:00-04:00,16.2714266192088,16.291054844923497,16.252288818359375,16.252288818359375,600,0.0,0.0,0.0
2021-09-08 00:00:00-04:00,16.2817325592041,16.2817325592041,16.2817325592041,16.2817325592041,100,0.0,0.0,0.0
2021-09-09 00:00:00-04:00,16.345033709540203,16.345033709540203,16.29645356363993,16.30038070678711,1400,0.0,0.0,0.0
2021-09-10 00:00:00-04:00,16.266260147094727,16.266260147094727,16.266260147094727,16.266260147094727,1000,0.26,0.0,0.0
2021-09-13 00:00:00-04:00,16.325607216578856,16.325607216578856,16.292966842651367,16.292966842651367,400,0.0,0.0,0.0
2021-09-14 00:00:00-04:00,16.202465057373047,16.202465057373047,16.202465057373047,16.202465057373047,600,0.0,0.0,0.0
2021-09-15 00:00:00-04:00,16.28851318359375,16.28851318359375,16.28851318359375,16.28851318359375,600,0.0,0.0,0.0
2021-09-16 00:00:00-04:00,16.231637954711914,16.231637954711914,16.231637954711914,16.231637954711914,1100,0.0,0.0,0.0
2021-09-17 00:00:00-04:00,16.123821258544922,16.123821258544922,16.123821258544922,16.123821258544922,600,0.0,0.0,0.0
2021-09-20 00:00:00-04:00,15.766740421438502,15.806800842285156,15.766740421438502,15.806800842285156,200,0.0,0.0,0.0
2021-09-21 00:00:00-04:00,15.949736588809492,15.949736588809492,15.882474899291992,15.882474899291992,300,0.0,0.0,0.0
2021-09-22 00:00:00-04:00,16.008583068847656,16.008583068847656,16.008583068847656,16.008583068847656,100,0.0,0.0,0.0
2021-09-23 00:00:00-04:00,16.059040048588923,16.083273657517804,16.032827377319336,16.032827377319336,500,0.0,0.0,0.0
2021-09-24 00:00:00-04:00,16.003639221191406,16.003639221191406,16.003639221191406,16.003639221191406,800,0.0,0.0,0.0
2021-09-27 00:00:00-04:00,15.934899380880712,15.934899380880712,15.915116310119629,15.915116310119629,700,0.0,0.0,0.0
2021-09-28 00:00:00-04:00,15.82609512565448,15.82609512565448,15.684154510498047,15.684154510498047,1900,0.0,0.0,0.0
2021-09-29 00:00:00-04:00,15.766744243108713,15.79147307863304,15.729652404785156,15.729652404785156,700,0.0,0.0,0.0
2021-09-30 00:00:00-04:00,15.708393096923828,15.708393096923828,15.708393096923828,15.708393096923828,100,0.0,0.0,0.0
2021-10-01 00:00:00-04:00,15.780096054077148,15.780096054077148,15.780096054077148,15.780096054077148,800,0.0,0.0,0.0
2021-10-04 00:00:00-04:00,15.678712844848633,15.678712844848633,15.678712844848633,15.678712844848633,800,0.0,0.0,0.0
2021-10-05 00:00:00-04:00,15.796423119315712,15.804335594177246,15.791477350872814,15.804335594177246,500,0.0,0.0,0.0
2021-10-06 00:00:00-04:00,15.784054592976524,15.80729866027832,15.784054592976524,15.80729866027832,300,0.0,0.0,0.0
2021-10-07 00:00:00-04:00,15.949735717548853,15.949735717548853,15.920061111450195,15.920061111450195,300,0.0,0.0,0.0
2021-10-08 00:00:00-04:00,15.979416780640916,15.979416780640916,15.936882972717285,15.936882972717285,2200,0.0,0.0,0.0
2021-10-11 00:00:00-04:00,16.25141958897684,16.25141958897684,15.919071197509766,15.919071197509766,1800,0.0,0.0,0.0
2021-10-12 00:00:00-04:00,15.909078598022461,15.909078598022461,15.909078598022461,15.909078598022461,800,0.328,0.0,0.0
2021-10-13 00:00:00-04:00,15.939055506150433,15.965537071228027,15.939055506150433,15.965537071228027,200,0.0,0.0,0.0
2021-10-14 00:00:00-04:00,16.14891531763194,16.14891531763194,16.111440658569336,16.111440658569336,200,0.0,0.0,0.0
2021-10-15 00:00:00-04:00,16.148412704467773,16.148412704467773,16.148412704467773,16.148412704467773,100,0.0,0.0,0.0
2021-10-18 00:00:00-04:00,16.163899840986325,16.1658992767334,16.163899840986325,16.1658992767334,200,0.0,0.0,0.0
2021-10-19 00:00:00-04:00,16.25884152388962,16.25884152388962,16.234358434184873,16.246349334716797,1700,0.0,0.0,0.0
2021-10-20 00:00:00-04:00,16.26033592224121,16.26033592224121,16.26033592224121,16.26033592224121,300,0.0,0.0,0.0
2021-10-21 00:00:00-04:00,16.26383707918679,16.26383707918679,16.17939567565918,16.17939567565918,700,0.0,0.0,0.0
2021-10-22 00:00:00-04:00,16.20388005231692,16.23685646057129,16.20388005231692,16.23685646057129,300,0.0,0.0,0.0
2021-10-25 00:00:00-04:00,16.21386969710454,16.278825639457306,16.21386969710454,16.225860595703125,1500,0.0,0.0,0.0
2021-10-26 00:00:00-04:00,16.27033233642578,16.27033233642578,16.27033233642578,16.27033233642578,400,0.0,0.0,0.0
2021-10-27 00:00:00-04:00,16.323796905434236,16.323796905434236,16.25384521484375,16.25384521484375,200,0.0,0.0,0.0
2021-10-28 00:00:00-04:00,16.343780517578125,16.343780517578125,16.343780517578125,16.343780517578125,100,0.0,0.0,0.0
2021-10-29 00:00:00-04:00,16.35627555847168,16.35627555847168,16.35627555847168,16.35627555847168,100,0.0,0.0,0.0
2021-11-01 00:00:00-04:00,16.408740958379575,16.408740958379575,16.369768142700195,16.369768142700195,1000,0.0,0.0,0.0
2021-11-02 00:00:00-04:00,16.418728892395844,16.418728892395844,16.375757217407227,16.375757217407227,200,0.0,0.0,0.0
2021-11-03 00:00:00-04:00,16.39724349975586,16.39724349975586,16.39724349975586,16.39724349975586,100,0.0,0.0,0.0
2021-11-04 00:00:00-04:00,16.398740768432617,16.398740768432617,16.398740768432617,16.398740768432617,100,0.0,0.0,0.0
2021-11-05 00:00:00-04:00,16.4282169342041,16.4282169342041,16.4282169342041,16.4282169342041,100,0.0,0.0,0.0
2021-11-08 00:00:00-05:00,16.466196060180664,16.466196060180664,16.466196060180664,16.466196060180664,300,0.0,0.0,0.0
2021-11-09 00:00:00-05:00,16.4886870660799,16.4886870660799,16.479692459106445,16.479692459106445,500,0.0,0.0,0.0
2021-11-10 00:00:00-05:00,16.394542694091797,16.394542694091797,16.394542694091797,16.394542694091797,100,0.273,0.0,0.0
2021-11-11 00:00:00-05:00,16.413179397583008,16.413179397583008,16.413179397583008,16.413179397583008,100,0.0,0.0,0.0
2021-11-12 00:00:00-05:00,16.44491913916804,16.463056564331055,16.44491913916804,16.463056564331055,500,0.0,0.0,0.0
2021-11-15 00:00:00-05:00,16.49530575704627,16.49530575704627,16.429304122924805,16.429304122924805,1300,0.0,0.0,0.0
2021-11-16 00:00:00-05:00,16.449962662118214,16.449962662118214,16.448450088500977,16.448450088500977,1000,0.0,0.0,0.0
2021-11-17 00:00:00-05:00,16.364307403564453,16.364307403564453,16.364307403564453,16.364307403564453,100,0.0,0.0,0.0
2021-11-18 00:00:00-05:00,16.310394287109375,16.310394287109375,16.310394287109375,16.310394287109375,100,0.0,0.0,0.0
2021-11-19 00:00:00-05:00,16.26354830600863,16.26354830600863,16.246923446655273,16.246923446655273,100,0.0,0.0,0.0
2021-11-22 00:00:00-05:00,16.22323850323669,16.22323850323669,16.126502990722656,16.126502990722656,300,0.0,0.0,0.0
2021-11-23 00:00:00-05:00,15.976363187697611,16.014150619506836,15.976363187697611,16.014150619506836,700,0.0,0.0,0.0
2021-11-24 00:00:00-05:00,16.072095412899326,16.072095412899326,16.052446365356445,16.052446365356445,600,0.0,0.0,0.0
2021-11-26 00:00:00-05:00,16.052446365356445,16.052446365356445,16.052446365356445,16.052446365356445,0,0.0,0.0,0.0
2021-11-29 00:00:00-05:00,15.971320006569513,15.977365493774412,15.900783556668568,15.977365493774414,900,0.0,0.0,0.0
2021-11-30 00:00:00-05:00,15.830246500798802,15.830246500798802,15.808582305908201,15.808582305908203,400,0.0,0.0,0.0
2021-12-01 00:00:00-05:00,16.031787139063454,16.031787139063454,15.7199182510376,15.719918251037598,5300,0.0,0.0,0.0
2021-12-02 00:00:00-05:00,15.760729789733888,15.760729789733888,15.760729789733888,15.760729789733887,100,0.0,0.0,0.0
2021-12-03 00:00:00-05:00,15.578337229934016,15.578337229934016,15.49772495394522,15.557680130004883,1900,0.0,0.0,0.0
2021-12-06 00:00:00-05:00,15.618651028911767,15.708332061767578,15.618651028911767,15.708332061767578,400,0.0,0.0,0.0
2021-12-07 00:00:00-05:00,15.95621318535206,15.95621318535206,15.94865608215332,15.94865608215332,200,0.0,0.0,0.0
2021-12-08 00:00:00-05:00,15.99147383564134,15.99147383564134,15.95620608843414,15.965778350830078,2200,0.0,0.0,0.0
2021-12-09 00:00:00-05:00,15.996514836606394,15.996514836606394,15.89927577972412,15.899275779724121,600,0.0,0.0,0.0
2021-12-10 00:00:00-05:00,16.007450938541382,16.007450938541382,15.863221168518066,15.863221168518066,1300,0.25,0.0,0.0
2021-12-13 00:00:00-05:00,15.867789268493654,15.867789268493654,15.867789268493654,15.867789268493652,100,0.0,0.0,0.0
2021-12-14 00:00:00-05:00,15.707813245966134,15.721016883850096,15.707813245966134,15.721016883850098,400,0.0,0.0,0.0
2021-12-15 00:00:00-05:00,15.753525271894574,15.831226348876953,15.743368027788197,15.831226348876953,1300,0.0,0.0,0.0
2021-12-16 00:00:00-05:00,15.895722838220632,15.895722838220632,15.778917436769458,15.789582252502441,500,0.0,0.0,0.0
2021-12-17 00:00:00-05:00,15.728131919054311,15.77485466003418,15.62148376352651,15.77485466003418,700,0.0,0.0,0.0
2021-12-20 00:00:00-05:00,15.555461274762083,15.555461274762083,15.464048993219945,15.495534896850586,1500,0.0,0.0,0.0
2021-12-21 00:00:00-05:00,15.687500543411097,15.703752517700194,15.687500543411097,15.703752517700195,300,0.0,0.0,0.0
2021-12-22 00:00:00-05:00,15.885566711425783,15.885566711425783,15.885566711425783,15.885566711425781,100,0.0,0.0,0.0
2021-12-23 00:00:00-05:00,15.951584115932674,16.078039169311523,15.951584115932674,16.078039169311523,400,0.0,0.0,0.0
2021-12-27 00:00:00-05:00,16.164881795066055,16.164881795066055,16.15980317369672,16.160310745239258,1300,0.0,0.0,0.0
2021-12-28 00:00:00-05:00,16.185197366255842,16.19027501931781,16.12933349609375,16.12933349609375,2100,0.0,0.0,0.0
2021-12-29 00:00:00-05:00,16.16996746446975,16.195359613736173,16.15981021730382,16.185710906982422,6500,0.0,0.0,0.0
2021-12-30 00:00:00-05:00,16.24106433199115,16.24106433199115,16.21059356275401,16.22075080871582,4200,0.0,0.0,0.0
2021-12-31 00:00:00-05:00,16.31723616341897,16.342628299490737,16.316728591918945,16.316728591918945,4000,0.0,0.0,0.0
2022-01-03 00:00:00-05:00,16.307089882452654,16.33095932006836,16.307089882452654,16.33095932006836,700,0.0,0.0,0.0
2022-01-04 00:00:00-05:00,16.251217063051175,16.378179696356263,16.251217063051175,16.312158584594727,2300,0.0,0.0,0.0
2022-01-05 00:00:00-05:00,16.281692209368767,16.286769863356316,16.022687298185488,16.03284454345703,3700,0.0,0.0,0.0
2022-01-06 00:00:00-05:00,15.982057419081594,16.078549300594805,15.982057419081594,16.048078536987305,4200,0.0,0.0,0.0
2022-01-07 00:00:00-05:00,16.098865434105683,16.103943088019122,16.063315076174145,16.103435516357422,1600,0.0,0.0,0.0
2022-01-10 00:00:00-05:00,16.058237430794907,16.06839370727539,15.875410893071239,16.06839370727539,7300,0.0,0.0,0.0
2022-01-11 00:00:00-05:00,16.118938704410873,16.21178394875979,16.06735790379237,16.183414459228516,18300,0.488,0.0,0.0
2022-01-12 00:00:00-05:00,16.273681582268864,16.273681582268864,16.216943581938597,16.253049850463867,13300,0.0,0.0,0.0
2022-01-13 00:00:00-05:00,16.309783944933113,16.309783944933113,16.082313537597656,16.082313537597656,2300,0.0,0.0,0.0
2022-01-14 00:00:00-05:00,16.03383413522962,16.036413716989962,15.866197722227902,15.980191230773926,17400,0.0,0.0,0.0
2022-01-18 00:00:00-05:00,15.47418517607812,15.886829720577989,15.47418517607812,15.66812801361084,20500,0.0,0.0,0.0
2022-01-19 00:00:00-05:00,15.773350918625482,15.773350918625482,15.52060604095459,15.52060604095459,18200,0.0,0.0,0.0
2022-01-20 00:00:00-05:00,15.695986885318716,15.73209317125097,15.396819251251106,15.399397850036621,14200,0.0,0.0,0.0
2022-01-21 00:00:00-05:00,15.288494845705834,15.309127565120697,14.868113517761232,14.86811351776123,3100,0.0,0.0,0.0
2022-01-24 00:00:00-05:00,14.545732555715869,14.566364288330076,13.947397552572806,14.566364288330078,3100,0.0,0.0,0.0
2022-01-25 00:00:00-05:00,14.488993293517499,14.568427085876467,14.488993293517499,14.568427085876465,800,0.0,0.0,0.0
2022-01-26 00:00:00-05:00,14.829429167885987,14.901641725532553,14.519945231965643,14.641160011291504,2000,0.0,0.0,0.0
2022-01-27 00:00:00-05:00,14.901631531867139,14.906789708716559,14.679834846450252,14.693761825561523,1800,0.0,0.0,0.0
2022-01-28 00:00:00-05:00,14.68499686644239,14.84025478363037,14.665912689308904,14.840254783630371,1800,0.0,0.0,0.0
2022-01-31 00:00:00-05:00,15.107961574161099,15.12859330716484,14.999641778469668,15.126014709472656,4900,0.0,0.0,0.0
2022-02-01 00:00:00-05:00,15.236905982130677,15.321497917175291,15.21111509815135,15.321497917175293,700,0.0,0.0,0.0
2022-02-02 00:00:00-05:00,15.371027498729458,15.417450144895094,15.371027498729458,15.401976585388184,4400,0.0,0.0,0.0
2022-02-03 00:00:00-05:00,15.252385015046569,15.252385015046569,15.092485412144658,15.09609603881836,6400,0.0,0.0,0.0
2022-02-04 00:00:00-05:00,14.911959790177717,14.999646898977524,14.90164342824305,14.963025093078613,10800,0.0,0.0,0.0
2022-02-07 00:00:00-05:00,14.958376195255473,14.98416610551159,14.932069778442383,14.932069778442383,5100,0.0,0.0,0.0
2022-02-08 00:00:00-05:00,14.922271128783656,14.996546745300291,14.922271128783656,14.996546745300293,200,0.0,0.0,0.0
2022-02-09 00:00:00-05:00,15.159538269600946,15.187392234802244,15.140969615348004,15.187392234802246,4600,0.0,0.0,0.0
2022-02-10 00:00:00-05:00,14.94784736633301,14.94784736633301,14.94784736633301,14.947847366333008,100,0.217,0.0,0.0
2022-02-11 00:00:00-05:00,14.622550712285499,14.670357704162598,14.622550712285499,14.670357704162598,1800,0.0,0.0,0.0
2022-02-14 00:00:00-05:00,14.60696725640481,14.60696725640481,14.376768112182617,14.376768112182617,1600,0.0,0.0,0.0
2022-02-15 00:00:00-05:00,14.549800356022937,14.549800356022937,14.512386322021484,14.512386322021484,2900,0.0,0.0,0.0
2022-02-16 00:00:00-05:00,14.471856979494639,14.626188278198242,14.471856979494639,14.626188278198242,200,0.0,0.0,0.0
2022-02-17 00:00:00-05:00,14.534207879324024,14.534207879324024,14.414691925048826,14.414691925048828,100,0.0,0.0,0.0
2022-02-18 00:00:00-05:00,14.3606595993042,14.3606595993042,14.3606595993042,14.3606595993042,100,0.0,0.0,0.0
2022-02-22 00:00:00-05:00,14.082131959560405,14.082131959560405,13.991715431213379,13.991715431213379,1300,0.0,0.0,0.0
2022-02-23 00:00:00-05:00,14.047318547903924,14.047318547903924,13.822315897471217,13.838424682617188,800,0.0,0.0,0.0
2022-02-24 00:00:00-05:00,13.723581910427601,13.975085258483887,13.723581910427601,13.975085258483887,300,0.0,0.0,0.0
2022-02-25 00:00:00-05:00,14.284785270690918,14.284785270690918,14.284785270690918,14.284785270690918,100,0.0,0.0,0.0
2022-02-28 00:00:00-05:00,14.24061599882897,14.318041801452635,14.24061599882897,14.318041801452637,400,0.0,0.0,0.0
2022-03-01 00:00:00-05:00,14.54460736394872,14.54460736394872,14.222433691063003,14.25361156463623,1100,0.0,0.0,0.0
2022-03-02 00:00:00-05:00,14.464586257934572,14.464586257934572,14.464586257934572,14.46458625793457,100,0.0,0.0,0.0
2022-03-03 00:00:00-05:00,15.022669697001994,15.022669697001994,14.399626731872557,14.399626731872559,400,0.0,0.0,0.0
2022-03-04 00:00:00-05:00,14.217238791198001,14.22243526922461,14.175667958111971,14.206326484680176,1300,0.0,0.0,0.0
2022-03-07 00:00:00-05:00,14.12890039284909,14.12890039284909,13.76775360107422,13.767753601074219,600,0.0,0.0,0.0
2022-03-08 00:00:00-05:00,13.80672313928043,13.80672313928043,13.64823406064569,13.713708877563477,900,0.0,0.0,0.0
2022-03-09 00:00:00-05:00,13.957418498143232,13.957418498143232,13.89038562774658,13.890385627746582,200,0.0,0.0,0.0
2022-03-10 00:00:00-05:00,13.757147789001465,13.757147789001465,13.757147789001465,13.757147789001465,100,0.251,0.0,0.0
2022-03-11 00:00:00-05:00,13.79596823865496,13.79596823865496,13.60188102722168,13.60188102722168,600,0.0,0.0,0.0
2022-03-14 00:00:00-04:00,14.126438303433964,14.126438303433964,13.114034667053968,13.14393424987793,1500,0.0,0.0,0.0
2022-03-15 00:00:00-04:00,13.287141060236547,13.34956359863281,13.287141060236547,13.349563598632812,400,0.0,0.0,0.0
2022-03-16 00:00:00-04:00,13.869403065492907,13.869403065492907,13.728820800781248,13.72882080078125,300,0.0,0.0,0.0
2022-03-17 00:00:00-04:00,14.079230019712549,14.110703427956224,14.079230019712549,14.087098121643066,700,0.0,0.0,0.0
2022-03-18 00:00:00-04:00,14.20301914215088,14.20301914215088,14.20301914215088,14.203019142150879,100,0.0,0.0,0.0
2022-03-21 00:00:00-04:00,14.079228069817875,14.079228069817875,14.063490867614746,14.063490867614746,900,0.0,0.0,0.0
2022-03-22 00:00:00-04:00,14.199874334289287,14.220857266692255,14.184138135508348,14.20931625366211,900,0.0,0.0,0.0
2022-03-23 00:00:00-04:00,14.120143890380858,14.120143890380858,14.120143890380858,14.12014389038086,100,0.0,0.0,0.0
2022-03-24 00:00:00-04:00,14.139550389095554,14.178367614746094,14.139550389095554,14.178367614746094,400,0.0,0.0,0.0
2022-03-25 00:00:00-04:00,14.126440632338868,14.126440632338868,14.087098121643066,14.087098121643066,900,0.0,0.0,0.0
2022-03-28 00:00:00-04:00,14.084469854919611,14.105977058410645,14.084469854919611,14.105977058410645,100,0.0,0.0,0.0
2022-03-29 00:00:00-04:00,14.387145042419435,14.387145042419435,14.387145042419435,14.387145042419434,100,0.0,0.0,0.0
2022-03-30 00:00:00-04:00,14.419668197631836,14.419668197631836,14.419668197631836,14.419668197631836,100,0.0,0.0,0.0
2022-03-31 00:00:00-04:00,14.61952940577518,14.624774140301966,14.548188209533691,14.548188209533691,1400,0.0,0.0,0.0
2022-04-01 00:00:00-04:00,14.546615600585936,14.546615600585936,14.546615600585936,14.546615600585938,100,0.0,0.0,0.0
2022-04-04 00:00:00-04:00,14.750667914185073,14.796304702758787,14.721816875329667,14.796304702758789,9200,0.0,0.0,0.0
2022-04-05 00:00:00-04:00,15.065402529007587,15.065402529007587,14.564446449279785,14.564446449279785,8000,0.0,0.0,0.0
2022-04-06 00:00:00-04:00,14.55657571634783,14.55657571634783,14.263870222005355,14.291672706604004,4800,0.0,0.0,0.0
2022-04-07 00:00:00-04:00,14.315279313501087,14.315279313501087,14.215612379697447,14.279608726501465,4200,0.0,0.0,0.0
2022-04-08 00:00:00-04:00,14.247080397504199,14.294290979864696,14.1736421585083,14.1736421585083,5800,0.0,0.0,0.0
2022-04-11 00:00:00-04:00,14.874927692672763,14.874927692672763,13.872648239135742,13.872648239135742,2100,0.321,0.0,0.0
2022-04-12 00:00:00-04:00,14.044114800520644,14.044114800520644,13.8875086788203,13.928916931152344,2000,0.0,0.0,0.0
2022-04-13 00:00:00-04:00,14.179487811277793,14.179487811277793,13.993684768676758,13.993684768676758,1000,0.0,0.0,0.0
2022-04-14 00:00:00-04:00,13.935284450021573,13.935284450021573,13.823802660445551,13.834419250488281,1500,0.0,0.0,0.0
2022-04-18 00:00:00-04:00,14.51924308114154,14.51924308114154,13.72824971492692,13.74099063873291,1800,0.0,0.0,0.0
2022-04-19 00:00:00-04:00,13.876892932546445,13.904498100280762,13.876892932546445,13.904498100280762,2000,0.0,0.0,0.0
2022-04-20 00:00:00-04:00,13.977753221616222,14.036149020711418,13.977753221616222,14.010136604309082,2100,0.0,0.0,0.0
2022-04-21 00:00:00-04:00,14.04677619270525,14.04677619270525,13.845577239990234,13.845577239990234,700,0.0,0.0,0.0
2022-04-22 00:00:00-04:00,14.094547216543962,14.094547216543962,13.603494644165039,13.603494644165039,3100,0.0,0.0,0.0
2022-04-25 00:00:00-04:00,13.468122120668358,13.542443319494978,13.461220577191488,13.526516914367676,4200,0.0,0.0,0.0
2022-04-26 00:00:00-04:00,13.770718286641456,13.770718286641456,13.30461597442627,13.30461597442627,7200,0.0,0.0,0.0
2022-04-27 00:00:00-04:00,13.330096257361745,13.351330451557718,13.28762685641941,13.293996810913086,1700,0.0,0.0,0.0
2022-04-28 00:00:00-04:00,13.385838083673153,13.494665994412346,13.34602257454033,13.470246315002441,1800,0.0,0.0,0.0
2022-04-29 00:00:00-04:00,13.399114385550256,13.415040797422423,13.227643966674805,13.227643966674805,3000,0.0,0.0,0.0
2022-05-02 00:00:00-04:00,13.181448891715114,13.271696468200883,13.027497739210027,13.099164009094238,4400,0.0,0.0,0.0
2022-05-03 00:00:00-04:00,13.165528898233406,13.255776518636765,13.165528898233406,13.20215892791748,900,0.0,0.0,0.0
2022-05-04 00:00:00-04:00,13.144294506488038,13.437864303588865,13.144294506488038,13.437864303588867,1300,0.0,0.0,0.0
2022-05-05 00:00:00-04:00,13.21861284022769,13.21861284022769,13.017414024529012,13.091204643249512,6800,0.0,0.0,0.0
2022-05-06 00:00:00-04:00,13.059352496142335,13.059352496142335,12.935660362243652,12.935660362243652,1700,0.0,0.0,0.0
2022-05-09 00:00:00-04:00,12.687750458037524,12.687750458037524,12.497699737548828,12.497699737548828,3500,0.0,0.0,0.0
2022-05-10 00:00:00-04:00,12.693055310234143,12.873550532727975,12.480708287462127,12.519461631774902,59800,0.0,0.0,0.0
2022-05-11 00:00:00-04:00,13.770720311740845,13.770720311740845,12.354363441467283,12.354363441467285,10700,0.0,0.0,0.0
2022-05-12 00:00:00-04:00,12.078318199967576,12.282398851978856,12.062206246067634,12.116986274719238,17800,0.268,0.0,0.0
2022-05-13 00:00:00-04:00,12.196470460006115,12.422032711447235,12.174988877384003,12.328585624694824,11500,0.0,0.0,0.0
2022-05-16 00:00:00-04:00,12.357586907738725,12.357586907738725,12.255546573589285,12.314085960388184,700,0.0,0.0,0.0
2022-05-17 00:00:00-04:00,12.540182841513634,12.561127662658691,12.448883826311514,12.561127662658691,1300,0.0,0.0,0.0
2022-05-18 00:00:00-04:00,12.448886578526757,12.448886578526757,12.33449363708496,12.334493637084961,2300,0.0,0.0,0.0
2022-05-19 00:00:00-04:00,12.217948844045447,12.44351101752477,12.217948844045447,12.341470718383789,3300,0.0,0.0,0.0
2022-05-20 00:00:00-04:00,12.271659992900371,12.271659992900371,12.121284799599334,12.250177383422852,2600,0.0,0.0,0.0
2022-05-23 00:00:00-04:00,12.39517881925808,12.418809478894232,12.39517881925808,12.417198181152344,600,0.0,0.0,0.0
2022-05-24 00:00:00-04:00,12.416663671151897,12.416663671151897,12.228694948672016,12.371013641357422,3100,0.0,0.0,0.0
2022-05-25 00:00:00-04:00,12.524070009535512,12.532125473022461,12.524070009535512,12.532125473022461,300,0.0,0.0,0.0
2022-05-26 00:00:00-04:00,12.739970168804717,12.874770164489746,12.739970168804717,12.874770164489746,1200,0.0,0.0,0.0
2022-05-27 00:00:00-04:00,14.113746292322736,14.113746292322736,13.034270168398404,13.190552711486816,2100,0.0,0.0,0.0
2022-05-31 00:00:00-04:00,13.19001924566107,13.216872505897362,13.144906997680664,13.144906997680664,13200,0.0,0.0,0.0
2022-06-01 00:00:00-04:00,13.426320230940119,13.426320230940119,13.077236109805066,13.09871768951416,3900,0.0,0.0,0.0
2022-06-02 00:00:00-04:00,14.393016036404898,14.393016036404898,13.075625864597793,13.266816139221191,3200,0.0,0.0,0.0
2022-06-03 00:00:00-04:00,13.066492716694457,13.195385247362665,13.066492716694457,13.076159477233887,12400,0.0,0.0,0.0
2022-06-06 00:00:00-04:00,13.20075499654217,13.20075499654217,13.098714699264228,13.101937294006348,1400,0.0,0.0,0.0
2022-06-07 00:00:00-04:00,13.125570435212127,13.238887786865234,13.125570435212127,13.238887786865234,2000,0.0,0.0,0.0
2022-06-08 00:00:00-04:00,13.243723226998982,13.243723226998982,13.164776802062988,13.164776802062988,1100,0.0,0.0,0.0
2022-06-09 00:00:00-04:00,13.138997842948278,13.138997842948278,12.577777582875868,12.941362380981445,52600,0.0,0.0,0.0
2022-06-10 00:00:00-04:00,12.671339414434506,12.834000604864753,12.638806349008755,12.685436248779297,11200,0.229,0.0,0.0
2022-06-13 00:00:00-04:00,12.497836085704252,12.497836085704252,11.96918656220296,11.969728469848633,4100,0.0,0.0,0.0
2022-06-14 00:00:00-04:00,11.966471033814356,11.966471033814356,11.684524024233815,11.781037330627441,5000,0.0,0.0,0.0
2022-06-15 00:00:00-04:00,12.05105655001527,12.05105655001527,11.911709785461426,11.911709785461426,300,0.0,0.0,0.0
2022-06-16 00:00:00-04:00,11.538137529157064,11.538137529157064,11.250768139319533,11.251852989196777,3500,0.0,0.0,0.0
2022-06-17 00:00:00-04:00,11.234496906780882,11.370048273565194,11.234496906780882,11.345107078552246,900,0.0,0.0,0.0
2022-06-21 00:00:00-04:00,11.4839113303375,11.4839113303375,11.475778579711914,11.475778579711914,200,0.0,0.0,0.0
2022-06-22 00:00:00-04:00,11.435115421113231,11.494758364055963,11.425355911254885,11.425355911254883,400,0.0,0.0,0.0
2022-06-23 00:00:00-04:00,11.478491212199106,11.579341888427734,11.418848272439703,11.579341888427734,1000,0.0,0.0,0.0
2022-06-24 00:00:00-04:00,11.765863176777586,11.912257918271656,11.765863176777586,11.842855453491211,2200,0.0,0.0,0.0
2022-06-27 00:00:00-04:00,11.84718953736422,11.955630009129605,11.84718953736422,11.862913131713867,1300,0.0,0.0,0.0
2022-06-28 00:00:00-04:00,11.885146690721477,11.885146690721477,11.760981559753418,11.760981559753418,1400,0.0,0.0,0.0
2022-06-29 00:00:00-04:00,11.863456749603307,11.863456749603307,11.760438441701,11.782669067382812,1800,0.0,0.0,0.0
2022-06-30 00:00:00-04:00,11.695371143477155,11.830922503107951,11.695371143477155,11.766400337219238,800,0.0,0.0,0.0
2022-07-01 00:00:00-04:00,11.844479613039733,11.952379226684569,11.844479613039733,11.95237922668457,300,0.0,0.0,0.0
2022-07-05 00:00:00-04:00,11.847188432674672,11.977317607164162,11.79838986296927,11.926892280578613,2000,0.0,0.0,0.0
2022-07-06 00:00:00-04:00,11.91768031968468,11.91768031968468,11.884606361389158,11.88460636138916,600,0.0,0.0,0.0
2022-07-07 00:00:00-04:00,11.99900412342586,12.031537189527667,11.97189426918234,12.018524169921875,2200,0.0,0.0,0.0
2022-07-08 00:00:00-04:00,12.015271001930254,12.074913923990387,11.906829513489045,12.0071382522583,152100,0.0,0.0,0.0
2022-07-11 00:00:00-04:00,12.378551095966094,12.378551095966094,11.928520587881208,11.940448760986328,4200,0.0,0.0,0.0
2022-07-12 00:00:00-04:00,12.036963942539614,12.053229447598493,11.895990371704102,11.895990371704102,1200,0.0,0.0,0.0
2022-07-13 00:00:00-04:00,11.844873432198941,11.949306488237864,11.751433550136069,11.88279914855957,1700,0.297,0.0,0.0
2022-07-14 00:00:00-04:00,11.740440178819632,11.818490028381348,11.73879109806152,11.818490028381348,43500,0.0,0.0,0.0
2022-07-15 00:00:00-04:00,11.96029989588668,11.96029989588668,11.946558952331543,11.946558952331543,500,0.0,0.0,0.0
2022-07-18 00:00:00-04:00,12.246113996068114,12.246113996068114,11.811893126661012,11.86246109008789,102300,0.0,0.0,0.0
2022-07-19 00:00:00-04:00,12.064733111288964,12.162569846782803,12.064733111288964,12.125743865966797,84800,0.0,0.0,0.0
2022-07-20 00:00:00-04:00,12.257109477390681,12.277446746826172,12.257109477390681,12.277446746826172,1400,0.0,0.0,0.0
2022-07-21 00:00:00-04:00,12.295578394579566,12.406606674194336,12.295578394579566,12.406606674194336,500,0.0,0.0,0.0
2022-07-22 00:00:00-04:00,12.356041961811115,12.361538547674453,12.320865070325627,12.326361656188965,1600,0.0,0.0,0.0
2022-07-25 00:00:00-04:00,12.443986756291109,12.443986756291109,12.368685722351074,12.368685722351074,1100,0.0,0.0,0.0
2022-07-26 00:00:00-04:00,12.339553197193144,12.394516958846657,12.323063439677158,12.327460289001465,16900,0.0,0.0,0.0
2022-07-27 00:00:00-04:00,12.509945652359972,12.597888946533203,12.460477418341684,12.597888946533203,3100,0.0,0.0,0.0
2022-07-28 00:00:00-04:00,13.851081338806752,13.851081338806752,12.696824385845076,12.82763957977295,900,0.0,0.0,0.0
2022-07-29 00:00:00-04:00,12.911185414134794,13.103561738707164,12.908437645203266,13.052993774414062,2000,0.0,0.0,0.0
2022-08-01 00:00:00-04:00,13.202500295445551,13.257465118124061,13.202500295445551,13.212943077087402,6800,0.0,0.0,0.0
2022-08-02 00:00:00-04:00,13.25416088104248,13.25416088104248,13.25416088104248,13.25416088104248,400,0.0,0.0,0.0
2022-08-03 00:00:00-04:00,13.40037219388006,13.40037219388006,13.317925484017971,13.355301856994629,1500,0.0,0.0,0.0
2022-08-04 00:00:00-04:00,13.306930392421565,13.416860021975886,13.279448509216307,13.279448509216309,4000,0.0,0.0,0.0
2022-08-05 00:00:00-04:00,13.312427365965098,13.312427365965098,13.218438148498533,13.218438148498535,1600,0.0,0.0,0.0
2022-08-08 00:00:00-04:00,14.015971252901082,14.015971252901082,13.304179729691644,13.327814102172852,6800,0.0,0.0,0.0
2022-08-09 00:00:00-04:00,13.37289128926521,13.37289128926521,13.306933287509311,13.316827774047852,3500,0.0,0.0,0.0
2022-08-10 00:00:00-04:00,13.482817407947252,13.548774344044356,13.482817407947252,13.504802703857422,8400,0.0,0.0,0.0
2022-08-11 00:00:00-04:00,14.435114766512996,14.435114766512996,13.507579446248103,13.537015914916992,4900,0.255,0.0,0.0
2022-08-12 00:00:00-04:00,13.540905167785855,13.71308315556742,13.540905167785855,13.691977500915527,1100,0.0,0.0,0.0
2022-08-15 00:00:00-04:00,13.946355398708901,13.946355398708901,13.698641777038572,13.698641777038574,3400,0.0,0.0,0.0
2022-08-16 00:00:00-04:00,13.679757563482642,13.724190352710634,13.616996765136719,13.616996765136719,6400,0.0,0.0,0.0
2022-08-17 00:00:00-04:00,13.863039542510466,13.863039542510466,13.385387440605783,13.412602424621582,3500,0.0,0.0,0.0
2022-08-18 00:00:00-04:00,13.513135568168721,13.513135568168721,13.433156967163084,13.433156967163086,1500,0.0,0.0,0.0
2022-08-19 00:00:00-04:00,13.396501453615553,13.396501453615553,13.217658996582031,13.217658996582031,2700,0.0,0.0,0.0
2022-08-22 00:00:00-04:00,13.329850471691651,13.329850471691651,12.988273180477913,12.991049766540527,8000,0.0,0.0,0.0
2022-08-23 00:00:00-04:00,13.002154242016339,13.11879094874142,13.002154242016339,13.041032791137695,3400,0.0,0.0,0.0
2022-08-24 00:00:00-04:00,13.09657511135487,13.141007893929464,13.09657511135487,13.13267707824707,9500,0.0,0.0,0.0
2022-08-25 00:00:00-04:00,13.212658903867345,13.212658903867345,13.179889678955078,13.179889678955078,3800,0.0,0.0,0.0
2022-08-26 00:00:00-04:00,13.233763197331347,13.233763197331347,12.976608550768713,12.980496406555176,13500,0.0,0.0,0.0
2022-08-29 00:00:00-04:00,12.985497601043669,13.023821062845286,12.924403163694013,12.946619033813477,6100,0.0,0.0,0.0
2022-08-30 00:00:00-04:00,14.235168445103994,14.235168445103994,12.732783317565916,12.732783317565918,7500,0.0,0.0,0.0
2022-08-31 00:00:00-04:00,12.774441602296218,12.829982864613276,12.696128305899402,12.715567588806152,4300,0.0,0.0,0.0
2022-09-01 00:00:00-04:00,12.685573950824985,12.685573950824985,12.441193071845088,12.525615692138672,13900,0.0,0.0,0.0
2022-09-02 00:00:00-04:00,12.657802370702381,12.699457511288648,12.52283763885498,12.52283763885498,1600,0.0,0.0,0.0
2022-09-06 00:00:00-04:00,12.730005347644727,12.730005347644727,12.38620662689209,12.38620662689209,4100,0.0,0.0,0.0
2022-09-07 00:00:00-04:00,12.46341057445345,12.535613465558976,12.46341057445345,12.527837753295898,1900,0.0,0.0,0.0
2022-09-08 00:00:00-04:00,12.590038854250434,12.874409472083956,12.491176111667182,12.51561450958252,12300,0.0,0.0,0.0
2022-09-09 00:00:00-04:00,12.868857441869306,12.868857441869306,12.649470106362363,12.677796363830566,6000,0.0,0.0,0.0
2022-09-12 00:00:00-04:00,12.793925824656114,12.793925824656114,12.70528507232666,12.70528507232666,3200,0.228,0.0,0.0
2022-09-13 00:00:00-04:00,12.594765578373156,12.594765578373156,12.353529370877865,12.364749908447266,3700,0.0,0.0,0.0
2022-09-14 00:00:00-04:00,12.347920610475928,12.460122789728107,12.347920610475928,12.377654075622559,1000,0.0,0.0,0.0
2022-09-15 00:00:00-04:00,12.40682534333619,12.40682534333619,12.134733192021686,12.159978866577148,6600,0.0,0.0,0.0
2022-09-16 00:00:00-04:00,13.155780445631676,14.317079406042389,11.960819870390635,12.028702735900879,6300,0.0,0.0,0.0
2022-09-19 00:00:00-04:00,11.93277171578056,12.04497390834382,11.93277171578056,11.959700584411621,6100,0.0,0.0,0.0
2022-09-20 00:00:00-04:00,11.798128947998544,11.803739218374442,11.753247855041023,11.791956901550293,18400,0.0,0.0,0.0
2022-09-21 00:00:00-04:00,11.904721987412856,11.904721987412856,11.79588508605957,11.79588508605957,800,0.0,0.0,0.0
2022-09-22 00:00:00-04:00,11.842450636954021,11.842450636954021,11.545674443956795,11.575969696044922,4700,0.0,0.0,0.0
2022-09-23 00:00:00-04:00,11.382978246691616,11.388587446858226,11.068809534879936,11.119861602783203,5000,0.0,0.0,0.0
2022-09-26 00:00:00-04:00,11.085641969865787,11.113692255007459,10.777083483058439,10.781572341918945,4700,0.0,0.0,0.0
2022-09-27 00:00:00-04:00,10.810742678868074,10.82757241814958,10.659268605037234,10.715930938720703,8000,0.0,0.0,0.0
2022-09-28 00:00:00-04:00,10.659266910288759,11.09124798399126,10.659266910288759,11.049732208251953,1400,0.0,0.0,0.0
2022-09-29 00:00:00-04:00,10.715369194372308,10.749029739722953,10.656462972496318,10.687317848205566,5700,0.0,0.0,0.0
2022-09-30 00:00:00-04:00,10.71536905426898,10.743419330019519,10.648046894398481,10.6581449508667,1500,0.0,0.0,0.0
2022-10-03 00:00:00-04:00,10.967823457408707,11.057585613322336,10.900502375498139,11.007095336914062,6900,0.0,0.0,0.0
2022-10-04 00:00:00-04:00,10.967828610907684,11.455911499318706,10.967828610907684,11.427861213684082,4300,0.0,0.0,0.0
2022-10-05 00:00:00-04:00,11.242724928564613,11.382978476655191,11.197282059909899,11.331364631652832,4600,0.0,0.0,0.0
2022-10-06 00:00:00-04:00,11.366145448339342,11.3941957244655,11.196719169616701,11.1967191696167,3100,0.0,0.0,0.0
2022-10-07 00:00:00-04:00,11.152960582224722,11.152960582224722,10.896017074584961,10.896017074584961,5100,0.0,0.0,0.0
2022-10-10 00:00:00-04:00,10.934165131054844,10.939775400691909,10.75912857055664,10.75912857055664,2500,0.0,0.0,0.0
2022-10-11 00:00:00-04:00,10.642437281887895,10.900504328923471,10.642437281887895,10.752957344055176,3100,0.0,0.0,0.0
2022-10-12 00:00:00-04:00,10.787131910520664,10.787131910520664,10.719355583190918,10.719355583190918,1400,0.287,0.0,0.0
2022-10-13 00:00:00-04:00,10.53652957724277,10.750677108764648,10.53652957724277,10.750677108764648,1500,0.0,0.0,0.0
2022-10-14 00:00:00-04:00,10.821302647582439,10.821302647582439,10.51602840423584,10.51602840423584,1500,0.0,0.0,0.0
2022-10-17 00:00:00-04:00,10.422621151578968,10.781433322715971,10.422621151578968,10.690306663513184,3000,0.0,0.0,0.0
2022-10-18 00:00:00-04:00,10.87825838285582,10.87825838285582,10.849780615449635,10.86117172241211,900,0.0,0.0,0.0
2022-10-19 00:00:00-04:00,10.809911422951687,10.821302528434208,10.707393646240234,10.707393646240234,1200,0.0,0.0,0.0
2022-10-20 00:00:00-04:00,10.70739464346668,10.70739464346668,10.647592963587277,10.658414840698242,1300,0.0,0.0,0.0
2022-10-21 00:00:00-04:00,10.365667257650587,10.842943191528322,10.365667257650587,10.84294319152832,1900,0.0,0.0,0.0
2022-10-24 00:00:00-04:00,10.866866357586009,10.940906373953819,10.844085231901937,10.919264793395996,2400,0.0,0.0,0.0
2022-10-25 00:00:00-04:00,11.157336743208173,11.157336743208173,11.125442504882812,11.125442504882812,2900,0.0,0.0,0.0
2022-10-26 00:00:00-04:00,11.333889187129769,11.333889187129769,11.214285850524902,11.214285850524902,2800,0.0,0.0,0.0
2022-10-27 00:00:00-04:00,11.328193539143276,11.328193539143276,11.220550537109375,11.220550537109375,2900,0.0,0.0,0.0
2022-10-28 00:00:00-04:00,11.379453430659641,11.402235641162946,11.378314971923828,11.378314971923828,1000,0.0,0.0,0.0
2022-10-31 00:00:00-04:00,11.943301161829043,12.66662011458994,11.410779436814602,11.428435325622559,3600,0.0,0.0,0.0
2022-11-01 00:00:00-04:00,11.578797447723886,11.607274134425184,11.578797447723886,11.601579666137695,1500,0.0,0.0,0.0
2022-11-02 00:00:00-04:00,11.761040135290653,11.761040135290653,11.401089668273924,11.401089668273926,2700,0.0,0.0,0.0
2022-11-03 00:00:00-04:00,11.407931788372956,11.407931788372956,11.28149333791014,11.310539245605469,2400,0.0,0.0,0.0
2022-11-04 00:00:00-04:00,11.45349426196768,11.473428152536435,11.3954002783254,11.433560371398926,3100,0.0,0.0,0.0
2022-11-07 00:00:00-05:00,11.635747811605361,11.635747811605361,11.462037259452849,11.527534484863281,6500,0.0,0.0,0.0
2022-11-08 00:00:00-05:00,11.692703731257625,11.692703731257625,11.561708177540662,11.61695384979248,3700,0.0,0.0,0.0
2022-11-09 00:00:00-05:00,11.618107156672195,11.66421071288139,11.40084457397461,11.40084457397461,4000,0.239,0.0,0.0
2022-11-10 00:00:00-05:00,11.814046649319478,11.952357307456843,11.814046649319478,11.92181396484375,2400,0.0,0.0,0.0
2022-11-11 00:00:00-05:00,11.960999495170546,11.963881585058303,11.93449020385742,11.934490203857422,600,0.0,0.0,0.0
2022-11-14 00:00:00-05:00,11.9293025412816,11.9293025412816,11.772549629211426,11.772549629211426,2300,0.0,0.0,0.0
2022-11-15 00:00:00-05:00,12.10219311609431,12.10219311609431,11.900489677653677,11.980594635009766,3500,0.0,0.0,0.0
2022-11-16 00:00:00-05:00,12.08490572528549,12.08490572528549,11.958121221300148,12.00422477722168,4300,0.0,0.0,0.0
2022-11-17 00:00:00-05:00,12.131006636966632,12.816797843610999,11.779467511889546,11.84804630279541,6700,0.0,0.0,0.0
2022-11-18 00:00:00-05:00,11.937948325484196,11.981170880432199,11.922964096069336,11.922964096069336,2300,0.0,0.0,0.0
2022-11-21 00:00:00-05:00,12.102191239694418,12.102191239694418,11.900487832527151,11.905674934387207,4100,0.0,0.0,0.0
2022-11-22 00:00:00-05:00,12.355764914844539,12.355764914844539,11.946594899651911,12.082024574279785,9200,0.0,0.0,0.0
2022-11-23 00:00:00-05:00,12.159822534256852,12.159822534256852,12.11371898651123,12.11371898651123,1800,0.0,0.0,0.0
2022-11-25 00:00:00-05:00,12.678489720664285,12.678489720664285,12.090668569808395,12.128128051757812,4500,0.0,0.0,0.0
2022-11-28 00:00:00-05:00,12.188635921083183,12.188635921083183,12.113718073839241,12.114294052124023,3600,0.0,0.0,0.0
2022-11-29 00:00:00-05:00,12.18863774383065,12.18863774383065,12.107956804087884,12.125246047973633,1300,0.0,0.0,0.0
2022-11-30 00:00:00-05:00,12.2036214956376,12.423766136169434,12.2036214956376,12.423766136169434,2300,0.0,0.0,0.0
2022-12-01 00:00:00-05:00,12.620856479713028,12.655433861526202,12.44796847145202,12.460070610046387,3800,0.0,0.0,0.0
2022-12-02 00:00:00-05:00,12.476785792180989,12.476785792180989,12.361527458515605,12.400714874267578,5100,0.0,0.0,0.0
2022-12-05 00:00:00-05:00,12.400713257883176,12.400713257883176,12.177110558860576,12.185755729675293,5900,0.0,0.0,0.0
2022-12-06 00:00:00-05:00,12.668113566750185,12.668113566750185,12.102191823058124,12.121210098266602,4400,0.0,0.0,0.0
2022-12-07 00:00:00-05:00,12.200168556589801,12.223219791361554,12.200168556589801,12.207660675048828,1000,0.0,0.0,0.0
2022-12-08 00:00:00-05:00,12.275081782830052,12.275081782830052,12.145992279052734,12.145992279052734,1700,0.0,0.0,0.0
2022-12-09 00:00:00-05:00,12.678489985087351,12.678489985087351,11.959274291992188,11.959274291992188,16400,0.0,0.0,0.0
2022-12-12 00:00:00-05:00,11.928402228523364,12.0856617077264,11.817739138049275,12.034989356994629,12800,0.219,0.0,0.0
2022-12-13 00:00:00-05:00,12.28369211303261,12.324462842904863,12.19923782348633,12.199237823486328,3200,0.0,0.0,0.0
2022-12-14 00:00:00-05:00,12.178853900549298,12.178853900549298,12.101971626281738,12.101971626281738,1600,0.0,0.0,0.0
2022-12-15 00:00:00-05:00,12.103138255510418,12.103138255510418,11.65465790473212,11.98548412322998,2600,0.0,0.0,0.0
2022-12-16 00:00:00-05:00,11.957528080905723,11.957528080905723,11.771145810280387,11.874238014221191,7400,0.0,0.0,0.0
2022-12-19 00:00:00-05:00,12.155554858224704,12.155554858224704,11.672128447145468,11.680282592773438,4200,0.0,0.0,0.0
2022-12-20 00:00:00-05:00,11.683774412135655,11.683774412135655,11.613882064819336,11.613882064819336,2900,0.0,0.0,0.0
2022-12-21 00:00:00-05:00,11.736196257051402,11.736196257051402,11.690766334533693,11.690766334533691,600,0.0,0.0,0.0
2022-12-22 00:00:00-05:00,11.689595278788493,11.689595278788493,11.583008205136196,11.63193416595459,1300,0.0,0.0,0.0
2022-12-23 00:00:00-05:00,11.64883470538098,11.686110496520998,11.64883470538098,11.686110496520996,2300,0.0,0.0,0.0
2022-12-27 00:00:00-05:00,11.689603266749515,11.689603266749515,11.49448585510254,11.494485855102539,4200,0.0,0.0,0.0
2022-12-28 00:00:00-05:00,11.439151588272678,11.468274332074044,11.367511749267578,11.367511749267578,3400,0.0,0.0,0.0
2022-12-29 00:00:00-05:00,11.509048461914062,11.509048461914062,11.509048461914062,11.509048461914062,100,0.0,0.0,0.0
2022-12-30 00:00:00-05:00,11.524185822236365,11.597574234008787,11.524185822236365,11.597574234008789,2200,0.0,0.0,0.0
2023-01-03 00:00:00-05:00,12.167206149498565,12.167206149498565,11.680867887542668,11.749013900756836,1800,0.0,0.0,0.0
2023-01-04 00:00:00-05:00,11.86433315189398,11.974996230578594,11.800264235136305,11.906268119812012,5700,0.0,0.0,0.0
2023-01-05 00:00:00-05:00,11.803176995027412,11.864334198655003,11.7653190962568,11.799099922180176,3300,0.0,0.0,0.0
2023-01-06 00:00:00-05:00,11.945877338391732,12.073431968688965,11.945877338391732,12.073431968688965,1400,0.0,0.0,0.0
2023-01-09 00:00:00-05:00,12.097311114757062,12.272043133289813,12.097311114757062,12.184677124023438,11600,0.0,0.0,0.0
2023-01-10 00:00:00-05:00,12.23127488974611,12.283694728147138,12.173030501420602,12.277870178222656,5900,0.0,0.0,0.0
2023-01-11 00:00:00-05:00,12.429304176905344,12.494537353515627,12.426974579300579,12.494537353515625,1700,0.0,0.0,0.0
2023-01-12 00:00:00-05:00,12.457826422090855,12.631903648376465,12.440062955811847,12.631903648376465,5600,0.35,0.0,0.0
2023-01-13 00:00:00-05:00,12.617689332269382,12.635452793242376,12.534795439751248,12.59163761138916,1700,0.0,0.0,0.0
2023-01-17 00:00:00-05:00,12.676901688110735,12.676901688110735,12.594007782850701,12.658546447753906,2500,0.0,0.0,0.0
2023-01-18 00:00:00-05:00,13.026245486270673,13.026245486270673,12.634273529052733,12.634273529052734,5900,0.0,0.0,0.0
2023-01-19 00:00:00-05:00,12.629536126678625,12.629536126678625,12.541312825720738,12.55611515045166,2200,0.0,0.0,0.0
2023-01-20 00:00:00-05:00,12.653223031189228,12.712432340788776,12.591051449157398,12.685195922851562,6600,0.0,0.0,0.0
2023-01-23 00:00:00-05:00,12.789400712456729,12.8190053544378,12.759794941130954,12.804203033447266,13400,0.0,0.0,0.0
2023-01-24 00:00:00-05:00,12.706507889768822,12.866375694669971,12.700587863819798,12.793547630310059,7300,0.0,0.0,0.0
2023-01-25 00:00:00-05:00,12.836772904210367,12.836772904210367,12.653221580930227,12.759799003601074,9000,0.0,0.0,0.0
2023-01-26 00:00:00-05:00,12.783484206561011,12.862826347351076,12.783484206561011,12.862826347351074,1200,0.0,0.0,0.0
2023-01-27 00:00:00-05:00,12.96111196634048,12.967033121655259,12.895981516567723,12.93742847442627,2300,0.0,0.0,0.0
2023-01-30 00:00:00-05:00,12.854530718383538,12.949268054095276,12.84268953959615,12.877623558044434,6800,0.0,0.0,0.0
2023-01-31 00:00:00-05:00,13.061767728378888,13.061767728378888,13.02624193024022,13.044005393981934,3500,0.0,0.0,0.0
2023-02-01 00:00:00-05:00,13.044007765620403,13.192625045776367,13.044007765620403,13.192625045776367,3700,0.0,0.0,0.0
2023-02-02 00:00:00-05:00,13.369658758394918,13.41643508123065,13.328211812595372,13.36314582824707,6600,0.0,0.0,0.0
2023-02-03 00:00:00-05:00,13.345978080099455,13.345978080099455,13.18018913269043,13.18018913269043,3300,0.0,0.0,0.0
2023-02-06 00:00:00-05:00,13.049926848242732,13.180188863972374,13.030386924743652,13.030386924743652,9700,0.0,0.0,0.0
2023-02-07 00:00:00-05:00,13.54729439648079,13.54729439648079,13.026245089800582,13.178415298461914,8500,0.0,0.0,0.0
2023-02-08 00:00:00-05:00,13.197955547236953,13.197955547236953,13.093745231628416,13.093745231628418,3000,0.0,0.0,0.0
2023-02-09 00:00:00-05:00,13.147506426358039,13.147506426358039,12.990405082702637,12.990405082702637,7800,0.194,0.0,0.0
2023-02-10 00:00:00-05:00,13.004143714904783,13.028036817333458,12.950382810265074,13.004143714904785,1000,0.0,0.0,0.0
2023-02-13 00:00:00-05:00,12.920513945516133,13.123610426488616,12.90856796495427,13.072836875915527,10400,0.0,0.0,0.0
2023-02-14 00:00:00-05:00,13.063875652780494,13.075821632013803,13.022060737774135,13.051331520080566,1800,0.0,0.0,0.0
2023-02-15 00:00:00-05:00,14.348163030369651,14.348163030369651,13.034009449519479,13.038787841796875,1600,0.0,0.0,0.0
2023-02-16 00:00:00-05:00,12.693525461028672,13.034010432277134,12.693525461028672,12.902595520019531,4100,0.0,0.0,0.0
2023-02-17 00:00:00-05:00,12.902595832159038,12.902595832159038,12.789100459217153,12.807021141052246,1600,0.0,0.0,0.0
2023-02-21 00:00:00-05:00,13.308785266190341,13.308785266190341,12.41575813293457,12.41575813293457,6900,0.0,0.0,0.0
2023-02-22 00:00:00-05:00,12.490425956386956,12.509540661677445,12.424717946402268,12.431886672973633,2000,0.0,0.0,0.0
2023-02-23 00:00:00-05:00,12.621841234043243,12.621841234043243,12.424718337228462,12.504165649414062,1800,0.0,0.0,0.0
2023-02-24 00:00:00-05:00,12.478482154806615,12.478482154806615,12.419942855834961,12.419942855834961,400,0.0,0.0,0.0
2023-02-27 00:00:00-05:00,12.591970950625388,12.591970950625388,12.50296688079834,12.50296688079834,1600,0.0,0.0,0.0
2023-02-28 00:00:00-05:00,12.544191094835927,12.60989912706443,12.478483062607422,12.520895004272461,5000,0.0,0.0,0.0
2023-03-01 00:00:00-05:00,12.520293661493675,12.56210857820464,12.46056034487226,12.491024017333984,2900,0.0,0.0,0.0
2023-03-02 00:00:00-05:00,12.45458964096444,12.484456306123057,12.382908049507416,12.47310733795166,3500,0.0,0.0,0.0
2023-03-03 00:00:00-05:00,12.609896403694696,12.639763063162631,12.556135505180393,12.603922843933105,6800,0.0,0.0,0.0
2023-03-06 00:00:00-05:00,12.854807889266601,12.854807889266601,12.60392405193433,12.627817153930664,2700,0.0,0.0,0.0
2023-03-07 00:00:00-05:00,12.669628464658038,12.669628464658038,12.472505569458008,12.472505569458008,10100,0.0,0.0,0.0
2023-03-08 00:00:00-05:00,12.544191966865545,12.544191966865545,12.462356567382812,12.462356567382812,7000,0.0,0.0,0.0
2023-03-09 00:00:00-05:00,12.37096111270546,12.544190963368639,12.186382293701172,12.186382293701172,2000,0.0,0.0,0.0
2023-03-10 00:00:00-05:00,12.134438191812292,12.194838810970364,11.88679669010559,11.933304786682129,11100,0.225,0.0,0.0
2023-03-13 00:00:00-04:00,11.8203538233812,11.8626339037723,11.560632012926401,11.588417053222656,6700,0.0,0.0,0.0
2023-03-14 00:00:00-04:00,11.868673180482949,11.929073784484414,11.7055918952927,11.816728591918945,7100,0.0,0.0,0.0
2023-03-15 00:00:00-04:00,11.711632380536528,11.711632380536528,11.519559860229492,11.519559860229492,2600,0.0,0.0,0.0
2023-03-16 00:00:00-04:00,11.49721228366158,11.699554156479099,11.367351374014204,11.661500930786133,3100,0.0,0.0,0.0
2023-03-17 00:00:00-04:00,12.122356214543563,12.122356214543563,11.410840034484863,11.410840034484863,2300,0.0,0.0,0.0
2023-03-20 00:00:00-04:00,11.409630409950294,11.494191717904894,11.3480224609375,11.3480224609375,8900,0.0,0.0,0.0
2023-03-21 00:00:00-04:00,11.355270811498333,11.54251281620632,11.355270811498333,11.512311935424805,2600,0.0,0.0,0.0
2023-03-22 00:00:00-04:00,11.551573427361483,11.651234613834475,11.500837326049805,11.500837326049805,1700,0.0,0.0,0.0
2023-03-23 00:00:00-04:00,11.602914650094258,11.602914650094258,11.463994026184082,11.463994026184082,1300,0.0,0.0,0.0
2023-03-24 00:00:00-04:00,11.403590540548391,11.415670892301499,11.366143293386958,11.388490676879883,2200,0.0,0.0,0.0
2023-03-27 00:00:00-04:00,11.47909010626965,11.497210632471234,11.439830694234711,11.474862098693848,2100,0.0,0.0,0.0
2023-03-28 00:00:00-04:00,11.433792850852031,11.445873204116976,11.392720110569577,11.42473316192627,3900,0.0,0.0,0.0
2023-03-29 00:00:00-04:00,11.590833617736118,11.6451940536499,11.590833617736118,11.645194053649902,1100,0.0,0.0,0.0
2023-03-30 00:00:00-04:00,11.711632465864843,11.759952720286448,11.687472914676912,11.756329536437988,4700,0.0,0.0,0.0
2023-03-31 00:00:00-04:00,11.904913742968558,11.923034270788671,11.904913742968558,11.916994094848633,1400,0.0,0.0,0.0
2023-04-03 00:00:00-04:00,11.862638493185182,11.929079303530527,11.862638493185182,11.872303009033203,3700,0.0,0.0,0.0
2023-04-04 00:00:00-04:00,12.122355911348956,12.122355911348956,11.727337837219238,11.727337837219238,10000,0.0,0.0,0.0
2023-04-05 00:00:00-04:00,11.693513812278962,11.72371354113942,11.633113202512236,11.67237377166748,4200,0.0,0.0,0.0
2023-04-06 00:00:00-04:00,12.122356202605063,12.122356202605063,11.66331317178016,11.6910982131958,5900,0.0,0.0,0.0
2023-04-10 00:00:00-04:00,11.826394710817546,11.826394710817546,11.67539375631168,11.776262283325195,11100,0.0,0.0,0.0
2023-04-11 00:00:00-04:00,11.862636117281628,11.910956382751465,11.834248551741677,11.910956382751465,2700,0.0,0.0,0.0
2023-04-12 00:00:00-04:00,12.032194042560707,12.032194042560707,11.874826431274414,11.874826431274414,2700,0.268,0.0,0.0
2023-04-13 00:00:00-04:00,11.970961805432822,11.997292518615723,11.970961805432822,11.997292518615723,600,0.0,0.0,0.0
2023-04-14 00:00:00-04:00,11.909730881745173,11.92075252532959,11.891360697159042,11.92075252532959,1500,0.0,0.0,0.0
2023-04-17 00:00:00-04:00,11.921977340100465,11.977086729807656,11.866867950393273,11.903608322143555,5700,0.0,0.0,0.0
2023-04-18 00:00:00-04:00,11.952593870746135,11.952593870746135,11.891361088031116,11.915853500366211,700,0.0,0.0,0.0
2023-04-19 00:00:00-04:00,11.857681719563384,11.915852214510393,11.853395460273415,11.876051902770996,3400,0.0,0.0,0.0
2023-04-20 00:00:00-04:00,11.817883101340845,11.879115892274298,11.817883101340845,11.830741882324219,2600,0.0,0.0,0.0
2023-04-21 00:00:00-04:00,11.836251140188322,11.836251140188322,11.819106101989746,11.819106101989746,500,0.0,0.0,0.0
2023-04-24 00:00:00-04:00,11.903606476563159,11.903606476563159,11.813593864440918,11.813593864440918,2500,0.0,0.0,0.0
2023-04-25 00:00:00-04:00,11.762775132050164,11.775021925304948,11.634187306630386,11.647046089172363,6400,0.0,0.0,0.0
2023-04-26 00:00:00-04:00,11.713790912553202,11.713790912553202,11.609695489856616,11.610308647155762,2500,0.0,0.0,0.0
2023-04-27 00:00:00-04:00,11.640307064023435,11.748688697814941,11.640307064023435,11.748688697814941,1800,0.0,0.0,0.0
2023-04-28 00:00:00-04:00,11.805633653391892,11.97096061706543,11.75848363714074,11.97096061706543,3800,0.0,0.0,0.0
2023-05-01 00:00:00-04:00,12.007704073901781,12.007704073901781,11.848499295197604,11.879115104675293,3500,0.0,0.0,0.0
2023-05-02 00:00:00-04:00,11.879115623275503,11.879115623275503,11.628062237259883,11.681334495544434,7600,0.0,0.0,0.0
2023-05-03 00:00:00-04:00,11.750526228774573,11.781142035452431,11.62928581237793,11.62928581237793,3500,0.0,0.0,0.0
2023-05-04 00:00:00-04:00,11.51171657287002,11.597442919480047,11.50559434689313,11.533761024475098,8100,0.0,0.0,0.0
2023-05-05 00:00:00-04:00,11.701540823125411,11.756650212238892,11.701540823125411,11.73766803741455,1700,0.0,0.0,0.0
2023-05-08 00:00:00-04:00,11.689293236347565,11.750526016515341,11.634183850988379,11.667861938476562,5900,0.0,0.0,0.0
2023-05-09 00:00:00-04:00,11.6648015441984,11.6648015441984,11.625613212585451,11.62561321258545,1900,0.0,0.0,0.0
2023-05-10 00:00:00-04:00,11.683172157900739,11.70766574199132,11.603570345443089,11.609692573547363,3300,0.0,0.0,0.0
2023-05-11 00:00:00-04:00,11.61588970895478,11.622088297918198,11.572500768470814,11.57374095916748,5100,0.23,0.0,0.0
2023-05-12 00:00:00-04:00,11.591098933020751,11.591098933020751,11.49812126159668,11.49812126159668,2100,0.0,0.0,0.0
2023-05-15 00:00:00-04:00,11.591095885719483,11.597293292075598,11.496879230371986,11.565062522888184,5500,0.0,0.0,0.0
2023-05-16 00:00:00-04:00,11.52911192677476,11.591096634680103,11.479524396902482,11.482623100280762,1100,0.0,0.0,0.0
2023-05-17 00:00:00-04:00,11.46712609032861,11.628285842117926,11.46712609032861,11.59729290008545,2900,0.0,0.0,0.0
2023-05-18 00:00:00-04:00,11.49192033566366,11.634484320890076,11.49192033566366,11.632624626159668,1700,0.0,0.0,0.0
2023-05-19 00:00:00-04:00,11.640688065053286,11.653084064979966,11.603496518492152,11.633249282836914,1600,0.0,0.0,0.0
2023-05-22 00:00:00-04:00,11.693368741163592,11.693368741163592,11.646881103515625,11.646881103515625,600,0.0,0.0,0.0
2023-05-23 00:00:00-04:00,11.510513195218731,11.640681166521482,11.503075599670412,11.50307559967041,2100,0.0,0.0,0.0
2023-05-24 00:00:00-04:00,11.467127783220503,11.467127783220503,11.361754129273482,11.383448600769043,1700,0.0,0.0,0.0
2023-05-25 00:00:00-04:00,11.541510044513412,11.547707451774563,11.34315872661463,11.371051788330078,4900,0.0,0.0,0.0
2023-05-26 00:00:00-04:00,11.460929304534394,11.560104370117188,11.45969029601413,11.560104370117188,1900,0.0,0.0,0.0
2023-05-30 00:00:00-04:00,11.764649441233118,11.764649441233118,11.566918875664303,11.584895133972168,7900,0.0,0.0,0.0
2023-05-31 00:00:00-04:00,11.584894245752325,11.584894245752325,11.510512384211594,11.566298484802246,3400,0.0,0.0,0.0
2023-06-01 00:00:00-04:00,11.622087173862765,11.746056576621239,11.597292820407132,11.716303825378418,7600,0.0,0.0,0.0
2023-06-02 00:00:00-04:00,11.876224510566102,11.876224510566102,11.820438392265931,11.848331451416016,1900,0.0,0.0,0.0
2023-06-05 00:00:00-04:00,11.981599793946474,11.981599793946474,11.789448239268834,11.870027542114258,1600,0.0,0.0,0.0
2023-06-06 00:00:00-04:00,11.879940484330197,11.93820578500473,11.879940484330197,11.919610023498535,4100,0.0,0.0,0.0
2023-06-07 00:00:00-04:00,11.956806563294554,11.987798329881981,11.907217845138492,11.929533004760742,3500,0.0,0.0,0.0
2023-06-08 00:00:00-04:00,11.987799427265719,12.000196607939595,11.953707771542673,11.963005065917969,3600,0.0,0.0,0.0
2023-06-09 00:00:00-04:00,12.050059656363159,12.050059656363159,11.944214144679501,11.972397804260254,4200,0.199,0.0,0.0
2023-06-12 00:00:00-04:00,11.906007203938033,12.031266950743609,11.906007203938033,11.949848175048828,6300,0.0,0.0,0.0
2023-06-13 00:00:00-04:00,11.974901307918232,12.144002032425874,11.974901307918232,12.090766906738281,4900,0.0,0.0,0.0
2023-06-14 00:00:00-04:00,12.08763769843072,12.131479876608132,12.056323051452637,12.056323051452637,3200,0.0,0.0,0.0
2023-06-15 00:00:00-04:00,11.999956252722216,12.187220573425295,11.999956252722216,12.187220573425293,700,0.0,0.0,0.0
2023-06-16 00:00:00-04:00,12.212897909307635,12.244212554321159,12.127095017441212,12.137741088867188,2900,0.0,0.0,0.0
2023-06-20 00:00:00-04:00,12.062585760640236,12.112689910644443,12.062585760640236,12.091395378112793,2500,0.0,0.0,0.0
2023-06-21 00:00:00-04:00,12.056318854975618,12.081371519499703,12.025004218897308,12.038156509399414,2900,0.0,0.0,0.0
2023-06-22 00:00:00-04:00,12.025007796218661,12.05632244161277,11.993691956247403,12.030017852783203,11300,0.0,0.0,0.0
2023-06-23 00:00:00-04:00,11.993690670994797,12.025006507610227,11.94358652698713,11.9561128616333,5600,0.0,0.0,0.0
2023-06-26 00:00:00-04:00,11.981167302971391,11.981167302971391,11.924801172261004,11.946094512939453,4100,0.0,0.0,0.0
2023-06-27 00:00:00-04:00,11.968639023730704,12.025006334248824,11.968639023730704,12.019369125366211,1600,0.0,0.0,0.0
2023-06-28 00:00:00-04:00,12.025008393870442,12.137741839638457,12.025008393870442,12.106427192687988,5100,0.0,0.0,0.0
2023-06-29 00:00:00-04:00,12.106431924965667,12.118958266473154,12.081380436528368,12.086390495300293,4400,0.0,0.0,0.0
2023-06-30 00:00:00-04:00,12.19411150844608,12.212901016981622,12.16906002497613,12.197243690490723,2400,0.0,0.0,0.0
2023-07-03 00:00:00-04:00,12.212898518415498,12.274275894666346,12.212898518415498,12.265507698059082,1100,0.0,0.0,0.0
2023-07-05 00:00:00-04:00,12.269266416930083,12.269266416930083,12.247345924377441,12.247345924377441,1900,0.0,0.0,0.0
2023-07-06 00:00:00-04:00,12.150266446980462,12.150266446980462,11.912272058128357,12.018743515014648,3800,0.0,0.0,0.0
2023-07-07 00:00:00-04:00,12.093900639678992,12.156531127036484,12.043796488708436,12.09953784942627,6100,0.0,0.0,0.0
2023-07-10 00:00:00-04:00,12.12521585466244,12.175320003046288,12.100163183181953,12.173440933227539,1900,0.0,0.0,0.0
2023-07-11 00:00:00-04:00,12.2128943277637,12.237946992089302,12.197862968083696,12.221662521362305,2800,0.0,0.0,0.0
2023-07-12 00:00:00-04:00,12.319367699359654,12.400786482068357,12.300578198160581,12.37322998046875,6800,0.0,0.0,0.0
2023-07-13 00:00:00-04:00,12.02688446657983,12.451885199664574,12.02688446657983,12.369422912597656,2800,0.25,0.0,0.0
2023-07-14 00:00:00-04:00,12.401141582359916,12.407485022721007,12.329463005065918,12.329463005065918,2100,0.0,0.0,0.0
2023-07-17 00:00:00-04:00,12.61681074510951,12.61681074510951,12.337706694247421,12.364348411560059,5700,0.0,0.0,0.0
2023-07-18 00:00:00-04:00,12.426512063146042,12.464571485377178,12.42016862445965,12.444907188415527,6900,0.0,0.0,0.0
2023-07-19 00:00:00-04:00,12.489945474092393,12.508974580620817,12.459497451782227,12.459497451782227,3600,0.0,0.0,0.0
2023-07-20 00:00:00-04:00,12.458234861743847,12.474094072078932,12.369429091329195,12.389093399047852,2000,0.0,0.0,0.0
2023-07-21 00:00:00-04:00,12.401143508933904,12.426517274320195,12.388457836128485,12.425883293151855,700,0.0,0.0,0.0
2023-07-24 00:00:00-04:00,12.53435453348066,12.53435453348066,12.401144672479582,12.426518440246582,2000,0.0,0.0,0.0
2023-07-25 00:00:00-04:00,12.521664719555458,12.521664719555458,12.427149513549054,12.451888084411621,5800,0.0,0.0,0.0
2023-07-26 00:00:00-04:00,12.496292467837117,12.528008460998533,12.428418984188593,12.528008460998535,3400,0.0,0.0,0.0
2023-07-27 00:00:00-04:00,12.680246551402387,12.680246551402387,12.380208969116211,12.380208969116211,4600,0.0,0.0,0.0
2023-07-28 00:00:00-04:00,12.375767483969222,12.553380162217515,12.375767483969222,12.540693283081055,1600,0.0,0.0,0.0
2023-07-31 00:00:00-04:00,12.559726652892005,12.667562742361456,12.559726652892005,12.604130744934082,8100,0.0,0.0,0.0
2023-08-01 00:00:00-04:00,12.54704144066787,12.566070556640623,12.540697998714338,12.566070556640625,800,0.0,0.0,0.0
2023-08-02 00:00:00-04:00,12.559720751940855,12.559720751940855,12.401138413103789,12.42333984375,2700,0.0,0.0,0.0
2023-08-03 00:00:00-04:00,12.401139409215066,12.401139409215066,12.305990240247493,12.310430526733398,7100,0.0,0.0,0.0
2023-08-04 00:00:00-04:00,12.401142412541596,12.458232169725683,12.337075233459473,12.337075233459473,3100,0.0,0.0,0.0
2023-08-07 00:00:00-04:00,12.451888232632239,12.458231673165148,12.439202561453993,12.44871711730957,2100,0.0,0.0,0.0
2023-08-08 00:00:00-04:00,12.44554719731568,12.451889428570155,12.40368145368756,12.419539451599121,5000,0.0,0.0,0.0
2023-08-09 00:00:00-04:00,12.502631236594972,12.6865873336792,12.38210952804384,12.6865873336792,16000,0.0,0.0,0.0
2023-08-10 00:00:00-04:00,12.512871911269455,12.512871911269455,12.375050737747625,12.375691413879395,5100,0.209,0.0,0.0
2023-08-11 00:00:00-04:00,12.371840668331927,12.40389280389247,12.346840858459473,12.346840858459473,2100,0.0,0.0,0.0
2023-08-14 00:00:00-04:00,12.352610835372138,12.358379364013672,12.352610835372138,12.358379364013672,500,0.0,0.0,0.0
2023-08-15 00:00:00-04:00,12.307743236183255,12.307743236183255,12.196203231811523,12.196203231811523,3300,0.0,0.0,0.0
2023-08-16 00:00:00-04:00,12.083384152115944,12.09492243697785,12.051332002316759,12.076333045959473,1300,0.0,0.0,0.0
2023-08-17 00:00:00-04:00,12.038511843476043,12.038511843476043,11.919280052185059,11.919280052185059,2100,0.0,0.0,0.0
2023-08-18 00:00:00-04:00,11.89107186146638,11.98081663514619,11.878252227509991,11.9212007522583,2300,0.0,0.0,0.0
2023-08-21 00:00:00-04:00,12.044920517503195,12.044920517503195,11.923124816625075,11.925688743591309,1800,0.0,0.0,0.0
2023-08-22 00:00:00-04:00,11.929537097083793,12.000049378925128,11.903895378112793,11.903895378112793,3400,0.0,0.0,0.0
2023-08-23 00:00:00-04:00,12.00004958586301,12.074409594029664,11.9808195189676,12.042357444763184,7700,0.0,0.0,0.0
2023-08-24 00:00:00-04:00,11.935945954969586,12.070561293846334,11.916714668273926,11.916714668273926,3100,0.0,0.0,0.0
2023-08-25 00:00:00-04:00,11.980818855866517,11.980818855866517,11.91671578354594,11.948766708374023,9200,0.0,0.0,0.0
2023-08-28 00:00:00-04:00,11.955176411554373,12.064151261079436,11.955176411554373,12.019279479980469,1200,0.0,0.0,0.0
2023-08-29 00:00:00-04:00,12.02569223227756,12.173128462275074,12.02569223227756,12.169281959533691,4900,0.0,0.0,0.0
2023-08-30 00:00:00-04:00,11.903892806899485,12.205176826409797,11.903892806899485,12.196843147277832,700,0.0,0.0,0.0
2023-08-31 00:00:00-04:00,12.24363890284239,12.291715284394263,12.210946083068848,12.210946083068848,500,0.0,0.0,0.0
2023-09-01 00:00:00-04:00,12.243638035827034,12.273125027810483,12.20517668877627,12.269278526306152,4500,0.0,0.0,0.0
2023-09-05 00:00:00-04:00,12.275689203321706,12.275689203321706,12.179535222414433,12.181458473205566,3500,0.0,0.0,0.0
2023-09-06 00:00:00-04:00,12.256458933463353,12.256458933463353,12.051328895622241,12.121842384338379,4600,0.0,0.0,0.0
2023-09-07 00:00:00-04:00,12.121846243055963,12.121846243055963,12.006460942122574,12.048128128051758,6300,0.0,0.0,0.0
2023-09-08 00:00:00-04:00,12.057737178875882,12.109019373547087,12.051326751708986,12.051326751708984,2400,0.0,0.0,0.0
2023-09-11 00:00:00-04:00,12.083382062370882,12.609025001525879,12.044920711928008,12.609025001525879,3300,0.0,0.0,0.0
2023-09-12 00:00:00-04:00,11.939799858101233,12.004584693733982,11.8944508438587,11.90092945098877,3700,0.207,0.0,0.0
2023-09-13 00:00:00-04:00,11.913887085645733,12.075848579406738,11.900931105252635,12.075848579406738,8000,0.0,0.0,0.0
2023-09-14 00:00:00-04:00,12.011063646646958,12.011063646646958,11.907407165249648,11.920364379882812,2500,0.0,0.0,0.0
2023-09-15 00:00:00-04:00,11.920367351726568,11.925550980272954,11.823190689086912,11.823190689086914,8100,0.0,0.0,0.0
2023-09-18 00:00:00-04:00,11.79079280978884,11.85557639441691,11.79079280978884,11.835493087768555,1600,0.0,0.0,0.0
2023-09-19 00:00:00-04:00,11.797273515888712,11.823187945602463,11.758403106986105,11.821244239807129,2100,0.0,0.0,0.0
2023-09-20 00:00:00-04:00,11.878255703562877,11.920366039148243,11.806993484497069,11.80699348449707,2200,0.0,0.0,0.0
2023-09-21 00:00:00-04:00,11.726009859199122,11.732488465828474,11.570527007098287,11.598383903503418,3500,0.0,0.0,0.0
2023-09-22 00:00:00-04:00,11.751923950068573,11.751923950068573,11.570527893226,11.64503002166748,3000,0.0,0.0,0.0
2023-09-25 00:00:00-04:00,11.59644540208448,11.59644540208448,11.564701080322266,11.564701080322266,1700,0.0,0.0,0.0
2023-09-26 00:00:00-04:00,11.38265468534083,11.518702995813197,11.324348443090996,11.346375465393066,6500,0.0,0.0,0.0
2023-09-27 00:00:00-04:00,11.389131135566293,11.402088350425814,11.285475888026168,11.353499412536621,2800,0.0,0.0,0.0
2023-09-28 00:00:00-04:00,11.419578552246094,11.419578552246094,11.419578552246094,11.419578552246094,200,0.0,0.0,0.0
2023-09-29 00:00:00-04:00,11.525180291203055,11.596442506979603,11.453916839758396,11.49149227142334,3000,0.0,0.0,0.0
2023-10-02 00:00:00-04:00,11.337302925442028,11.774598401156181,11.304911125636519,11.3632173538208,27400,0.0,0.0,0.0
2023-10-03 00:00:00-04:00,11.304910327627223,11.304910327627223,11.045771004803871,11.058728218078613,3600,0.0,0.0,0.0
2023-10-04 00:00:00-04:00,11.097600397082955,11.152020454406737,11.078165809730523,11.152020454406738,1600,0.0,0.0,0.0
2023-10-05 00:00:00-04:00,11.083346968369401,11.104077769217064,11.032815564073976,11.089178085327148,3600,0.0,0.0,0.0
2023-10-06 00:00:00-04:00,11.045774457698222,11.207735967257834,11.045774457698222,11.18506145477295,2700,0.0,0.0,0.0
2023-10-09 00:00:00-04:00,11.149429324155603,11.288716316223145,11.149429324155603,11.288716316223145,13800,0.0,0.0,0.0
2023-10-10 00:00:00-04:00,11.341189087710658,11.427999694748697,11.324344463986137,11.347667694091797,1100,0.0,0.0,0.0
2023-10-11 00:00:00-04:00,11.395609497294995,11.408566711875144,11.382652282714844,11.382652282714844,3500,0.0,0.0,0.0
2023-10-12 00:00:00-04:00,11.381995891716434,11.381995891716434,11.212330421758022,11.259021759033203,3000,0.261,0.0,0.0
2023-10-13 00:00:00-04:00,11.357003207878344,11.357003207878344,11.209039688110352,11.209039688110352,2100,0.0,0.0,0.0
2023-10-16 00:00:00-04:00,11.22548222786257,11.258363713976962,11.22548222786257,11.23205852508545,800,0.0,0.0,0.0
2023-10-17 00:00:00-04:00,11.212329949134412,11.212329949134412,11.080807763874763,11.126840591430664,2400,0.0,0.0,0.0
2023-10-18 00:00:00-04:00,11.06107912014141,11.06107912014141,11.014389038085938,11.014389038085938,1200,0.0,0.0,0.0
2023-10-19 00:00:00-04:00,10.916404799636569,10.969013928012867,10.778305053710938,10.778305053710938,11400,0.0,0.0,0.0
2023-10-20 00:00:00-04:00,10.804607045368451,10.896672679187477,10.692812523888126,10.725692749023438,7500,0.0,0.0,0.0
2023-10-23 00:00:00-04:00,10.541562792676823,10.692813853994059,10.179873999696067,10.53498649597168,6000,0.0,0.0,0.0
2023-10-24 00:00:00-04:00,10.6993904939321,10.830912669353099,10.692814197015993,10.757917404174805,8200,0.0,0.0,0.0
2023-10-25 00:00:00-04:00,10.64020682810885,10.673087063803388,10.390313148498535,10.390313148498535,4100,0.0,0.0,0.0
2023-10-26 00:00:00-04:00,10.377159123640437,10.515258226853247,10.377159123640437,10.456072807312012,1900,0.0,0.0,0.0
2023-10-27 00:00:00-04:00,10.456074488491524,10.46265078664241,10.396889686584473,10.396889686584473,2400,0.0,0.0,0.0
2023-10-30 00:00:00-04:00,10.449497363738761,10.530384063720703,10.44292106650278,10.530384063720703,1100,0.0,0.0,0.0
2023-10-31 00:00:00-04:00,10.615216137727073,10.67834758758545,10.615216137727073,10.67834758758545,1100,0.0,0.0,0.0
2023-11-01 00:00:00-04:00,10.725695952201058,10.921008110046387,10.725695952201058,10.921008110046387,3100,0.0,0.0,0.0
2023-11-02 00:00:00-04:00,11.179448785140957,11.312286720536942,11.179448785140957,11.310972213745117,5600,0.0,0.0,0.0
2023-11-03 00:00:00-04:00,11.40961339379414,11.560864448547363,11.40961339379414,11.560864448547363,3200,0.0,0.0,0.0
2023-11-06 00:00:00-05:00,11.370157943091163,11.409614471034626,11.29190088631777,11.324782371520996,1600,0.0,0.0,0.0
2023-11-07 00:00:00-05:00,11.363584583420876,11.408960166720167,11.363584583420876,11.383312225341797,3200,0.0,0.0,0.0
2023-11-08 00:00:00-05:00,11.363581187712665,11.408956757452657,11.363581187712665,11.389227867126465,800,0.0,0.0,0.0
2023-11-09 00:00:00-05:00,11.340700488824304,11.35067265890129,11.161217910364297,11.188471794128418,4100,0.186,0.0,0.0
2023-11-10 00:00:00-05:00,11.20775026319218,11.31676959991455,11.20775026319218,11.31676959991455,4100,0.0,0.0,0.0
2023-11-13 00:00:00-05:00,11.127981691603795,11.3473504585955,11.127981691603795,11.310124397277832,4400,0.0,0.0,0.0
2023-11-14 00:00:00-05:00,10.489817798484227,11.60660407206066,10.489817798484227,11.583337783813477,6600,0.0,0.0,0.0
2023-11-15 00:00:00-05:00,11.633194200368271,11.633194200368271,11.619898816981925,11.622557640075684,900,0.0,0.0,0.0
2023-11-16 00:00:00-05:00,11.656457231484634,11.690360069274902,11.619895571343262,11.690360069274902,2700,0.0,0.0,0.0
2023-11-17 00:00:00-05:00,11.659785173042843,11.766145706176756,11.659785173042843,11.766145706176758,2900,0.0,0.0,0.0
2023-11-20 00:00:00-05:00,11.746199014663857,11.891779997120533,11.746199014663857,11.865190505981445,4500,0.0,0.0,0.0
2023-11-21 00:00:00-05:00,11.81267574933747,11.905740878905299,11.81267574933747,11.84591293334961,4100,0.0,0.0,0.0
2023-11-22 00:00:00-05:00,11.63319347887286,11.938979670288562,10.649357991816947,11.885799407958984,8800,0.0,0.0,0.0
2023-11-24 00:00:00-05:00,11.945627408438396,11.952275099745359,11.87915303120371,11.930338859558105,5200,0.0,0.0,0.0
2023-11-27 00:00:00-05:00,11.852562515584538,12.038694072346916,11.693686113379446,11.922361373901367,19700,0.0,0.0,0.0
2023-11-28 00:00:00-05:00,11.885799054349743,11.920366287231445,11.885799054349743,11.920366287231445,200,0.0,0.0,0.0
2023-11-29 00:00:00-05:00,11.980191978435844,11.994151746700975,11.952272441905581,11.993487358093262,4800,0.0,0.0,0.0
2023-11-30 00:00:00-05:00,12.13840865997677,12.13840865997677,11.972220153571696,12.058637619018555,2200,0.0,0.0,0.0
2023-12-01 00:00:00-05:00,11.95892325710343,12.251415346421146,11.95892325710343,12.145054817199707,5000,0.0,0.0,0.0
2023-12-04 00:00:00-05:00,12.278010038661918,12.278010038661918,12.124452482655897,12.151707649230957,12100,0.0,0.0,0.0
2023-12-05 00:00:00-05:00,11.972219552074092,12.15635669193322,11.972219552074092,12.141731262207031,5800,0.0,0.0,0.0
2023-12-06 00:00:00-05:00,12.04534334391022,12.204884155813431,12.007451624483638,12.118465423583984,3100,0.0,0.0,0.0
2023-12-07 00:00:00-05:00,12.178292345062959,12.214854015731959,12.164996961561947,12.186934471130371,3100,0.0,0.0,0.0
2023-12-08 00:00:00-05:00,12.171644520077697,12.171644520077697,12.145055021284291,12.170315742492676,1400,0.0,0.0,0.0
2023-12-11 00:00:00-05:00,12.244765984202896,12.251413674861928,12.137075424194334,12.137075424194336,1800,0.0,0.0,0.0
2023-12-12 00:00:00-05:00,12.180721121673706,12.180721121673706,12.140432434425428,12.143789291381836,600,0.183,0.0,0.0
2023-12-13 00:00:00-05:00,12.227725758829543,12.400297164916992,12.227725758829543,12.400297164916992,1100,0.0,0.0,0.0
2023-12-14 00:00:00-05:00,12.556753019349095,12.623900403874279,12.52989304093561,12.55876636505127,4900,0.0,0.0,0.0
2023-12-15 00:00:00-05:00,12.597041063102875,12.62389975939089,12.545337016126235,12.550037384033203,6600,0.0,0.0,0.0
2023-12-18 00:00:00-05:00,11.959133199958798,12.60913017984128,11.959133199958798,12.527209281921387,5300,0.0,0.0,0.0
2023-12-19 00:00:00-05:00,12.617188723767532,12.617188723767532,12.556755043350256,12.570183753967285,2100,0.0,0.0,0.0
2023-12-20 00:00:00-05:00,12.597041058389362,12.623899754667326,12.423798561096191,12.423798561096191,2700,0.0,0.0,0.0
2023-12-21 00:00:00-05:00,12.473491975965471,12.499679565429688,12.46946272196956,12.499679565429688,800,0.0,0.0,0.0
2023-12-22 00:00:00-05:00,12.588986147786619,12.650763344148665,12.51646598214739,12.544668197631836,5700,0.0,0.0,0.0
2023-12-26 00:00:00-05:00,12.583613669108981,12.583613669108981,12.55675496728316,12.566826820373535,4300,0.0,0.0,0.0
2023-12-27 00:00:00-05:00,12.567499912857865,12.637334341647751,12.567499912857865,12.6178617477417,7700,0.0,0.0,0.0
2023-12-28 00:00:00-05:00,12.610473711064822,12.657477400047169,12.596372604370117,12.596372604370117,5100,0.0,0.0,0.0
2023-12-29 00:00:00-05:00,12.597043660399123,12.711196024856404,12.462746309006627,12.566826820373535,2900,0.0,0.0,0.0
2024-01-02 00:00:00-05:00,12.456029767661763,12.583612107577176,12.456029767661763,12.55339527130127,2900,0.0,0.0,0.0
2024-01-03 00:00:00-05:00,12.442597978171298,12.5231753344543,11.965843710606592,12.513103485107422,2200,0.0,0.0,0.0
2024-01-04 00:00:00-05:00,12.382168866132718,12.536609922999475,12.382168866132718,12.51982307434082,2800,0.0,0.0,0.0
2024-01-05 00:00:00-05:00,12.509747689102698,12.65076001011654,12.509747689102698,12.550708770751953,3500,0.0,0.0,0.0
2024-01-08 00:00:00-05:00,12.620545985217667,12.716567993164062,12.620545985217667,12.716567993164062,4100,0.0,0.0,0.0
2024-01-09 00:00:00-05:00,12.637334051924274,12.717240333557129,12.637334051924274,12.717240333557129,2700,0.0,0.0,0.0
2024-01-10 00:00:00-05:00,12.711193101210572,12.793785095214844,12.704478107109987,12.793785095214844,8600,0.0,0.0,0.0
2024-01-11 00:00:00-05:00,12.798486222189256,12.80520121668816,12.79647159576416,12.79647159576416,600,0.0,0.0,0.0
2024-01-12 00:00:00-05:00,12.800557407905371,12.827793260903023,12.800557407905371,12.807366371154785,1800,0.263,0.0,0.0
2024-01-16 00:00:00-05:00,12.807365501449231,12.807365501449231,12.672551155090332,12.672551155090332,5800,0.0,0.0,0.0
2024-01-17 00:00:00-05:00,12.611953566939041,12.64395426342482,12.611953566939041,12.615357398986816,600,0.0,0.0,0.0
2024-01-18 00:00:00-05:00,12.667787308437175,12.705235961219147,12.616722026288476,12.678001403808594,4200,0.0,0.0,0.0
2024-01-19 00:00:00-05:00,12.67800255586329,12.705237115748657,12.67800255586329,12.68412971496582,1400,0.0,0.0,0.0
2024-01-22 00:00:00-05:00,12.684808926143045,12.800558715856386,12.684808926143045,12.767195701599121,1800,0.0,0.0,0.0
2024-01-23 00:00:00-05:00,12.790345525793914,12.838006973266602,12.790345525793914,12.838006973266602,600,0.0,0.0,0.0
2024-01-24 00:00:00-05:00,12.865245792163643,12.902694451998933,12.819625854492188,12.819625854492188,1800,0.0,0.0,0.0
2024-01-25 00:00:00-05:00,12.889075916459392,12.929928407690834,12.869329528400323,12.898608207702637,4300,0.0,0.0,0.0
2024-01-26 00:00:00-05:00,12.902688002607967,12.91290079612098,12.889070078806155,12.89996337890625,2800,0.0,0.0,0.0
2024-01-29 00:00:00-05:00,12.991205592672152,13.038867040812718,12.991205592672152,13.022525787353516,4700,0.0,0.0,0.0
2024-01-30 00:00:00-05:00,12.991202538463169,13.016395568847656,12.991202538463169,13.016395568847656,1900,0.0,0.0,0.0
2024-01-31 00:00:00-05:00,12.99120688890099,12.99120688890099,12.923118542473476,12.925161361694336,700,0.0,0.0,0.0
2024-02-01 00:00:00-05:00,13.049077341728982,13.12056949315267,13.049077341728982,13.113080024719238,2500,0.0,0.0,0.0
2024-02-02 00:00:00-05:00,13.100145141477956,13.100145141477956,13.018440180811972,13.03205680847168,2400,0.0,0.0,0.0
2024-02-05 00:00:00-05:00,12.998011348483473,12.998011348483473,12.936731987804993,12.960562705993652,1200,0.0,0.0,0.0
2024-02-06 00:00:00-05:00,13.025249428012202,13.103551864624023,13.025249428012202,13.103551864624023,2800,0.0,0.0,0.0
2024-02-07 00:00:00-05:00,13.140998390489042,13.22270465461134,13.140998390489042,13.185256004333496,3400,0.0,0.0,0.0
2024-02-08 00:00:00-05:00,13.236324912050403,13.243133876815756,13.171640396118166,13.171640396118164,1200,0.0,0.0,0.0
2024-02-09 00:00:00-05:00,13.16271504129292,13.227944508472214,13.148982108314783,13.225884437561035,3900,0.162,0.0,0.0
2024-02-12 00:00:00-05:00,13.100912936421631,13.293169992634898,13.100912936421631,13.279437065124512,10900,0.0,0.0,0.0
2024-02-13 00:00:00-05:00,13.094046092592524,13.128378410371946,13.045982157345346,13.074820518493652,3400,0.0,0.0,0.0
2024-02-14 00:00:00-05:00,13.173012856884807,13.177819252014158,13.173012856884807,13.17781925201416,400,0.0,0.0,0.0
2024-02-15 00:00:00-05:00,13.203911087661634,13.293173832620337,13.203911087661634,13.265707969665527,2400,0.0,0.0,0.0
2024-02-16 00:00:00-05:00,13.24167559914899,13.24167559914899,13.205970764160156,13.205970764160156,700,0.0,0.0,0.0
2024-02-20 00:00:00-05:00,13.166145411901924,13.17644576473056,13.114648886336152,13.132500648498535,3400,0.0,0.0,0.0
2024-02-21 00:00:00-05:00,13.18331354778254,13.183999801491591,13.153787612915039,13.153787612915039,2300,0.0,0.0,0.0
2024-02-22 00:00:00-05:00,13.286305045064719,13.29317150960349,13.251972722370871,13.278752326965332,3500,0.0,0.0,0.0
2024-02-23 00:00:00-05:00,13.272573471069334,13.29454537405013,13.272573471069334,13.272573471069336,1200,0.0,0.0,0.0
2024-02-26 00:00:00-05:00,13.210777184026915,13.25952869651528,13.210777184026915,13.251288414001465,800,0.0,0.0,0.0
2024-02-27 00:00:00-05:00,13.293172532457051,13.296605110168457,13.279439602322821,13.296605110168457,2000,0.0,0.0,0.0
2024-02-28 00:00:00-05:00,13.279438143299048,13.286304607611738,13.279438143299048,13.284244537353516,900,0.0,0.0,0.0
2024-02-29 00:00:00-05:00,13.35497283935547,13.38243739703537,13.341239905693202,13.354972839355469,2000,0.0,0.0,0.0
2024-03-01 00:00:00-05:00,13.06658490282567,13.485428810119629,13.06658490282567,13.485428810119629,2700,0.0,0.0,0.0
2024-03-04 00:00:00-05:00,13.468947653406353,13.485426905915734,13.440796852111816,13.440796852111816,1900,0.0,0.0,0.0
2024-03-05 00:00:00-05:00,13.437366432235564,13.437366432235564,13.327505593589413,13.353597640991211,1000,0.0,0.0,0.0
2024-03-06 00:00:00-05:00,13.492292752288543,13.499159216323301,13.451095277724107,13.454527854919434,3900,0.0,0.0,0.0
2024-03-07 00:00:00-05:00,13.526625311692316,13.560956322829169,13.526625311692316,13.543790817260742,3300,0.0,0.0,0.0
2024-03-08 00:00:00-05:00,13.609023282524687,13.609023282524687,13.534867286682129,13.534867286682129,500,0.0,0.0,0.0
2024-03-11 00:00:00-04:00,13.541800684990319,13.590337391697549,13.451659953225976,13.47592830657959,7400,0.192,0.0,0.0
2024-03-12 00:00:00-04:00,13.541802207167727,13.596578598022461,13.541802207167727,13.596578598022461,1200,0.0,0.0,0.0
2024-03-13 00:00:00-04:00,13.590337065019982,13.609058743593053,13.583403061010472,13.593803405761719,5900,0.0,0.0,0.0
2024-03-14 00:00:00-04:00,13.57647081938308,13.57647081938308,13.453048706054688,13.453048706054688,1100,0.0,0.0,0.0
2024-03-15 00:00:00-04:00,13.399658203125,13.399658203125,13.399658203125,13.399658203125,300,0.0,0.0,0.0
2024-03-18 00:00:00-04:00,13.375388956815534,13.479396377551394,13.375388956815534,13.42739200592041,5000,0.0,0.0,0.0
2024-03-19 00:00:00-04:00,13.41699225660531,13.473155975341797,13.41699225660531,13.473155975341797,1200,0.0,0.0,0.0
2024-03-20 00:00:00-04:00,13.496731308876738,13.604206397700082,13.496731308876738,13.591724395751953,1700,0.0,0.0,0.0
2024-03-21 00:00:00-04:00,13.576468873679982,13.680476287366155,13.576468873679982,13.659675598144531,2100,0.0,0.0,0.0
2024-03-22 00:00:00-04:00,13.673542224713813,13.673542224713813,13.649273872375488,13.649273872375488,300,0.0,0.0,0.0
2024-03-25 00:00:00-04:00,13.652745612432973,13.652745612432973,13.606982231140137,13.606982231140137,500,0.0,0.0,0.0
2024-03-26 00:00:00-04:00,13.659676118750276,13.673542804584516,13.636100769042969,13.636100769042969,2900,0.0,0.0,0.0
2024-03-27 00:00:00-04:00,13.666609408242655,13.722081444151065,13.666609408242655,13.712372779846191,4900,0.0,0.0,0.0
2024-03-28 00:00:00-04:00,13.81915303929138,13.81915303929138,13.781016680897324,13.810138702392578,7700,0.0,0.0,0.0
2024-04-01 00:00:00-04:00,13.833023615124587,13.833023615124587,13.690879821777344,13.690879821777344,11600,0.0,0.0,0.0
2024-04-02 00:00:00-04:00,13.552890459836922,13.552890459836922,13.527929109405664,13.552197456359863,1300,0.0,0.0,0.0
2024-04-03 00:00:00-04:00,13.583406067334684,13.583406067334684,13.527935345507682,13.5286283493042,1400,0.0,0.0,0.0
2024-04-04 00:00:00-04:00,13.493259593024073,13.652739007825176,13.410054206848145,13.410054206848145,2500,0.0,0.0,0.0
2024-04-05 00:00:00-04:00,13.347651166954586,13.47592692474533,13.347651166954586,13.465526580810547,3000,0.0,0.0,0.0
2024-04-08 00:00:00-04:00,13.504357123857533,13.534866477268718,13.493262452837271,13.50019645690918,2400,0.0,0.0,0.0
2024-04-09 00:00:00-04:00,13.69434558558189,13.69434558558189,13.5140654343597,13.541801452636719,2100,0.0,0.0,0.0
2024-04-10 00:00:00-04:00,13.188173906878,13.410056741994707,13.188173906878,13.264445304870605,1100,0.0,0.0,0.0
2024-04-11 00:00:00-04:00,13.32909066720681,13.364223498594152,13.305201950079999,13.346657752990723,2000,0.252,0.0,0.0
2024-04-12 00:00:00-04:00,13.329090941777848,13.329090941777848,13.069114685058594,13.069114685058594,3900,0.0,0.0,0.0
2024-04-15 00:00:00-04:00,13.27990476774207,13.27990476774207,12.763464927673338,12.76346492767334,1500,0.0,0.0,0.0
2024-04-16 00:00:00-04:00,12.784544737794432,12.788058691085356,12.752925859078662,12.757142066955566,700,0.0,0.0,0.0
2024-04-17 00:00:00-04:00,12.804220199584961,12.804220199584961,12.804220199584961,12.804220199584961,100,0.0,0.0,0.0
2024-04-18 00:00:00-04:00,12.78805782426509,12.805623568987514,12.781733512878418,12.781733512878418,400,0.0,0.0,0.0
2024-04-19 00:00:00-04:00,12.858318223505387,12.858318223505387,12.71708869934082,12.71708869934082,500,0.0,0.0,0.0
2024-04-22 00:00:00-04:00,12.752926998929913,12.874484062194824,12.73184863802243,12.874484062194824,5200,0.0,0.0,0.0
2024-04-23 00:00:00-04:00,13.441511109596382,13.441511109596382,12.995335606830622,13.090190887451172,3300,0.0,0.0,0.0
2024-04-24 00:00:00-04:00,13.174507224454139,13.174507224454139,12.998847128128086,13.001657485961914,1300,0.0,0.0,0.0
2024-04-25 00:00:00-04:00,12.88642692565918,12.88642692565918,12.88642692565918,12.88642692565918,100,0.0,0.0,0.0
2024-04-26 00:00:00-04:00,13.005873773288492,13.062084950853482,13.005873773288492,13.030466079711914,3200,0.0,0.0,0.0
2024-04-29 00:00:00-04:00,13.033981788401292,13.251801325869627,13.033981788401292,13.112678527832031,800,0.0,0.0,0.0
2024-04-30 00:00:00-04:00,13.012903397813808,13.012903397813808,12.972149848937988,12.972149848937988,200,0.0,0.0,0.0
2024-05-01 00:00:00-04:00,13.012899921584191,13.097216015143404,13.012899921584191,13.092297554016113,500,0.0,0.0,0.0
2024-05-02 00:00:00-04:00,14.045783277067907,14.045783277067907,13.062086856107216,13.22369384765625,17900,0.0,0.0,0.0
2024-05-03 00:00:00-04:00,13.223694356731535,13.366331100463867,13.223694356731535,13.366331100463867,800,0.0,0.0,0.0
2024-05-06 00:00:00-04:00,13.462592714698287,13.467511177062988,13.427461223573422,13.467511177062988,1800,0.0,0.0,0.0
2024-05-07 00:00:00-04:00,13.666357000227796,13.666357000227796,13.508262634277344,13.508262634277344,2600,0.0,0.0,0.0
2024-05-08 00:00:00-04:00,13.50474928814084,13.50474928814084,13.49561595916748,13.49561595916748,2100,0.0,0.0,0.0
2024-05-09 00:00:00-04:00,13.539884939711014,13.567989867348631,13.525831805801898,13.544099807739258,5300,0.0,0.0,0.0
2024-05-10 00:00:00-04:00,13.50650067924671,13.541968888114775,13.50650067924671,13.51004695892334,1300,0.183,0.0,0.0
2024-05-13 00:00:00-04:00,13.577434705654648,13.577434705654648,13.502950668334961,13.502950668334961,500,0.0,0.0,0.0
2024-05-14 00:00:00-04:00,13.539134815079132,13.5526123046875,13.539134815079132,13.5526123046875,900,0.0,0.0,0.0
2024-05-15 00:00:00-04:00,13.662563781187616,13.683845520019531,13.662563781187616,13.683845520019531,900,0.0,0.0,0.0
2024-05-16 00:00:00-04:00,13.676753300720378,13.676753300720378,13.675333976745604,13.675333976745605,700,0.0,0.0,0.0
2024-05-17 00:00:00-04:00,13.655469868243646,13.683845520019531,13.655469868243646,13.683845520019531,800,0.0,0.0,0.0
2024-05-20 00:00:00-04:00,13.775352478027344,13.775352478027344,13.775352478027344,13.775352478027344,300,0.0,0.0,0.0
2024-05-21 00:00:00-04:00,13.797344808918837,13.82004451751709,13.797344808918837,13.82004451751709,1100,0.0,0.0,0.0
2024-05-22 00:00:00-04:00,13.850549243231303,13.854096876601451,13.783868077944897,13.796636581420898,1700,0.0,0.0,0.0
2024-05-23 00:00:00-04:00,13.832813902827029,13.832813902827029,13.635607719421387,13.635607719421387,2100,0.0,0.0,0.0
2024-05-24 00:00:00-04:00,13.74059650864493,13.75478298257911,13.719314768205184,13.74272346496582,1800,0.0,0.0,0.0
2024-05-28 00:00:00-04:00,13.7122190544901,13.747687264207515,13.674622535705566,13.674622535705566,2800,0.0,0.0,0.0
2024-05-29 00:00:00-04:00,13.619998695000929,13.619998695000929,13.499404907226562,13.499404907226562,400,0.0,0.0,0.0
2024-05-30 00:00:00-04:00,13.541972046422549,13.558997169497003,13.541972046422549,13.544809341430664,600,0.0,0.0,0.0
2024-05-31 00:00:00-04:00,13.669654488233467,13.706542015075682,13.563248525080022,13.706542015075684,3200,0.0,0.0,0.0
2024-06-03 00:00:00-04:00,13.47812611662046,13.669657707214357,13.47812611662046,13.669657707214355,2400,0.0,0.0,0.0
2024-06-04 00:00:00-04:00,13.549063906096816,13.768969795679107,13.549063906096816,13.65546989440918,4400,0.0,0.0,0.0
2024-06-05 00:00:00-04:00,13.790248109878428,13.874663352966307,13.761872465094985,13.874663352966309,1200,0.0,0.0,0.0
2024-06-06 00:00:00-04:00,13.903750264630295,13.917938089350304,13.854094231135704,13.87040901184082,1800,0.0,0.0,0.0
2024-06-07 00:00:00-04:00,13.832810392157514,13.861186037285844,13.832810392157514,13.84699821472168,900,0.0,0.0,0.0
2024-06-10 00:00:00-04:00,13.875377785563114,13.875377785563114,13.825721740722656,13.825721740722656,800,0.0,0.0,0.0
2024-06-11 00:00:00-04:00,13.783867616353943,13.854096412658691,13.783867616353943,13.854096412658691,700,0.0,0.0,0.0
2024-06-12 00:00:00-04:00,13.969436141390757,14.055402503472001,13.965137481689451,13.965137481689453,2800,0.191,0.0,0.0
2024-06-13 00:00:00-04:00,13.919285621534014,13.951522827148436,13.919285621534014,13.951522827148438,800,0.0,0.0,0.0
2024-06-14 00:00:00-04:00,13.872720048384192,13.876302719116213,13.847646818814187,13.876302719116211,900,0.0,0.0,0.0
2024-06-17 00:00:00-04:00,13.904954858583245,13.904954858583245,13.869136355762226,13.884896278381348,2100,0.0,0.0,0.0
2024-06-18 00:00:00-04:00,13.876301025998604,13.897791582214419,13.854809103394423,13.88847827911377,1200,0.0,0.0,0.0
2024-06-20 00:00:00-04:00,13.854811874299282,13.854811874299282,13.836902618408203,13.836902618408203,200,0.0,0.0,0.0
2024-06-21 00:00:00-04:00,13.821138381958008,13.821138381958008,13.821138381958008,13.821138381958008,300,0.0,0.0,0.0
2024-06-24 00:00:00-04:00,13.90495757105373,14.00525049162758,13.90495757105373,13.917136192321777,2400,0.0,0.0,0.0
2024-06-25 00:00:00-04:00,13.912119141027217,13.912119141027217,13.901373863220217,13.901373863220215,600,0.0,0.0,0.0
2024-06-26 00:00:00-04:00,13.91212126728287,13.91212126728287,13.87701874578601,13.907822608947754,700,0.0,0.0,0.0
2024-06-27 00:00:00-04:00,13.912122755329536,14.0245943069458,13.912122755329536,14.0245943069458,1000,0.0,0.0,0.0
2024-06-28 00:00:00-04:00,14.105544032696626,14.105544032696626,14.091216082975569,14.096946716308594,800,0.0,0.0,0.0
2024-07-01 00:00:00-04:00,14.091216082975569,14.096946716308594,14.091216082975569,14.096946716308594,600,0.0,0.0,0.0
2024-07-02 00:00:00-04:00,14.155689660275469,14.155689660275469,14.127033762513669,14.144227027893066,3900,0.0,0.0,0.0
2024-07-03 00:00:00-04:00,14.155692562206452,14.245240211486816,14.155692562206452,14.245240211486816,600,0.0,0.0,0.0
2024-07-05 00:00:00-04:00,14.25454857286718,14.270308494567871,14.245235270776671,14.270308494567871,600,0.0,0.0,0.0
2024-07-08 00:00:00-04:00,14.220162046985473,14.270308494567871,14.220162046985473,14.270308494567871,2600,0.0,0.0,0.0
2024-07-09 00:00:00-04:00,14.30612983245476,14.320457782144988,14.268877983093262,14.268877983093262,2600,0.0,0.0,0.0
2024-07-10 00:00:00-04:00,14.363438408259036,14.377766356097283,14.333350537631706,14.375617027282715,8600,0.0,0.0,0.0
2024-07-11 00:00:00-04:00,14.407142261898427,14.456572739270149,14.406426274223096,14.438663482666016,2200,0.0,0.0,0.0
2024-07-12 00:00:00-04:00,14.513879023814228,14.535370945417641,14.495969772338867,14.495969772338867,7800,0.0,0.0,0.0
2024-07-15 00:00:00-04:00,14.507601723229511,14.580285379195328,14.507601723229511,14.528680801391602,6400,0.291,0.0,0.0
2024-07-16 00:00:00-04:00,14.616627995071235,14.616627995071235,14.587553977966309,14.587553977966309,200,0.0,0.0,0.0
2024-07-17 00:00:00-04:00,14.434191703796387,14.434191703796387,14.434191703796387,14.434191703796387,300,0.0,0.0,0.0
2024-07-18 00:00:00-04:00,14.449452767741946,14.449452767741946,14.259749412536621,14.259749412536621,4400,0.0,0.0,0.0
2024-07-19 00:00:00-04:00,14.267744512240379,14.267744512240379,14.201602935791016,14.201602935791016,600,0.0,0.0,0.0
2024-07-22 00:00:00-04:00,14.327344058885291,14.384037823599643,14.327344058885291,14.342607498168945,800,0.0,0.0,0.0
2024-07-23 00:00:00-04:00,13.76623220255176,14.442187840803848,13.628133395968167,14.351333618164062,6000,0.0,0.0,0.0
2024-07-24 00:00:00-04:00,14.245940951954418,14.245940951954418,14.115837097167969,14.115837097167969,1300,0.0,0.0,0.0
2024-07-25 00:00:00-04:00,14.115111389455217,14.220502615243864,14.10057438183085,14.120199203491211,2700,0.0,0.0,0.0
2024-07-26 00:00:00-04:00,14.267744057396733,14.275012560315805,14.210325241088865,14.210325241088867,900,0.0,0.0,0.0
2024-07-29 00:00:00-04:00,14.275015625101164,14.275015625101164,14.202333352956224,14.235767364501953,3300,0.0,0.0,0.0
2024-07-30 00:00:00-04:00,14.269922256469727,14.269922256469727,14.269922256469727,14.269922256469727,300,0.0,0.0,0.0
2024-07-31 00:00:00-04:00,14.469807624816893,14.469807624816893,14.469807624816893,14.469807624816895,100,0.0,0.0,0.0
2024-08-01 00:00:00-04:00,13.991549983417093,14.51486979540802,13.991549983417093,14.333161354064941,5200,0.0,0.0,0.0
2024-08-02 00:00:00-04:00,14.05696097424839,14.10202485399952,14.01335134939971,14.090394973754883,1200,0.0,0.0,0.0
2024-08-05 00:00:00-04:00,13.809837324544274,13.809837324544274,13.424615047466842,13.553264617919922,6900,0.0,0.0,0.0
2024-08-06 00:00:00-04:00,13.65793189824853,13.798937809114282,13.65793189824853,13.77785873413086,1000,0.0,0.0,0.0
2024-08-07 00:00:00-04:00,13.969739920250058,14.020619431763677,13.782943725585938,13.782943725585938,1700,0.0,0.0,0.0
2024-08-08 00:00:00-04:00,13.947938226928288,14.027162551879883,13.947938226928288,14.027162551879883,1300,0.0,0.0,0.0
2024-08-09 00:00:00-04:00,14.122376038143948,14.122376038143948,14.115107536315918,14.115107536315918,1000,0.0,0.0,0.0
2024-08-12 00:00:00-04:00,14.064235060388171,14.064235060388171,13.991551399230957,13.991551399230957,11000,0.0,0.0,0.0
2024-08-13 00:00:00-04:00,14.118745213503145,14.165989796007437,14.056965009426696,14.120925903320312,5600,0.0,0.0,0.0
2024-08-14 00:00:00-04:00,14.155086517333986,14.155086517333986,14.155086517333986,14.155086517333984,100,0.0,0.0,0.0
2024-08-15 00:00:00-04:00,14.318626896453367,14.325894014731556,14.287372188024944,14.31499195098877,1500,0.0,0.0,0.0
2024-08-16 00:00:00-04:00,14.311355784894259,14.33679485321045,14.311355784894259,14.33679485321045,300,0.0,0.0,0.0
2024-08-19 00:00:00-04:00,14.133282220551042,14.431283950805664,14.133282220551042,14.431283950805664,4800,0.0,0.0,0.0
2024-08-20 00:00:00-04:00,14.421834945678711,14.421834945678711,14.421834945678711,14.421834945678711,300,0.0,0.0,0.0
2024-08-21 00:00:00-04:00,14.59081426961269,14.665751457214355,14.583467266703112,14.665751457214355,1500,0.212,0.0,0.0
2024-08-22 00:00:00-04:00,14.671628163951535,14.671628163951535,14.58860969543457,14.58860969543457,700,0.0,0.0,0.0
2024-08-23 00:00:00-04:00,14.693666093904712,14.749502182006836,14.693666093904712,14.749502182006836,1400,0.0,0.0,0.0
2024-08-26 00:00:00-04:00,14.752437885071615,14.840600481370092,14.752437885071615,14.80459976196289,2000,0.0,0.0,0.0
2024-08-27 00:00:00-04:00,14.774482487572456,14.795787811279297,14.774482487572456,14.795787811279297,400,0.0,0.0,0.0
2024-08-28 00:00:00-04:00,14.745096699599076,14.745096699599076,14.686322079322897,14.720852851867676,1000,0.0,0.0,0.0
2024-08-29 00:00:00-04:00,14.745097386826009,14.811219012880635,14.745097386826009,14.802403450012207,900,0.0,0.0,0.0
2024-08-30 00:00:00-04:00,14.686321504354527,14.877339363098145,14.686321504354527,14.877339363098145,2700,0.0,0.0,0.0
2024-09-03 00:00:00-04:00,14.770812871334407,14.770812871334407,14.708365440368652,14.708365440368652,900,0.0,0.0,0.0
2024-09-04 00:00:00-04:00,14.778156903933235,14.778156903933235,14.7083624831282,14.719382286071777,3000,0.0,0.0,0.0
2024-09-05 00:00:00-04:00,14.69366596567287,14.705421447753906,14.678971963395874,14.705421447753906,700,0.0,0.0,0.0
2024-09-06 00:00:00-04:00,14.664279128159347,14.664279128159347,14.532037301033606,14.562893867492676,3500,0.0,0.0,0.0
2024-09-09 00:00:00-04:00,14.620199743391641,14.708362370155374,14.620199743391641,14.693668365478516,1800,0.0,0.0,0.0
2024-09-10 00:00:00-04:00,14.730403894075918,14.730403894075918,14.642242657129186,14.712037086486816,1300,0.0,0.0,0.0
2024-09-11 00:00:00-04:00,14.796524047851562,14.796524047851562,14.796524047851562,14.796524047851562,200,0.0,0.0,0.0
2024-09-12 00:00:00-04:00,14.79652353827228,14.892033167004259,14.79652353827228,14.881011962890625,2000,0.0,0.0,0.0
2024-09-13 00:00:00-04:00,15.059362504247021,15.059362504247021,14.914453983101174,14.998427391052246,6400,0.23,0.0,0.0
2024-09-16 00:00:00-04:00,14.98133190351522,15.039296150207518,14.98133190351522,15.03929615020752,1200,0.0,0.0,0.0
2024-09-17 00:00:00-04:00,15.078681970632402,15.129957546923112,15.055645096974372,15.068278312683105,2100,0.0,0.0,0.0
2024-09-18 00:00:00-04:00,15.07050811990031,15.07050811990031,14.959038734436033,14.959038734436035,900,0.0,0.0,0.0
2024-09-19 00:00:00-04:00,14.855002378646027,15.271150127213474,14.855002378646027,15.181976318359375,900,0.0,0.0,0.0
2024-09-20 00:00:00-04:00,15.178258895874023,15.178258895874023,15.178258895874023,15.178258895874023,200,0.0,0.0,0.0
2024-09-23 00:00:00-04:00,14.788118155298942,15.229532241821289,14.788118155298942,15.229532241821289,400,0.0,0.0,0.0
2024-09-24 00:00:00-04:00,14.847570174559058,15.286012059907007,14.847570174559058,15.248856544494629,2100,0.0,0.0,0.0
2024-09-25 00:00:00-04:00,15.22656419384021,15.28601387599831,15.174545899125897,15.201297760009766,2000,0.0,0.0,0.0
2024-09-26 00:00:00-04:00,15.20798604023733,15.746749568131273,15.181976893553474,15.392279624938965,1000,0.0,0.0,0.0
2024-09-27 00:00:00-04:00,15.241426183466196,15.301618576049806,15.233994796405282,15.301618576049805,2500,0.0,0.0,0.0
2024-09-30 00:00:00-04:00,15.36700973859741,15.427202113646112,15.300871405196828,15.414568901062012,3900,0.0,0.0,0.0
2024-10-01 00:00:00-04:00,15.553536855507732,15.553536855507732,15.300875373087864,15.395995140075684,1400,0.0,0.0,0.0
2024-10-02 00:00:00-04:00,15.367757465846793,15.397481597737208,15.256289490821384,15.364785194396973,1400,0.0,0.0,0.0
2024-10-03 00:00:00-04:00,15.502257610246277,15.601092338562013,15.070504484948922,15.601092338562012,1200,0.0,0.0,0.0
2024-10-04 00:00:00-04:00,15.315741721910452,15.375191412981257,15.315741721910452,15.346208572387695,1300,0.0,0.0,0.0
2024-10-07 00:00:00-04:00,15.349176219668452,15.349176219668452,15.213927268981934,15.213927268981934,800,0.0,0.0,0.0
2024-10-08 00:00:00-04:00,15.271152164874414,15.352896015058034,15.271152164874414,15.322427749633789,1100,0.0,0.0,0.0
2024-10-09 00:00:00-04:00,15.38262459756007,15.393028259277344,15.38262459756007,15.393028259277344,4100,0.0,0.0,0.0
2024-10-10 00:00:00-04:00,15.352895180655809,15.360326568213376,15.338032405540673,15.359583854675293,1900,0.0,0.0,0.0
2024-10-11 00:00:00-04:00,15.434945213025117,15.48016581508339,15.359578980419318,15.412336349487305,800,0.289,0.0,0.0
2024-10-14 00:00:00-04:00,15.487703217401508,15.487703217401508,15.445498466491697,15.4454984664917,800,0.0,0.0,0.0
2024-10-15 00:00:00-04:00,15.404802865042193,15.412339633657894,15.31587100786521,15.33094310760498,800,0.0,0.0,0.0
2024-10-16 00:00:00-04:00,15.32943744997402,15.397266933712181,15.32943744997402,15.38370132446289,1200,0.0,0.0,0.0
2024-10-17 00:00:00-04:00,15.826851044005863,15.826851044005863,15.336972608713518,15.357321739196777,1200,0.0,0.0,0.0
2024-10-18 00:00:00-04:00,15.667078971862793,15.667078971862793,15.667078971862793,15.667078971862793,200,0.0,0.0,0.0
2024-10-21 00:00:00-04:00,15.359581500766062,15.672350914280356,15.269143156792175,15.352799415588379,27900,0.0,0.0,0.0
2024-10-22 00:00:00-04:00,15.397264505182802,15.397264505182802,15.392742156982422,15.392742156982422,700,0.0,0.0,0.0
2024-10-23 00:00:00-04:00,15.374654661328545,15.374654661328545,15.207342147827148,15.207342147827148,800,0.0,0.0,0.0
2024-10-24 00:00:00-04:00,15.213376045227049,15.213376045227049,15.213376045227049,15.21337604522705,100,0.0,0.0,0.0
2024-10-25 00:00:00-04:00,15.314361904550205,15.314361904550205,15.216386795043947,15.216386795043945,1200,0.0,0.0,0.0
2024-10-28 00:00:00-04:00,15.329436735184355,15.480169233683322,14.613459523551722,15.183226585388184,2300,0.0,0.0,0.0
2024-10-29 00:00:00-04:00,15.18624227524429,15.18624227524429,15.080730379967015,15.12218189239502,1000,0.0,0.0,0.0
2024-10-30 00:00:00-04:00,15.152322769165037,15.152322769165037,15.152322769165037,15.152322769165039,100,0.0,0.0,0.0
2024-10-31 00:00:00-04:00,15.148560227324676,15.148560227324676,15.050583661524424,15.084498405456543,800,0.0,0.0,0.0
2024-11-01 00:00:00-04:00,15.148560860273575,15.223927120770828,15.0581210601785,15.115399360656738,1100,0.0,0.0,0.0
2024-11-04 00:00:00-05:00,15.05811664728286,15.05811664728286,15.012897479233072,15.015158653259277,800,0.0,0.0,0.0
2024-11-05 00:00:00-05:00,15.058122387170213,15.10334300994873,15.058122387170213,15.10334300994873,400,0.0,0.0,0.0
2024-11-06 00:00:00-05:00,15.336974320034395,15.336974320034395,15.186241813514012,15.303059577941895,400,0.0,0.0,0.0
2024-11-07 00:00:00-05:00,15.32190373963755,15.487708378823667,15.32190373963755,15.463591575622559,2900,0.0,0.0,0.0
2024-11-08 00:00:00-05:00,15.751484380056871,15.751484380056871,15.61205776516226,15.691191673278809,1300,0.0,0.0,0.0
2024-11-11 00:00:00-05:00,15.691198929503415,15.691198929503415,15.642210633376033,15.642965316772461,3900,0.0,0.0,0.0
2024-11-12 00:00:00-05:00,15.625438981941613,15.625438981941613,15.351174354553223,15.351174354553223,600,0.223,0.0,0.0
2024-11-13 00:00:00-05:00,15.366414070129395,15.366414070129395,15.366414070129395,15.366414070129395,200,0.0,0.0,0.0
2024-11-14 00:00:00-05:00,15.31307975901308,15.31307975901308,15.054052427876567,15.183566093444824,1300,0.0,0.0,0.0
2024-11-15 00:00:00-05:00,15.015958888172655,15.88446286601693,15.015958888172655,15.57972526550293,2200,0.0,0.0,0.0
2024-11-18 00:00:00-05:00,15.434215202005024,15.434215202005024,15.263561248779297,15.263561248779297,1200,0.0,0.0,0.0
2024-11-19 00:00:00-05:00,15.2749871631525,15.305461651653482,15.236895505629862,15.250608444213867,1000,0.0,0.0,0.0
2024-11-20 00:00:00-05:00,15.335935192527383,15.335935192527383,15.223183068806023,15.226991653442383,1600,0.0,0.0,0.0
2024-11-21 00:00:00-05:00,15.252130187205273,15.32298205327224,15.236892945514954,15.310791969299316,1200,0.0,0.0,0.0
2024-11-22 00:00:00-05:00,15.442594358327447,15.442594358327447,15.358790965803252,15.407549858093262,500,0.0,0.0,0.0
2024-11-25 00:00:00-05:00,15.40450453533421,15.526399612426758,15.40450453533421,15.526399612426758,1400,0.0,0.0,0.0
2024-11-26 00:00:00-05:00,15.507352552424248,15.556872877670916,15.495163917541504,15.495163917541504,1300,0.0,0.0,0.0
2024-11-27 00:00:00-05:00,15.99874043193845,15.99874043193845,15.541633271833772,15.543157577514648,1100,0.0,0.0,0.0
2024-11-29 00:00:00-05:00,15.587346795881636,15.69019603729248,15.587346795881636,15.69019603729248,300,0.0,0.0,0.0
2024-12-02 00:00:00-05:00,15.655908207219335,15.728284384646125,15.617816552965683,15.723712921142578,2100,0.0,0.0,0.0
2024-12-03 00:00:00-05:00,15.770186530661322,15.770186530661322,15.701620388545999,15.747330665588379,2200,0.0,0.0,0.0
2024-12-04 00:00:00-05:00,15.781615366028904,15.781615366028904,15.758759498596191,15.758759498596191,1800,0.0,0.0,0.0
2024-12-05 00:00:00-05:00,15.770186870201362,15.770186870201362,15.732093760926293,15.760282516479492,1200,0.0,0.0,0.0
2024-12-06 00:00:00-05:00,15.785422334588139,15.846369855065179,15.77780371289057,15.837989807128906,2800,0.0,0.0,0.0
2024-12-09 00:00:00-05:00,15.80827931508332,15.92255574240296,15.800660692848197,15.801422119140625,8300,0.0,0.0,0.0
2024-12-10 00:00:00-05:00,15.7625705491968,15.778569221496582,15.7625705491968,15.778569221496582,400,0.0,0.0,0.0
2024-12-11 00:00:00-05:00,15.968265172010115,16.151109189704965,15.75494957320535,15.793041229248047,5300,0.0,0.0,0.0
2024-12-12 00:00:00-05:00,15.63305747854403,15.709242258101435,15.282608073821493,15.626961708068848,5900,0.0,0.0,0.0
2024-12-13 00:00:00-05:00,15.597674876103511,15.674738781997268,15.559143658092507,15.603069305419922,1700,0.234,0.0,0.0
2024-12-16 00:00:00-05:00,15.613086007356241,15.613086007356241,15.474371287992442,15.511362075805664,3300,0.0,0.0,0.0
2024-12-17 00:00:00-05:00,15.412721889121261,15.425052642822266,15.374190672347138,15.425052642822266,900,0.0,0.0,0.0
2024-12-18 00:00:00-05:00,15.358776868690462,15.358776868690462,14.773093288318492,14.911808013916016,5400,0.0,0.0,0.0
2024-12-19 00:00:00-05:00,15.042049368169922,15.042049368169922,14.395486436174346,14.875592231750488,5300,0.0,0.0,0.0
2024-12-20 00:00:00-05:00,14.76539108901426,15.108324000334667,14.76539108901426,15.01970100402832,6800,0.0,0.0,0.0
2024-12-23 00:00:00-05:00,15.012757811346395,15.14376449584961,15.00427959399366,15.14376449584961,2300,0.0,0.0,0.0
2024-12-24 00:00:00-05:00,15.143001895735553,15.428137952667148,15.04667236526666,15.382670402526855,2000,0.0,0.0,0.0
2024-12-26 00:00:00-05:00,15.37419258186912,15.37419258186912,15.31254174545028,15.361091613769531,2500,0.0,0.0,0.0
2024-12-27 00:00:00-05:00,15.166118069717916,15.266300111922051,15.096760705933649,15.163805961608887,2100,0.0,0.0,0.0
2024-12-30 00:00:00-05:00,15.035110768511155,15.089055061340332,15.035110768511155,15.089055061340332,800,0.0,0.0,0.0
2024-12-31 00:00:00-05:00,15.123735300220602,15.123735300220602,15.088286399841307,15.088286399841309,400,0.0,0.0,0.0
2025-01-02 00:00:00-05:00,15.158410473731205,15.158410473731205,15.073640041722946,15.156098365783691,2100,0.0,0.0,0.0
2025-01-03 00:00:00-05:00,15.327949976423222,15.341822624206543,15.327949976423222,15.341822624206543,300,0.0,0.0,0.0
2025-01-06 00:00:00-05:00,15.428137952667148,15.428137952667148,15.382670402526855,15.382670402526855,800,0.0,0.0,0.0
2025-01-07 00:00:00-05:00,15.37419197715402,15.37419197715402,15.253200947676502,15.284027099609375,1800,0.0,0.0,0.0
2025-01-08 00:00:00-05:00,15.312538087105306,15.346445083618164,15.312538087105306,15.346445083618164,600,0.0,0.0,0.0
2025-01-10 00:00:00-05:00,15.258595123049457,15.258595123049457,15.104468775568515,15.149166107177734,2500,0.0,0.0,0.0
2025-01-13 00:00:00-05:00,15.09751733617833,15.166383790267627,15.09751733617833,15.122559547424316,3300,0.3,0.0,0.0
2025-01-14 00:00:00-05:00,14.95508884740763,15.070127487182615,14.95508884740763,15.070127487182617,400,0.0,0.0,0.0
2025-01-15 00:00:00-05:00,15.346374297294943,15.463760845931862,15.346374297294943,15.432456970214844,900,0.0,0.0,0.0
2025-01-16 00:00:00-05:00,15.551410675048828,15.551410675048828,15.551410675048828,15.551410675048828,300,0.0,0.0,0.0
2025-01-17 00:00:00-05:00,16.269819504519155,16.269819504519155,15.636713027954103,15.636713027954102,400,0.0,0.0,0.0
2025-01-21 00:00:00-05:00,15.330727146047906,15.823751401317043,15.330727146047906,15.797144889831543,2900,0.0,0.0,0.0
2025-01-22 00:00:00-05:00,15.768964638319861,15.847222827355482,15.768964638319861,15.827658653259277,12300,0.0,0.0,0.0
2025-01-23 00:00:00-05:00,15.843311633193604,15.866005897521973,15.831571933841946,15.866005897521973,9500,0.0,0.0,0.0
2025-01-24 00:00:00-05:00,15.886354718924382,15.98809083515769,15.855052331918767,15.884790420532227,7200,0.0,0.0,0.0
2025-01-27 00:00:00-05:00,15.714189262483846,15.718101501464844,15.714189262483846,15.718101501464844,400,0.0,0.0,0.0
2025-01-28 00:00:00-05:00,15.776015030753195,15.786971092224121,15.776015030753195,15.786971092224121,500,0.0,0.0,0.0
2025-01-29 00:00:00-05:00,15.869139084809804,15.869139084809804,15.698536516548739,15.722014427185059,700,0.0,0.0,0.0
2025-01-30 00:00:00-05:00,15.847223846038496,15.856614112854004,15.792443557987445,15.856614112854004,1000,0.0,0.0,0.0
2025-01-31 00:00:00-05:00,15.87930965423584,15.87930965423584,15.87930965423584,15.87930965423584,200,0.0,0.0,0.0
2025-02-03 00:00:00-05:00,16.121128385432147,16.121128385432147,15.651580666895084,15.831573486328125,3400,0.0,0.0,0.0
2025-02-04 00:00:00-05:00,15.83939659476541,15.887134552001953,15.83939659476541,15.887134552001953,1100,0.0,0.0,0.0
2025-02-05 00:00:00-05:00,15.966178384939678,15.983394622802734,15.94113617732493,15.983394622802734,2600,0.0,0.0,0.0
2025-02-06 00:00:00-05:00,16.02721800729023,16.028783798217773,15.682884312427111,16.028783798217773,2800,0.0,0.0,0.0
2025-02-07 00:00:00-05:00,15.995914822972672,15.995914822972672,15.919220924377443,15.919220924377441,300,0.0,0.0,0.0
2025-02-10 00:00:00-05:00,15.96461405656305,15.966179847717285,15.96461405656305,15.966179847717285,400,0.0,0.0,0.0
2025-02-11 00:00:00-05:00,15.9959135055542,15.9959135055542,15.9959135055542,15.9959135055542,100,0.0,0.0,0.0
2025-02-12 00:00:00-05:00,14.545336100532296,15.9057491880137,14.545336100532296,15.68033218383789,800,0.216,0.0,0.0
2025-02-13 00:00:00-05:00,16.047325940496684,16.05681800842285,16.01647973692288,16.05681800842285,500,0.0,0.0,0.0
2025-02-14 00:00:00-05:00,15.992752316800287,16.063936797398252,15.992752316800287,16.033090591430664,1300,0.0,0.0,0.0
2025-02-18 00:00:00-05:00,16.056022656122412,16.232402801513672,16.056022656122412,16.232402801513672,1100,0.0,0.0,0.0
2025-02-19 00:00:00-05:00,16.19839439669973,16.19839439669973,16.095573218750257,16.14619255065918,4200,0.0,0.0,0.0
2025-02-20 00:00:00-05:00,16.21421241760254,16.21421241760254,16.056024375944837,16.21421241760254,900,0.0,0.0,0.0
2025-02-21 00:00:00-05:00,16.06393517308144,16.22133272421367,15.500787933880371,15.924731254577637,6500,0.0,0.0,0.0
2025-02-24 00:00:00-05:00,16.174664696339732,16.174664696339732,15.825069427490233,15.825069427490234,700,0.0,0.0,0.0
2025-02-25 00:00:00-05:00,15.478641018627652,15.850382474275428,15.478641018627652,15.708013534545898,4700,0.0,0.0,0.0
2025-02-26 00:00:00-05:00,15.819534767721267,15.819534767721267,15.700103984714037,15.787898063659668,1000,0.0,0.0,0.0
2025-02-27 00:00:00-05:00,15.763378751554027,15.763378751554027,15.642365455627441,15.642365455627441,1100,0.0,0.0,0.0
2025-02-28 00:00:00-05:00,15.7159267402017,15.743609428405763,15.628923143792727,15.743609428405762,1900,0.0,0.0,0.0
2025-03-03 00:00:00-05:00,15.81083456149173,15.81083456149173,15.642365455627441,15.642365455627441,1700,0.0,0.0,0.0
2025-03-04 00:00:00-05:00,15.423276522300505,15.47864188895438,15.423276522300505,15.450959205627441,1500,0.0,0.0,0.0
2025-03-05 00:00:00-05:00,15.534007003981156,15.589372369738198,15.49446074518129,15.565645217895508,2800,0.0,0.0,0.0
2025-03-06 00:00:00-05:00,15.415364147591998,15.415364147591998,15.320452538867048,15.35604476928711,3300,0.0,0.0,0.0
2025-03-07 00:00:00-05:00,15.363955040693446,15.399547276274536,15.280906993868582,15.369491577148438,1200,0.0,0.0,0.0
2025-03-10 00:00:00-04:00,15.265087855754185,15.272997409043999,15.097409248352049,15.09740924835205,2900,0.0,0.0,0.0
2025-03-11 00:00:00-04:00,14.99616826521589,15.003287315368652,14.972441115225918,15.003287315368652,1700,0.0,0.0,0.0
2025-03-12 00:00:00-04:00,15.067349974078235,15.083959579467772,15.051532379844875,15.083959579467773,2400,0.0,0.0,0.0
2025-03-13 00:00:00-04:00,15.289694340671826,15.289694340671826,14.960684776306152,14.960684776306152,1500,0.228,0.0,0.0
2025-03-14 00:00:00-04:00,15.017522683246984,15.081563229849117,15.017522683246984,15.065552711486816,5000,0.0,0.0,0.0
2025-03-17 00:00:00-04:00,15.113581626841192,15.285690869445018,15.057546343546358,15.278487205505371,1800,0.0,0.0,0.0
2025-03-18 00:00:00-04:00,15.345729547248995,15.345729547248995,15.177622170497926,15.186429023742676,1800,0.0,0.0,0.0
2025-03-19 00:00:00-04:00,15.313709821477447,15.313709821477447,15.305706089047844,15.306506156921387,600,0.0,0.0,0.0
2025-03-20 00:00:00-04:00,15.385755115167644,15.385755115167644,15.304903984069824,15.304903984069824,100,0.0,0.0,0.0
2025-03-21 00:00:00-04:00,15.273686083076742,15.273686083076742,15.267282485961914,15.267282485961914,200,0.0,0.0,0.0
2025-03-24 00:00:00-04:00,15.413773536682129,15.413773536682129,15.413773536682129,15.413773536682129,800,0.0,0.0,0.0
2025-03-25 00:00:00-04:00,15.481816052477685,15.481816052477685,15.445793151855469,15.445793151855469,200,0.0,0.0,0.0
2025-03-26 00:00:00-04:00,15.287294387817383,15.287294387817383,15.287294387817383,15.287294387817383,100,0.0,0.0,0.0
2025-03-27 00:00:00-04:00,15.249668247319816,15.249668247319816,15.129592419948594,15.201638221740723,5500,0.0,0.0,0.0
2025-03-28 00:00:00-04:00,15.209647539623479,15.209647539623479,15.071959495544435,15.071959495544434,300,0.0,0.0,0.0
2025-03-31 00:00:00-04:00,14.93346755108352,15.06875228881836,14.561231451682506,15.06875228881836,15600,0.0,0.0,0.0
2025-04-01 00:00:00-04:00,15.017523230982935,15.16161484780497,15.017523230982935,15.098374366760254,1200,0.0,0.0,0.0
2025-04-02 00:00:00-04:00,15.06955480923492,15.153607733141833,15.049540899578757,15.141600608825684,1800,0.0,0.0,0.0
2025-04-03 00:00:00-04:00,14.673301944905155,14.673301944905155,14.669300079345703,14.669300079345703,400,0.0,0.0,0.0
2025-04-04 00:00:00-04:00,13.808754497133096,14.209008250673186,13.29643018119279,13.36927604675293,12100,0.0,0.0,0.0
2025-04-07 00:00:00-04:00,13.76072738594907,13.76072738594907,12.16771652958195,12.699254035949707,8000,0.0,0.0,0.0
2025-04-08 00:00:00-04:00,13.384484909922056,13.608627560584805,12.783304214477539,12.783304214477539,3500,0.0,0.0,0.0
2025-04-09 00:00:00-04:00,13.95284738103501,14.096938989909603,13.704690458443793,14.022491455078125,8400,0.0,0.0,0.0
2025-04-10 00:00:00-04:00,13.54458905173125,13.54458905173125,13.348464012145996,13.348464012145996,1400,0.0,0.0,0.0
2025-04-11 00:00:00-04:00,13.4046905405351,13.632854480603605,13.4046905405351,13.583148002624512,1100,0.294,0.0,0.0
2025-04-14 00:00:00-04:00,13.73879070972786,13.797460556030273,13.68989709880857,13.797460556030273,1700,0.0,0.0,0.0
2025-04-15 00:00:00-04:00,13.966953646898943,13.966953646898943,13.843908309936522,13.843908309936523,5000,0.0,0.0,0.0
2025-04-16 00:00:00-04:00,13.738789478358031,13.738789478358031,13.71108341217041,13.71108341217041,1000,0.0,0.0,0.0
2025-04-17 00:00:00-04:00,13.776274681091309,13.776274681091309,13.776274681091309,13.776274681091309,200,0.0,0.0,0.0
2025-04-21 00:00:00-04:00,13.380245708232385,13.380245708232385,12.170156780664795,13.225419044494629,3000,0.0,0.0,0.0
2025-04-22 00:00:00-04:00,13.22541799523275,13.4454345703125,13.042070849332958,13.4454345703125,4100,0.0,0.0,0.0
2025-04-23 00:00:00-04:00,12.59796527731355,15.221862525494375,12.573519249282036,14.063925743103027,2400,0.0,0.0,0.0
2025-04-24 00:00:00-04:00,14.25623427227817,14.285569190979004,14.25623427227817,14.285569190979004,200,0.0,0.0,0.0
2025-04-25 00:00:00-04:00,14.455877890365528,14.455877890365528,14.403726577758789,14.403726577758789,400,0.0,0.0,0.0
2025-04-28 00:00:00-04:00,14.504772744612447,14.51292168020471,14.333649759926546,14.43876838684082,2300,0.0,0.0,0.0
2025-04-29 00:00:00-04:00,14.557738304138184,14.557738304138184,14.557738304138184,14.557738304138184,100,0.0,0.0,0.0
2025-04-30 00:00:00-04:00,14.481956594180282,14.586260795593262,14.481956594180282,14.586260795593262,2400,0.0,0.0,0.0
2025-05-01 00:00:00-04:00,14.765530586242676,14.765530586242676,14.765530586242676,14.765530586242676,200,0.0,0.0,0.0
2025-05-02 00:00:00-04:00,14.872281074523926,14.872281074523926,14.872281074523926,14.872281074523926,100,0.0,0.0,0.0
2025-05-05 00:00:00-04:00,14.847016412389701,14.847016412389701,14.794050676171274,14.81279182434082,5100,0.0,0.0,0.0
2025-05-06 00:00:00-04:00,14.749234108919024,14.773679358063017,14.72071361541748,14.72071361541748,2100,0.0,0.0,0.0
2025-05-07 00:00:00-04:00,14.753308932032931,14.777755737304688,14.753308932032931,14.777755737304688,200,0.0,0.0,0.0
2025-05-08 00:00:00-04:00,14.895909751901943,14.895909751901943,14.851905822753906,14.851905822753906,300,0.0,0.0,0.0
2025-05-09 00:00:00-04:00,14.879611347713627,14.887760280752222,14.86738872528076,14.867388725280762,900,0.0,0.0,0.0
2025-05-12 00:00:00-04:00,15.195784200610454,15.195784200610454,15.10777789343271,15.133037567138672,2000,0.0,0.0,0.0
2025-05-13 00:00:00-04:00,15.218731679248096,15.226971571275254,15.128096010146772,15.221203804016113,2600,0.205,0.0,0.0
2025-05-14 00:00:00-04:00,15.194017690594892,15.259935273069527,15.17753790207645,15.230271339416504,1000,0.0,0.0,0.0
2025-05-15 00:00:00-04:00,15.226973720861286,15.231917971095301,15.217086791992188,15.217086791992188,600,0.0,0.0,0.0
2025-05-16 00:00:00-04:00,15.264051804070016,15.297011375427246,15.264051804070016,15.297011375427246,200,0.0,0.0,0.0
2025-05-19 00:00:00-04:00,15.243452203843658,15.243452203843658,15.227797508239746,15.227797508239746,300,0.0,0.0,0.0
2025-05-20 00:00:00-04:00,15.268172946358003,15.268172946358003,15.218733587994329,15.239334106445312,700,0.0,0.0,0.0
2025-05-21 00:00:00-04:00,15.194016206612424,15.268173676103403,14.988023585048369,15.023453712463379,1200,0.0,0.0,0.0
2025-05-22 00:00:00-04:00,14.97978250243845,15.045700073242188,14.97978250243845,15.045700073242188,800,0.0,0.0,0.0
2025-05-23 00:00:00-04:00,15.05970573425293,15.05970573425293,15.05970573425293,15.05970573425293,100,0.0,0.0,0.0
2025-05-27 00:00:00-04:00,13.974538555359501,15.259108543395996,13.406000056974928,15.259108543395996,1900,0.0,0.0,0.0
2025-05-28 00:00:00-04:00,15.251692222713288,15.251692222713288,15.175886154174805,15.175886154174805,2000,0.0,0.0,0.0
2025-05-29 00:00:00-04:00,15.259933339960595,15.29371643066406,15.259933339960595,15.293716430664062,500,0.0,0.0,0.0
2025-05-30 00:00:00-04:00,15.383525848388672,15.383525848388672,15.383525848388672,15.383525848388672,300,0.0,0.0,0.0
2025-06-02 00:00:00-04:00,15.327496090885376,15.423077583312988,15.327496090885376,15.423077583312988,500,0.0,0.0,0.0
2025-06-03 00:00:00-04:00,15.468395233154297,15.468395233154297,15.468395233154297,15.468395233154297,100,0.0,0.0,0.0
2025-06-04 00:00:00-04:00,15.507122039794922,15.507122039794922,15.507122039794922,15.507122039794922,100,0.0,0.0,0.0
2025-06-05 00:00:00-04:00,15.498057310078293,15.573038280121981,15.474162724696942,15.492289543151855,5500,0.0,0.0,0.0
2025-06-06 00:00:00-04:00,15.568917491321917,15.581276541557386,15.564796760177792,15.573860168457031,1700,0.0,0.0,0.0
2025-06-09 00:00:00-04:00,15.861427311687624,15.861427311687624,15.592812834182347,15.594461441040039,2900,0.0,0.0,0.0
2025-06-10 00:00:00-04:00,15.643901569126253,15.643901569126253,15.640605926513672,15.640605926513672,600,0.0,0.0,0.0
2025-06-11 00:00:00-04:00,15.713115145545759,15.721355038068921,15.655437469482422,15.655437469482422,2500,0.0,0.0,0.0
2025-06-12 00:00:00-04:00,15.679611634756174,15.724625587463379,15.672943489882833,15.724625587463379,1400,0.219,0.0,0.0
2025-06-13 00:00:00-04:00,15.629593662938392,15.63792963701623,15.612921714782715,15.612921714782715,2300,0.0,0.0,0.0
2025-06-16 00:00:00-04:00,15.712952374307621,15.712952374307621,15.662938117980957,15.662938117980957,800,0.0,0.0,0.0
2025-06-17 00:00:00-04:00,15.629598300438037,15.629598300438037,15.571248054504395,15.571248054504395,2700,0.0,0.0,0.0
2025-06-18 00:00:00-04:00,15.612926347335579,15.629598300438037,15.571248054504395,15.571248054504395,1300,0.0,0.0,0.0
2025-06-20 00:00:00-04:00,15.56290849736592,15.587081710855434,15.552071571350098,15.552071571350098,1200,0.0,0.0,0.0
2025-06-23 00:00:00-04:00,15.421200101124732,15.602920532226562,15.421200101124732,15.602920532226562,1000,0.0,0.0,0.0
2025-06-24 00:00:00-04:00,15.572912341600563,15.804647054899258,15.572912341600563,15.803813934326172,1400,0.0,0.0,0.0
2025-06-25 00:00:00-04:00,15.829651337451534,15.842154502868654,15.829651337451534,15.842154502868652,800,0.0,0.0,0.0
2025-06-26 00:00:00-04:00,15.83798723145739,15.971359628317817,15.83798723145739,15.95385456085205,2900,0.0,0.0,0.0
2025-06-27 00:00:00-04:00,16.052220697329364,16.079729575657932,16.038049697875977,16.038049697875977,600,0.0,0.0,0.0
2025-06-30 00:00:00-04:00,15.929686299939153,16.3206345180682,15.929686299939153,16.14558219909668,2600,0.0,0.0,0.0
2025-07-01 00:00:00-04:00,16.171419384594156,16.221433639526367,16.171419384594156,16.221433639526367,500,0.0,0.0,0.0
2025-07-02 00:00:00-04:00,16.27145134840513,16.279787323502866,16.22977147291645,16.257280349731445,1300,0.0,0.0,0.0
2025-07-03 00:00:00-04:00,16.33813551855248,16.33813551855248,16.303125381469727,16.303125381469727,1700,0.0,0.0,0.0
2025-07-07 00:00:00-04:00,16.246443077398254,16.246443077398254,16.104734683601567,16.15141487121582,2700,0.0,0.0,0.0
2025-07-08 00:00:00-04:00,16.24644197858444,16.24644197858444,16.178922653198242,16.178922653198242,1000,0.0,0.0,0.0
2025-07-09 00:00:00-04:00,16.296458650854593,16.296458650854593,16.275619506835938,16.275619506835938,1000,0.0,0.0,0.0
2025-07-10 00:00:00-04:00,16.454835975494984,16.454835975494984,16.303125381469727,16.303125381469727,1100,0.0,0.0,0.0
2025-07-11 00:00:00-04:00,16.279788556606558,16.279788556606558,16.213102340698242,16.213102340698242,600,0.0,0.0,0.0
2025-07-14 00:00:00-04:00,16.1480009987905,16.257908147270857,16.131091710544762,16.23339080810547,2800,0.273,0.0,0.0
2025-07-15 00:00:00-04:00,16.232543952632486,16.240996983220565,16.198725380046984,16.20718002319336,4200,0.0,0.0,0.0
2025-07-16 00:00:00-04:00,16.20718363194113,16.20718363194113,16.179283142089844,16.179283142089844,700,0.0,0.0,0.0
2025-07-17 00:00:00-04:00,16.235925674438477,16.235925674438477,16.235925674438477,16.235925674438477,100,0.0,0.0,0.0
2025-07-18 00:00:00-04:00,16.228314769596686,16.25367869738662,16.215633611980813,16.218170166015625,800,0.0,0.0,0.0
2025-07-21 00:00:00-04:00,16.300178539528833,16.300178539528833,16.24945068359375,16.24945068359375,1900,0.0,0.0,0.0
2025-07-22 00:00:00-04:00,16.308637953615957,16.308637953615957,16.215638469750907,16.232547760009766,600,0.0,0.0,0.0
2025-07-23 00:00:00-04:00,16.289192418545706,16.317091296700934,16.279046199173838,16.291728973388672,1000,0.0,0.0,0.0
2025-07-24 00:00:00-04:00,16.69754593183258,16.69754593183258,16.27904976730623,16.290040969848633,2000,0.0,0.0,0.0
2025-07-25 00:00:00-04:00,16.333997076823092,16.376270294189453,16.333997076823092,16.376270294189453,1500,0.0,0.0,0.0
2025-07-28 00:00:00-04:00,16.37627157947702,16.410088543465864,16.342453002929688,16.342453002929688,1000,0.0,0.0,0.0
2025-07-29 00:00:00-04:00,16.34245200683414,16.34245200683414,16.32554271959112,16.32638931274414,900,0.0,0.0,0.0
2025-07-30 00:00:00-04:00,16.317089106014187,16.323007195666996,16.31624412536621,16.31624412536621,1500,0.0,0.0,0.0
2025-07-31 00:00:00-04:00,16.3678143652598,16.3678143652598,16.334840774536133,16.334840774536133,400,0.0,0.0,0.0
2025-08-01 00:00:00-04:00,16.215640517307943,16.237621307373047,16.215640517307943,16.237621307373047,600,0.0,0.0,0.0
2025-08-04 00:00:00-04:00,16.3847260463929,16.3847260463929,16.356827169599985,16.363590240478516,300,0.0,0.0,0.0
2025-08-05 00:00:00-04:00,16.394871752268624,16.410934448242188,16.394871752268624,16.410934448242188,300,0.0,0.0,0.0
2025-08-06 00:00:00-04:00,16.47772413609788,16.47772413609788,16.45067024230957,16.45067024230957,1800,0.0,0.0,0.0
2025-08-07 00:00:00-04:00,16.528450741847102,16.545360030535697,16.483642578125,16.483642578125,1000,0.0,0.0,0.0
2025-08-08 00:00:00-04:00,16.53859829398765,16.558042526245117,16.532680203725178,16.558042526245117,700,0.0,0.0,0.0
2025-08-11 00:00:00-04:00,16.54536038281137,16.54536038281137,16.51661491394043,16.51661491394043,700,0.0,0.0,0.0
2025-08-12 00:00:00-04:00,16.433722239942405,16.63882310682194,16.39953957712755,16.600366592407227,2900,0.209,0.0,0.0
2025-08-13 00:00:00-04:00,16.655910459391905,16.691802978515625,16.655910459391905,16.691802978515625,500,0.0,0.0,0.0
2025-08-14 00:00:00-04:00,16.65420913696289,16.65420913696289,16.65420913696289,16.65420913696289,100,0.0,0.0,0.0
2025-08-15 00:00:00-04:00,16.65590988225027,16.65590988225027,16.625999450683594,16.625999450683594,300,0.0,0.0,0.0
2025-08-18 00:00:00-04:00,16.58327327115952,16.620019912719727,16.58327327115952,16.620019912719727,400,0.0,0.0,0.0
2025-08-19 00:00:00-04:00,16.62172893980301,16.62172893980301,16.561052322387695,16.561052322387695,500,0.0,0.0,0.0
2025-08-20 00:00:00-04:00,16.596093227495345,16.60463930010952,16.486705780029297,16.486705780029297,1500,0.0,0.0,0.0
2025-08-21 00:00:00-04:00,16.425173812247156,16.4448299407959,16.425173812247156,16.4448299407959,800,0.0,0.0,0.0
2025-08-22 00:00:00-04:00,16.52772585805138,16.643949508666992,16.52772585805138,16.643949508666992,1500,0.0,0.0,0.0
2025-08-25 00:00:00-04:00,16.630275922701824,16.702062606811523,16.630275922701824,16.702062606811523,800,0.0,0.0,0.0
2025-08-26 00:00:00-04:00,16.690950828073735,16.76017189025879,16.690096709897624,16.76017189025879,800,0.0,0.0,0.0
2025-08-27 00:00:00-04:00,16.75419044494629,16.75419044494629,16.731116213335042,16.75419044494629,1400,0.0,0.0,0.0
2025-08-28 00:00:00-04:00,16.758464840150843,16.86101444842495,16.758464840150843,16.837940216064453,5300,0.0,0.0,0.0
2025-08-29 00:00:00-04:00,16.767011694812478,16.89519952613434,16.767011694812478,16.835378646850586,500,0.0,0.0,0.0
2025-09-02 00:00:00-04:00,16.758466768261485,16.826833724975586,16.72855632657387,16.826833724975586,900,0.0,0.0,0.0
2025-09-03 00:00:00-04:00,16.843922881714832,16.843922881714832,16.788375854492188,16.788375854492188,300,0.0,0.0,0.0
2025-09-04 00:00:00-04:00,16.82768440246582,16.82768440246582,16.82768440246582,16.82768440246582,100,0.0,0.0,0.0
2025-09-05 00:00:00-04:00,16.88665505183479,16.895201125398096,16.861016831144873,16.878108978271484,1400,0.0,0.0,0.0
2025-09-08 00:00:00-04:00,16.895197226054922,17.01483896833464,16.895197226054922,16.974674224853516,1600,0.0,0.0,0.0
2025-09-09 00:00:00-04:00,16.997747047248453,17.031931334058736,16.921689780089633,16.99689292907715,4500,0.0,0.0,0.0
2025-09-10 00:00:00-04:00,17.005439337656636,17.033639907836914,17.005439337656636,17.033639907836914,400,0.0,0.0,0.0
2025-09-11 00:00:00-04:00,17.08320441948669,17.091750490331417,17.055003852695805,17.061840057373047,4100,0.0,0.0,0.0
2025-09-12 00:00:00-04:00,17.023385438185482,17.091752382515683,17.0062932946038,17.079788208007812,1800,0.0,0.0,0.0
2025-09-15 00:00:00-04:00,16.481707871583044,17.09534337881951,16.481707871583044,17.086700439453125,4400,0.224,0.0,0.0
2025-09-16 00:00:00-04:00,17.121274057574766,17.121274057574766,17.107446670532227,17.107446670532227,300,0.0,0.0,0.0
2025-09-17 00:00:00-04:00,17.09966613660107,17.09966613660107,17.097938537597656,17.097938537597656,900,0.0,0.0,0.0
2025-09-18 00:00:00-04:00,17.069419546378214,17.09016227722168,17.060776604487383,17.09016227722168,3200,0.0,0.0,0.0
2025-09-19 00:00:00-04:00,17.190416001114176,17.190416001114176,17.1472029437394,17.15152359008789,2100,0.0,0.0,0.0
2025-09-22 00:00:00-04:00,17.147200646537875,17.193870544433594,17.09534465494077,17.193870544433594,3800,0.0,0.0,0.0
2025-09-23 00:00:00-04:00,17.15152359008789,17.15152359008789,17.15152359008789,17.15152359008789,400,0.0,0.0,0.0
2025-09-24 00:00:00-04:00,16.83606335844614,17.08670370252005,16.83606335844614,17.04176139831543,1100,0.0,0.0,0.0
2025-09-25 00:00:00-04:00,17.008918835067686,17.025339269024006,16.9224910736084,16.9224910736084,400,0.0,0.0,0.0
2025-09-26 00:00:00-04:00,16.922487705675486,16.957059462767667,16.922487705675486,16.929401397705078,800,0.0,0.0,0.0
2025-09-29 00:00:00-04:00,16.91384804982907,16.948419813632547,16.91384804982907,16.9440975189209,1600,0.0,0.0,0.0
2025-09-30 00:00:00-04:00,17.008919423162492,17.021883010864258,17.008919423162492,17.021883010864258,300,0.0,0.0,0.0
2025-10-01 00:00:00-04:00,17.09534745895135,17.142017364501953,17.026205575990346,17.142017364501953,800,0.0,0.0,0.0
2025-10-02 00:00:00-04:00,17.078060473150362,17.16448823338803,17.078060473150362,17.12213897705078,700,0.0,0.0,0.0
2025-10-03 00:00:00-04:00,17.153251513296823,17.153251513296823,17.125595092773438,17.125595092773438,700,0.0,0.0,0.0
2025-10-06 00:00:00-04:00,17.068551653034152,17.110037104771276,17.034843693202607,17.100528717041016,2500,0.0,0.0,0.0
2025-10-07 00:00:00-04:00,17.26820082316675,17.285486705505647,17.13856000256995,17.15152359008789,1900,0.0,0.0,0.0
2025-10-08 00:00:00-04:00,17.138559687037,17.242273330688477,17.138559687037,17.242273330688477,700,0.0,0.0,0.0
2025-10-09 00:00:00-04:00,17.12127049202433,17.173128128051758,16.689133415961823,17.173128128051758,2900,0.0,0.0,0.0
2025-10-10 00:00:00-04:00,16.96814699148577,17.248467157916018,16.77016916133342,16.798202514648438,3100,0.266,0.0,0.0
2025-10-13 00:00:00-04:00,16.775424485082947,16.943616239354878,16.775424485082947,16.83674430847168,1200,0.0,0.0,0.0
2025-10-14 00:00:00-04:00,16.37246322139249,16.932227945856233,16.37246322139249,16.93047523498535,1000,0.0,0.0,0.0
2025-10-15 00:00:00-04:00,16.661541462376782,16.996173858642578,16.661541462376782,16.996173858642578,1000,0.0,0.0,0.0
2025-10-16 00:00:00-04:00,16.822731018066406,16.822731018066406,16.822731018066406,16.822731018066406,200,0.0,0.0,0.0
2025-10-17 00:00:00-04:00,16.766662979640977,16.777175903320312,16.687822735404943,16.777175903320312,700,0.0,0.0,0.0
2025-10-20 00:00:00-04:00,16.801704694084396,16.8279836629535,16.77542405437546,16.813968658447266,1300,0.0,0.0,0.0
2025-10-21 00:00:00-04:00,16.79294345288418,16.933979034423828,16.79294345288418,16.933979034423828,1100,0.0,0.0,0.0
2025-10-22 00:00:00-04:00,16.97252784760781,16.97252784760781,16.784187404921987,16.87003517150879,900,0.0,0.0,0.0
2025-10-23 00:00:00-04:00,17.520024694937636,17.520024694937636,16.941864013671875,16.941864013671875,500,0.0,0.0,0.0
2025-10-24 00:00:00-04:00,17.033843994140625,17.033843994140625,17.033843994140625,17.033843994140625,300,0.0,0.0,0.0
2025-10-27 00:00:00-04:00,17.168748327436976,17.168748327436976,17.147724151611328,17.147724151611328,300,0.0,0.0,0.0
2025-10-28 00:00:00-04:00,17.195906592201975,17.20466680662401,17.090787360817668,17.148603439331055,2600,0.0,0.0,0.0
2025-10-29 00:00:00-04:00,17.125828016128366,17.25722957288593,17.099549041449013,17.209049224853516,1200,0.0,0.0,0.0
2025-10-30 00:00:00-04:00,17.086405562400618,17.1118106842041,17.086405562400618,17.1118106842041,400,0.0,0.0,0.0
2025-10-31 00:00:00-04:00,17.213426732168358,17.215179443359375,17.213426732168358,17.215179443359375,3200,0.0,0.0,0.0
2025-11-03 00:00:00-05:00,17.17400360107422,17.17400360107422,17.17400360107422,17.17400360107422,400,0.0,0.0,0.0
2025-11-04 00:00:00-05:00,17.134585807436984,17.134585807436984,17.03034210205078,17.03034210205078,1100,0.0,0.0,0.0
2025-11-05 00:00:00-05:00,16.959384225004815,17.095163345336914,16.959384225004815,17.095163345336914,300,0.0,0.0,0.0
2025-11-06 00:00:00-05:00,17.03910450890155,17.06275692248329,17.03822898864746,17.03822898864746,1000,0.0,0.0,0.0
2025-11-07 00:00:00-05:00,16.994425101622525,16.994425101622525,16.84025002040269,16.92346954345703,2500,0.0,0.0,0.0
2025-11-10 00:00:00-05:00,17.041730215025794,17.093414306640625,16.985665181109404,17.093414306640625,500,0.0,0.0,0.0
2025-11-11 00:00:00-05:00,17.20466861383977,17.340449445383946,17.20466861383977,17.229196548461914,1100,0.0,0.0,0.0
2025-11-12 00:00:00-05:00,17.20617455516609,17.299134334931985,17.0955096784747,17.22565269470215,2600,0.207,0.0,0.0
2025-11-13 00:00:00-05:00,17.19289798967873,17.19289798967873,16.95474624633789,16.95474624633789,7300,0.0,0.0,0.0
2025-11-14 00:00:00-05:00,16.83877112664185,16.98042205966117,16.812210943471108,16.942352294921875,1400,0.0,0.0,0.0
2025-11-17 00:00:00-05:00,16.82105980548341,16.82105980548341,16.652848734617255,16.699771881103516,1100,0.0,0.0,0.0
2025-11-18 00:00:00-05:00,16.576711654663086,16.576711654663086,16.576711654663086,16.576711654663086,100,0.0,0.0,0.0
2025-11-19 00:00:00-05:00,16.61743955663382,16.61743955663382,16.512971878051758,16.512971878051758,200,0.0,0.0,0.0
2025-11-20 00:00:00-05:00,16.502348760544084,16.714825158351378,16.37840461730957,16.37840461730957,5000,0.0,0.0,0.0
2025-11-21 00:00:00-05:00,16.3784020236216,16.43152069250846,16.219044328348975,16.425323486328125,3600,0.0,0.0,0.0
2025-11-24 00:00:00-05:00,16.71482276916504,16.75023634137712,16.681180551008385,16.71482276916504,1800,0.0,0.0,0.0
2025-11-25 00:00:00-05:00,16.84319121852942,16.927297592163086,16.812205193068095,16.927297592163086,1400,0.0,0.0,0.0
2025-11-26 00:00:00-05:00,16.90959182177325,17.037076950073242,16.90959182177325,17.037076950073242,700,0.0,0.0,0.0
2025-11-28 00:00:00-05:00,17.122067619413976,17.217681884765625,17.122067619413976,17.217681884765625,200,0.0,0.0,0.0
2025-12-01 00:00:00-05:00,17.06895175441331,17.184927319719556,17.06895175441331,17.1362361907959,700,0.0,0.0,0.0
2025-12-02 00:00:00-05:00,17.00786309219731,17.089311599731445,17.00786309219731,17.089311599731445,400,0.0,0.0,0.0
2025-12-03 00:00:00-05:00,17.077804123952323,17.254866908746976,17.042390553826216,17.175188064575195,3100,0.0,0.0,0.0
2025-12-04 00:00:00-05:00,17.190238887558593,17.190238887558593,17.068950954377517,17.140661239624023,500,0.0,0.0,0.0
2025-12-05 00:00:00-05:00,17.1928923559686,17.1928923559686,17.113213523353494,17.17961311340332,600,0.0,0.0,0.0
2025-12-08 00:00:00-05:00,17.076030731201172,17.076030731201172,17.076030731201172,17.076030731201172,100,0.0,0.0,0.0
2025-12-09 00:00:00-05:00,17.02468646309437,17.16633738879259,17.015833069161705,17.07957649230957,1100,0.0,0.0,0.0
2025-12-10 00:00:00-05:00,17.14951515197754,17.14951515197754,17.14951515197754,17.14951515197754,200,0.0,0.0,0.0
2025-12-11 00:00:00-05:00,17.042388404158377,17.17518589815674,17.033535012743585,17.096393585205078,4000,0.0,0.0,0.0
2025-12-12 00:00:00-05:00,16.988926200012656,17.100872212235576,16.39785139212848,17.028331756591797,3200,0.221,0.0,0.0
2025-12-15 00:00:00-05:00,17.00684015763518,17.00684015763518,16.899372928659485,16.984451293945312,1200,0.0,0.0,0.0
2025-12-16 00:00:00-05:00,16.85459361195873,16.929821014404297,16.85459361195873,16.929821014404297,300,0.0,0.0,0.0
2025-12-17 00:00:00-05:00,17.374025943200074,17.374025943200074,16.756083292928665,16.8017578125,600,0.0,0.0,0.0
2025-12-18 00:00:00-05:00,16.899370675111882,16.9262366246928,16.899370675111882,16.912803649902344,400,0.0,0.0,0.0
2025-12-19 00:00:00-05:00,16.93698379286448,17.091020584106445,16.926236046870553,17.091020584106445,5000,0.0,0.0,0.0
2025-12-22 00:00:00-05:00,17.168042281870317,17.168042281870317,17.09012794494629,17.09012794494629,300,0.0,0.0,0.0
2025-12-23 00:00:00-05:00,17.10893527996551,17.29342177217948,17.10893527996551,17.179685592651367,2200,0.0,0.0,0.0
2025-12-24 00:00:00-05:00,17.31939215653194,17.31939215653194,17.22356605529785,17.22356605529785,300,0.0,0.0,0.0
2025-12-26 00:00:00-05:00,17.288943258193903,17.288943258193903,17.203863191463466,17.269241333007812,900,0.0,0.0,0.0
2025-12-29 00:00:00-05:00,17.266553217481675,17.266553217481675,17.10535068958792,17.166248321533203,2900,0.0,0.0,0.0
2025-12-30 00:00:00-05:00,17.069526891159946,17.45462143355594,17.069526891159946,17.2862548828125,3400,0.0,0.0,0.0
2025-12-31 00:00:00-05:00,17.235208877915216,17.463577992378738,17.22356605529785,17.22356605529785,6300,0.0,0.0,0.0
2026-01-02 00:00:00-05:00,17.284464653579033,17.284464653579033,17.25043296813965,17.25043296813965,500,0.0,0.0,0.0
2026-01-05 00:00:00-05:00,17.212818239388962,17.400888428330106,17.194908175619805,17.324764251708984,3400,0.0,0.0,0.0
2026-01-06 00:00:00-05:00,17.40805435180664,17.40805435180664,17.40805435180664,17.40805435180664,100,0.0,0.0,0.0
2026-01-07 00:00:00-05:00,17.347155315004507,17.414321899414062,17.347155315004507,17.414321899414062,500,0.0,0.0,0.0
2026-01-08 00:00:00-05:00,17.414321899414062,17.414321899414062,17.414321899414062,17.414321899414062,200,0.0,0.0,0.0
2026-01-09 00:00:00-05:00,17.45462262340145,17.526268005371094,17.40984490023066,17.526268005371094,2700,0.0,0.0,0.0
2026-01-12 00:00:00-05:00,18.359147337589107,18.359147337589107,17.33820017859802,17.543285369873047,2800,0.0,0.0,0.0
2026-01-13 00:00:00-05:00,18.398234894564556,18.398234894564556,16.9445468526054,17.53238296508789,2700,0.28,0.0,0.0
2026-01-14 00:00:00-05:00,17.580535492216296,17.580535492216296,17.52602269016363,17.56781578063965,800,0.0,0.0,0.0
2026-01-15 00:00:00-05:00,17.57145007221012,17.64867639884978,17.562364316205908,17.59688949584961,7000,0.0,0.0,0.0
2026-01-16 00:00:00-05:00,17.603249412295135,17.603249412295135,17.580535888671875,17.580535888671875,600,0.0,0.0,0.0
2026-01-20 00:00:00-05:00,17.28071305326619,17.41699592937217,17.271627297135023,17.353397369384766,2300,0.0,0.0,0.0
2026-01-21 00:00:00-05:00,17.507851483223224,17.553278530235975,17.507851483223224,17.516027450561523,800,0.0,0.0,0.0
2026-01-22 00:00:00-05:00,17.744074444995658,17.744074444995658,17.65867042541504,17.65867042541504,1000,0.0,0.0,0.0
2026-01-23 00:00:00-05:00,17.74407640601833,17.74407640601833,17.641408920288086,17.641408920288086,300,0.0,0.0,0.0
2026-01-26 00:00:00-05:00,17.647768020629883,17.647768020629883,17.647768020629883,17.647768020629883,300,0.0,0.0,0.0
2026-01-27 00:00:00-05:00,17.707730948357767,17.780415255259364,17.707730948357767,17.71045684814453,4700,0.0,0.0,0.0
2026-01-28 00:00:00-05:00,17.644134036265438,17.771331151932173,17.644134036265438,17.744983673095703,900,0.0,0.0,0.0
2026-01-29 00:00:00-05:00,17.562362549237065,17.698645409727156,17.535105283966807,17.693195343017578,2400,0.0,0.0,0.0
2026-01-30 00:00:00-05:00,17.68956124613399,17.71681851385653,17.68956124613399,17.69501304626465,900,0.0,0.0,0.0
2026-02-02 00:00:00-05:00,17.69864712285656,17.71681863479563,17.6359566197183,17.66230583190918,2100,0.0,0.0,0.0
2026-02-03 00:00:00-05:00,17.671393412219096,17.671393412219096,17.59779930114746,17.59779930114746,200,0.0,0.0,0.0
2026-02-04 00:00:00-05:00,17.58053499699942,17.58053499699942,17.539649963378906,17.539649963378906,300,0.0,0.0,0.0
2026-02-05 00:00:00-05:00,17.44425503947374,17.44425503947374,17.41881561279297,17.41881561279297,1600,0.0,0.0,0.0
2026-02-06 00:00:00-05:00,17.58961957726565,17.653218129107863,17.58961957726565,17.630504608154297,2200,0.0,0.0,0.0
2026-02-09 00:00:00-05:00,17.580534275704707,17.804039001464844,17.580534275704707,17.804039001464844,500,0.0,0.0,0.0
2026-02-10 00:00:00-05:00,17.925784889248636,17.94395640024085,17.84674072265625,17.84674072265625,18600,0.0,0.0,0.0
2026-02-11 00:00:00-05:00,17.798590423013465,17.889446258544922,17.780418909320986,17.889446258544922,1100,0.0,0.0,0.0
2026-02-12 00:00:00-05:00,17.54515374277501,17.848131200211114,17.462523367913985,17.820587158203125,17300,0.205,0.0,0.0
2026-02-13 00:00:00-05:00,17.655321377677012,17.80221939086914,17.444155702608633,17.80221939086914,10400,0.0,0.0,0.0
2026-02-17 00:00:00-05:00,17.673687210578723,17.793960571289062,17.581875498213293,17.793960571289062,7100,0.0,0.0,0.0
2026-02-18 00:00:00-05:00,17.930759376003504,17.94912031726072,17.862817764282227,17.862817764282227,1400,0.0,0.0,0.0
2026-02-19 00:00:00-05:00,17.71959139176012,17.812320709228516,17.71959139176012,17.812320709228516,400,0.0,0.0,0.0
2026-02-20 00:00:00-05:00,17.765501430801947,17.89403679556052,17.765501430801947,17.85731315612793,1000,0.0,0.0,0.0
2026-02-23 00:00:00-05:00,17.765499996166696,17.765499996166696,17.636962890625,17.636962890625,300,0.0,0.0,0.0
2026-02-24 00:00:00-05:00,17.760906745066404,17.784778594970703,17.760906745066404,17.784778594970703,200,0.0,0.0,0.0
2026-02-25 00:00:00-05:00,17.76549935984078,17.97666507766041,17.76549935984078,17.88485336303711,2200,0.0,0.0,0.0
2026-02-26 00:00:00-05:00,17.82058516410185,17.8343563079834,17.82058516410185,17.8343563079834,800,0.0,0.0,0.0
2026-02-27 00:00:00-05:00,17.825178622739337,17.92158014256474,17.781108856201172,17.781108856201172,800,0.0,0.0,0.0
2026-03-02 00:00:00-05:00,17.747135162353516,17.747135162353516,17.747135162353516,17.747135162353516,600,0.0,0.0,0.0
2026-03-03 00:00:00-05:00,17.297260863929157,17.468948364257812,17.2605354783098,17.468948364257812,2200,0.0,0.0,0.0
2026-03-04 00:00:00-05:00,17.618601511843355,17.618601511843355,17.572694778442383,17.572694778442383,200,0.0,0.0,0.0
2026-03-05 00:00:00-05:00,17.581873790361946,17.581873790361946,17.352345407325462,17.373462677001953,7300,0.0,0.0,0.0
2026-03-06 00:00:00-05:00,17.099867974334764,17.122820467020745,17.038354873657227,17.038354873657227,1100,0.0,0.0,0.0
2026-03-09 00:00:00-04:00,15.332501164610102,16.682127820556232,15.332501164610102,16.48748779296875,15000,0.0,0.0,0.0
2026-03-10 00:00:00-04:00,16.81065945170242,16.986019134521484,16.81065945170242,16.986019134521484,1000,0.0,0.0,0.0
2026-03-11 00:00:00-04:00,16.9851038041364,16.9851038041364,16.930017471313477,16.930017471313477,500,0.0,0.0,0.0
2026-03-12 00:00:00-04:00,16.770263671875,16.770263671875,16.770263671875,16.770263671875,300,0.0,0.0,0.0
2026-03-13 00:00:00-04:00,16.624343872070312,16.624343872070312,16.624343872070312,16.624343872070312,100,0.222,0.0,0.0
2026-03-16 00:00:00-04:00,16.700555760078565,16.79535484313965,16.700555760078565,16.79535484313965,700,0.0,0.0,0.0
2026-03-17 00:00:00-04:00,16.80372275165325,16.916181564331055,16.80372275165325,16.916181564331055,2700,0.0,0.0,0.0
2026-03-18 00:00:00-04:00,16.770263671875,16.770263671875,16.770263671875,16.770263671875,200,0.0,0.0,0.0
2026-03-19 00:00:00-04:00,16.645723121673484,16.664311736138988,16.538841247558594,16.538841247558594,1200,0.0,0.0,0.0
2026-03-20 00:00:00-04:00,16.24607599144905,16.24607599144905,16.11874771118164,16.11874771118164,200,0.0,0.0,0.0
2026-03-23 00:00:00-04:00,16.264663176373627,16.331581115722656,16.264663176373627,16.331581115722656,900,0.0,0.0,0.0
2026-03-24 00:00:00-04:00,16.29254900518385,16.29254900518385,16.286043167114258,16.286043167114258,300,0.0,0.0,0.0
2026-03-25 00:00:00-04:00,16.520252193652535,16.520252193652535,16.515605926513672,16.515605926513672,300,0.0,0.0,0.0
2026-03-26 00:00:00-04:00,16.218194154569098,16.22748668825137,16.088075637817383,16.088075637817383,1600,0.0,0.0,0.0
2026-03-27 00:00:00-04:00,15.781371922517993,15.781371922517993,15.677278518676758,15.677278518676758,400,0.0,0.0,0.0
2026-03-30 00:00:00-04:00,15.567607644978771,15.679137554367054,14.37796384625799,15.652183532714844,17400,0.0,0.0,0.0
2026-03-31 00:00:00-04:00,15.999785074816606,16.35760795377479,15.999785074816606,16.315784454345703,1600,0.0,0.0,0.0
2026-04-01 00:00:00-04:00,16.515607166958073,16.582523345947266,16.515607166958073,16.582523345947266,1100,0.0,0.0,0.0
2026-04-02 00:00:00-04:00,16.47006607055664,16.47006607055664,16.47006607055664,16.47006607055664,600,0.0,0.0,0.0
2026-04-06 00:00:00-04:00,16.385485341080912,16.510955810546875,16.385485341080912,16.510955810546875,600,0.0,0.0,0.0
2026-04-07 00:00:00-04:00,16.339017458246712,16.505382537841797,16.329723151364124,16.505382537841797,600,0.0,0.0,0.0
2026-04-08 00:00:00-04:00,16.580661685756578,16.952425042962606,16.580661685756578,16.9505672454834,900,0.0,0.0,0.0
2026-04-09 00:00:00-04:00,17.13830832955066,17.13830832955066,17.085330963134766,17.085330963134766,300,0.0,0.0,0.0
2026-04-10 00:00:00-04:00,17.175485976448265,17.175485976448265,17.008191994095228,17.097415924072266,400,0.0,0.0,0.0
2026-04-13 00:00:00-04:00,17.251070571253702,17.310461044311523,17.251070571253702,17.310461044311523,500,0.259,0.0,0.0
2026-04-14 00:00:00-04:00,17.425469007404175,17.541418075561523,17.425469007404175,17.541418075561523,1100,0.0,0.0,0.0
2026-04-15 00:00:00-04:00,17.555559158325195,17.555559158325195,17.555559158325195,17.555559158325195,100,0.0,0.0,0.0
2026-04-16 00:00:00-04:00,17.53858757019043,17.53858757019043,17.53858757019043,17.53858757019043,100,0.0,0.0,0.0
2026-04-17 00:00:00-04:00,17.5527326246955,17.835536392600876,17.5527326246955,17.701675415039062,2000,0.0,0.0,0.0
2026-04-20 00:00:00-04:00,17.64888572692871,17.64888572692871,17.64888572692871,17.64888572692871,200,0.0,0.0,0.0
2026-04-21 00:00:00-04:00,17.533878602893626,17.555559158325195,17.467891176758396,17.555559158325195,1200,0.0,0.0,0.0
2026-04-22 00:00:00-04:00,17.750695156753103,17.750695156753103,17.64888572692871,17.64888572692871,300,0.0,0.0,0.0
2026-04-23 00:00:00-04:00,17.835537153032107,17.835537153032107,17.52445227586386,17.525394439697266,1100,0.0,0.0,0.0
2026-04-24 00:00:00-04:00,17.64605712890625,17.64605712890625,17.64605712890625,17.64605712890625,200,0.0,0.0,0.0
2026-04-27 00:00:00-04:00,17.6281468524567,17.717700958251953,17.6281468524567,17.717700958251953,200,0.0,0.0,0.0
2026-04-28 00:00:00-04:00,17.595151901245117,17.595151901245117,17.595151901245117,17.595151901245117,200,0.0,0.0,0.0
2026-04-29 00:00:00-04:00,17.620603561401367,17.620603561401367,17.620603561401367,17.620603561401367,100,0.0,0.0,0.0
2026-04-30 00:00:00-04:00,17.835536880066755,17.835536880066755,17.816682815551758,17.816682815551758,1000,0.0,0.0,0.0
2026-05-01 00:00:00-04:00,17.185082408422343,17.97693497056121,17.175655378156144,17.96373748779297,2600,0.0,0.0,0.0
2026-05-04 00:00:00-04:00,17.958085024383728,17.958085024383728,17.83742332458496,17.83742332458496,200,0.0,0.0,0.0
2026-05-05 00:00:00-04:00,17.894926071166992,17.894926071166992,17.894926071166992,17.894926071166992,100,0.0,0.0,0.0
2026-05-06 00:00:00-04:00,17.958082641962672,18.1089115447239,17.939230377634278,18.090059280395508,2500,0.0,0.0,0.0
2026-05-07 00:00:00-04:00,18.099486585723007,18.099486585723007,17.91094955540453,17.945829391479492,1500,0.0,0.0,0.0
2026-05-08 00:00:00-04:00,18.028782414344857,18.05706350463572,18.028782414344857,18.052349090576172,500,0.0,0.0,0.0
2026-05-11 00:00:00-04:00,18.071207091043636,18.10891342163086,18.071207091043636,18.10891342163086,100,0.0,0.0,0.0
2026-05-12 00:00:00-04:00,17.967509860230862,18.174900952203842,17.967509860230862,17.981651306152344,1000,0.0,0.0,0.0
2026-05-13 00:00:00-04:00,18.15423137249345,18.173299560197844,18.0655574798584,18.0655574798584,600,0.216,0.0,0.0
2026-05-14 00:00:00-04:00,18.120859146118164,18.120859146118164,18.120859146118164,18.120859146118164,100,0.0,0.0,0.0
2026-05-15 00:00:00-04:00,17.763303422126704,17.930163248610548,17.763303422126704,17.782373428344727,2200,0.0,0.0,0.0
2026-05-18 00:00:00-04:00,17.601212903437954,17.601212903437954,17.515401508315815,17.59072494506836,800,0.0,0.0,0.0
2026-05-19 00:00:00-04:00,17.544004736372404,17.544004736372404,17.243658487674598,17.52970314025879,2200,0.0,0.0,0.0
2026-05-20 00:00:00-04:00,17.639350990812257,17.878673553466797,17.639350990812257,17.878673553466797,800,0.0,0.0,0.0
2026-05-21 00:00:00-04:00,17.791910186112148,17.93588638305664,17.791910186112148,17.93588638305664,400,0.0,0.0,0.0
2026-05-22 00:00:00-04:00,17.582144691123197,18.06365055101161,17.582144691123197,18.02265167236328,1500,0.0,0.0,0.0
2026-05-26 00:00:00-04:00,18.020745220186335,18.13420867919922,18.020745220186335,18.13420867919922,600,0.0,0.0,0.0
2026-05-27 00:00:00-04:00,18.087486578520878,18.17329978942871,18.087486578520878,18.17329978942871,4100,0.0,0.0,0.0
2026-05-28 00:00:00-04:00,18.24957736454846,18.41166877746582,18.23050917726443,18.41166877746582,400,0.0,0.0,0.0
2026-05-29 00:00:00-04:00,17.639353198888028,18.51369285583496,17.639353198888028,18.51369285583496,900,0.0,0.0,0.0
2026-06-01 00:00:00-04:00,18.33539011278945,18.44503991604097,18.31632010736767,18.435504913330078,1000,0.0,0.0,0.0
2026-06-02 00:00:00-04:00,18.373530724766024,18.48508644104004,18.373530724766024,18.48508644104004,800,0.0,0.0,0.0
2026-06-03 00:00:00-04:00,18.3029727935791,18.3029727935791,18.3029727935791,18.3029727935791,100,0.0,0.0,0.0
2026-06-04 00:00:00-04:00,18.335392126628687,18.335392126628687,18.330625534057617,18.330625534057617,300,0.0,0.0,0.0
2026-06-05 00:00:00-04:00,18.12562715214247,18.12562715214247,17.922536849975586,17.922536849975586,200,0.0,0.0,0.0
2026-06-08 00:00:00-04:00,18.06841806180301,18.12562626182863,17.973069849349717,17.98737144470215,1500,0.0,0.0,0.0
2026-06-09 00:00:00-04:00,17.97307082465396,17.978792190551758,17.97307082465396,17.978792190551758,400,0.0,0.0,0.0
2026-06-10 00:00:00-04:00,17.982603769047444,17.982603769047444,17.883441925048828,17.883441925048828,200,0.0,0.0,0.0
2026-06-11 00:00:00-04:00,18.092256546020508,18.092256546020508,18.092256546020508,18.092256546020508,100,0.0,0.0,0.0
2026-06-12 00:00:00-04:00,18.25717854681617,18.25717854681617,18.207990646362305,18.207990646362305,200,0.216,0.0,0.0
2026-06-15 00:00:00-04:00,18.44042501076602,18.473215103149414,18.41149062854451,18.473215103149414,1600,0.0,0.0,0.0
2026-06-16 00:00:00-04:00,18.48864532767175,18.48864532767175,18.451995849609375,18.451995849609375,200,0.0,0.0,0.0
2026-06-17 00:00:00-04:00,18.469358428337145,18.469358428337145,18.239818572998047,18.239818572998047,600,0.0,0.0,0.0
2026-06-18 00:00:00-04:00,18.324690083325855,18.527225248628152,18.324690083325855,18.41149139404297,1400,0.0,0.0,0.0
2026-06-22 00:00:00-04:00,18.257176369666062,18.3324031829834,18.228241989398338,18.3324031829834,700,0.0,0.0,0.0
2026-06-23 00:00:00-04:00,18.21859981648782,18.21859981648782,18.180986404418945,18.180986404418945,2200,0.0,0.0,0.0
2026-06-24 00:00:00-04:00,18.08357674438427,18.10286633440519,17.89068452328822,18.085506439208984,5700,0.0,0.0,0.0
2026-06-25 00:00:00-04:00,18.242711304821103,18.27646716425264,18.193523406982422,18.193523406982422,500,0.0,0.0,0.0
2026-06-26 00:00:00-04:00,18.315045447242625,18.315045447242625,18.179058074951172,18.179058074951172,500,0.0,0.0,0.0
2026-06-29 00:00:00-04:00,17.63028015834194,18.442352294921875,17.63028015834194,18.442352294921875,300,0.0,0.0,0.0
2026-06-30 00:00:00-04:00,18.575449545134546,18.80691909790039,18.575449545134546,18.80691909790039,900,0.0,0.0,0.0
2026-07-01 00:00:00-04:00,18.527224447357465,18.69504165649414,18.527224447357465,18.69504165649414,200,0.0,0.0,0.0
2026-07-02 00:00:00-04:00,18.66225020150545,18.66225020150545,18.59666633605957,18.59666633605957,500,0.0,0.0,0.0
2026-07-06 00:00:00-04:00,18.62849428927411,18.806918384512922,18.604383223359093,18.707578659057617,1900,0.0,0.0,0.0
2026-07-07 00:00:00-04:00,18.75869710836205,18.75869710836205,18.563875198364258,18.563875198364258,600,0.0,0.0,0.0
2026-07-08 00:00:00-04:00,18.42595867231557,18.515653610229492,18.42595867231557,18.515653610229492,1100,0.0,0.0,0.0
2026-07-09 00:00:00-04:00,18.661285400390625,18.661285400390625,18.661285400390625,18.661285400390625,100,0.0,0.0,0.0
2026-07-10 00:00:00-04:00,18.33433442684613,18.777983924438,18.33433442684613,18.689254760742188,1100,0.0,0.0,0.0
2026-07-13 00:00:00-04:00,18.589913206124784,18.604381315835496,18.55712127685547,18.55712127685547,5500,0.0,0.0,0.0
2026-07-14 00:00:00-04:00,18.659828186035156,18.659828186035156,18.659828186035156,18.659828186035156,100,0.269,0.0,0.0
2026-07-15 00:00:00-04:00,18.701888334367496,18.73123110612231,18.60407474202688,18.711668014526367,6200,0.0,0.0,0.0
2026-07-16 00:00:00-04:00,18.525823784240416,18.608964123013408,18.525823784240416,18.578641891479492,300,0.0,0.0,0.0
2026-07-17 00:00:00-04:00,18.55516748421011,18.55516748421011,18.4113826751709,18.4113826751709,200,0.0,0.0,0.0
2026-07-20 00:00:00-04:00,18.320416151636444,18.39475440979004,18.3008530593562,18.39475440979004,1700,0.0,0.0,0.0
2026-07-21 00:00:00-04:00,18.44561767578125,18.44561767578125,18.44561767578125,18.44561767578125,100,0.0,0.0,0.0
2026-07-22 00:00:00-04:00,18.457355300157907,18.58451166434856,18.457355300157907,18.516042709350586,1700,0.0,0.0,0.0
2026-07-23 00:00:00-04:00,18.310634594048746,18.369323870852785,18.310634594048746,18.325307846069336,700,0.0,0.0,0.0
2026-07-24 00:00:00-04:00,18.32041425081372,18.32041425081372,18.310632705688477,18.310632705688477,400,0.0,0.0,0.0
2026-07-27 00:00:00-04:00,18.25194708155921,18.25194708155921,18.159025192260742,18.159025192260742,700,0.0,0.0,0.0
2026-07-28 00:00:00-04:00,18.09544638358956,18.1825008392334,18.09544638358956,18.1825008392334,1100,0.0,0.0,0.0
2026-07-29 00:00:00-04:00,18.095445363541618,18.095445363541618,18.012305023594266,18.01523780822754,800,0.0,0.0,0.0
2026-07-30 00:00:00-04:00,17.92916345706548,18.257816314697266,17.92916345706548,18.257816314697266,100,0.0,0.0,0.0
2026-07-31 00:00:00-04:00,18.37519073486328,18.37519073486328,18.37519073486328,18.37519073486328,100,0.0,0.0,0.0
2026-08-03 00:00:00-04:00,18.349759583249615,18.564947987262528,18.349759583249615,18.496479034423828,1200,0.0,0.0,0.0
2026-08-04 00:00:00-04:00,18.564947382908798,18.604073563622386,18.491588592529297,18.491588592529297,1300,0.0,0.0,0.0
2026-08-05 00:00:00-04:00,18.672544479370117,18.672544479370117,18.672544479370117,18.672544479370117,100,0.0,0.0,0.0
2026-08-06 00:00:00-04:00,18.662762993986785,18.760576590744666,18.657873153686523,18.657873153686523,1300,0.0,0.0,0.0
2026-08-07 00:00:00-04:00,18.68232685435602,18.730255126953125,18.68232685435602,18.730255126953125,1500,0.0,0.0,0.0
2026-08-10 00:00:00-04:00,18.48669865078831,18.773292541503906,18.48669865078831,18.773292541503906,300,0.0,0.0,0.0
2026-08-11 00:00:00-04:00,18.955224062498708,18.955224062498708,18.884798049926758,18.884798049926758,300,0.0,0.0,0.0
2026-08-12 00:00:00-04:00,18.980709689847675,18.980709689847675,18.87589951056091,18.945114135742188,1200,0.208,0.0,0.0
2026-08-13 00:00:00-04:00,18.92830514948749,19.099365234375,18.92830514948749,19.099365234375,2100,0.0,0.0,0.0
2026-08-14 00:00:00-04:00,18.945114891946094,19.034105666719018,18.925338745117188,18.925338745117188,1100,0.0,0.0,0.0
2026-08-17 00:00:00-04:00,18.885787655455786,18.92830467224121,18.885787655455786,18.92830467224121,400,0.0,0.0,0.0
2026-08-18 00:00:00-04:00,18.796796490318783,18.864032745361328,18.796796490318783,18.864032745361328,200,0.0,0.0,0.0
2026-08-19 00:00:00-04:00,18.79679641888924,18.880842208862305,18.78690834607646,18.880842208862305,3200,0.0,0.0,0.0
2026-08-20 00:00:00-04:00,18.781965398404285,18.781965398404285,18.7730655670166,18.7730655670166,300,0.0,0.0,0.0
2026-08-21 00:00:00-04:00,18.925337956928317,18.925337956928317,18.707806008741436,18.747356414794922,1100,0.0,0.0,0.0
2026-08-24 00:00:00-04:00,18.710773468017578,18.710773468017578,18.710773468017578,18.710773468017578,100,0.0,0.0,0.0
2026-08-25 00:00:00-04:00,18.757245112143647,18.860078811645508,18.757245112143647,18.860078811645508,300,0.0,0.0,0.0
2026-08-26 00:00:00-04:00,18.777021492738974,18.85909080505371,18.777021492738974,18.85909080505371,400,0.0,0.0,0.0
2026-08-27 00:00:00-04:00,18.88776397705078,18.88776397705078,18.88776397705078,18.88776397705078,100,0.0,0.0,0.0
2026-08-28 00:00:00-04:00,18.93522682081211,18.93522682081211,18.900619506835938,18.900619506835938,300,0.0,0.0,0.0
2026-08-31 00:00:00-04:00,18.875900268554688,18.935226823098557,18.875900268554688,18.875900268554688,1100,0.0,0.0,0.0
2026-09-01 00:00:00-04:00,18.821516652042185,18.821516652042185,18.757245118342993,18.785921096801758,400,0.0,0.0,0.0
2026-09-02 00:00:00-04:00,18.707806565418437,18.802730560302734,18.707806565418437,18.802730560302734,200,0.0,0.0,0.0
2026-09-03 00:00:00-04:00,18.826461791992188,18.826461791992188,18.826461791992188,18.826461791992188,200,0.0,0.0,0.0
2026-09-04 00:00:00-04:00,18.81855010986328,18.81855010986328,18.81855010986328,18.81855010986328,100,0.0,0.0,0.0
2026-09-08 00:00:00-04:00,18.81657233181891,18.81657233181891,18.80767250061035,18.80767250061035,200,0.0,0.0,0.0
2026-09-09 00:00:00-04:00,18.697918461160754,18.75724501488663,18.608927687593365,18.65441131591797,2000,0.0,0.0,0.0
2026-09-10 00:00:00-04:00,18.387439727783203,18.387439727783203,18.387439727783203,18.387439727783203,200,0.0,0.0,0.0
2026-09-11 00:00:00-04:00,18.386449579682946,18.386449579682946,18.33799934387207,18.33799934387207,700,0.0,0.0,0.0
2026-09-14 00:00:00-04:00,18.239999771118164,18.239999771118164,18.16200065612793,18.16200065612793,1400,0.208,0.0,0.0
2026-09-15 00:00:00-04:00,18.0,18.260000228881836,17.93000030517578,18.031999588012695,1000,0.0,0.0,0.0
2026-09-16 00:00:00-04:00,17.850000381469727,18.024999618530273,17.850000381469727,17.895999908447266,1200,0.0,0.0,0.0
2026-09-17 00:00:00-04:00,18.0,18.125,17.950000762939453,18.125,1000,0.0,0.0,0.0
2026-09-18 00:00:00-04:00,17.8799991607666,18.121000289916992,17.8799991607666,18.121000289916992,500,0.0,0.0,0.0
2026-09-21 00:00:00-04:00,18.25200080871582,18.25200080871582,18.25200080871582,18.25200080871582,100,0.0,0.0,0.0
2026-09-22 00:00:00-04:00,18.309999465942383,18.309999465942383,18.261999130249023,18.261999130249023,200,0.0,0.0,0.0
2026-09-23 00:00:00-04:00,18.15999984741211,18.15999984741211,17.929000854492188,17.929000854492188,300,0.0,0.0,0.0
2026-09-24 00:00:00-04:00,17.750999450683594,17.750999450683594,17.750999450683594,17.750999450683594,200,0.0,0.0,0.0
2026-09-25 00:00:00-04:00,17.86199951171875,17.86199951171875,17.86199951171875,17.86199951171875,100,0.0,0.0,0.0
