Date,Open,High,Low,Close,Volume,Dividends,Stock Splits,Capital Gains
2020-07-31 00:00:00-04:00,14.202692312952848,14.202692312952848,14.057076454162598,14.057076454162598,9900,0.0,0.0,0.0
2020-08-03 00:00:00-04:00,13.974949812626656,14.116424560546873,13.974949812626656,14.116424560546875,5100,0.0,0.0,0.0
2020-08-04 00:00:00-04:00,14.078468430931299,14.36831930964024,14.009456066228909,14.281364440917969,1600,0.0,0.0,0.0
2020-08-05 00:00:00-04:00,14.285507043875052,14.423530471653123,14.285507043875052,14.375222206115723,11000,0.0,0.0,0.0
2020-08-06 00:00:00-04:00,14.49944366946336,14.506345038039006,14.147481769914197,14.18681812286377,2900,0.0,0.0,0.0
2020-08-07 00:00:00-04:00,14.237195838938797,14.237195838938797,13.940444910711054,14.078468322753906,1400,0.0,0.0,0.0
2020-08-10 00:00:00-04:00,14.14748059683491,14.299306744005625,14.144030570983887,14.144030570983887,5000,0.0,0.0,0.0
2020-08-11 00:00:00-04:00,14.2164937370271,14.271703367768312,14.009456634521484,14.009456634521484,4200,0.0,0.0,0.0
2020-08-12 00:00:00-04:00,13.905939102172852,13.981852840024438,13.871433575677472,13.905939102172852,2300,0.0,0.0,0.0
2020-08-13 00:00:00-04:00,13.94044482833901,14.050864083841384,13.88868522644043,13.88868522644043,2100,0.0,0.0,0.0
2020-08-14 00:00:00-04:00,13.80242068316637,13.905938575029836,13.80242068316637,13.885235786437988,2300,0.0,0.0,0.0
2020-08-17 00:00:00-04:00,14.25099798751132,14.285504826325452,14.085369110107422,14.085369110107422,2900,0.0,0.0,0.0
2020-08-18 00:00:00-04:00,14.212350845336912,14.212350845336912,14.212350845336912,14.212350845336914,100,0.0,0.0,0.0
2020-08-19 00:00:00-04:00,14.202690272287391,14.202690272287391,14.112975120544435,14.112975120544434,900,0.0,0.0,0.0
2020-08-20 00:00:00-04:00,14.009457162665141,14.016358531305645,13.926643371582031,13.926643371582031,29400,0.0,0.0,0.0
2020-08-21 00:00:00-04:00,13.857630356966986,13.857630356966986,13.748591896641873,13.850728988647461,4100,0.0,0.0,0.0
2020-08-24 00:00:00-04:00,14.513244675201587,14.602959823379146,14.269631527119756,14.482189178466797,7400,0.0,0.0,0.0
2020-08-25 00:00:00-04:00,15.017032975206693,15.017032975206693,14.658169742705665,14.96389389038086,9100,0.0,0.0,0.0
2020-08-26 00:00:00-04:00,15.113651474333462,15.134355580719255,14.837603304030406,14.879010200500488,24400,0.0,0.0,0.0
2020-08-27 00:00:00-04:00,15.175762634188656,15.175762634188656,14.637467709302694,14.785843849182129,1100,0.0,0.0,0.0
2020-08-28 00:00:00-04:00,15.438008023085777,15.893487797664664,15.14263525339412,15.208197593688965,2500,0.0,0.0,0.0
2020-08-31 00:00:00-04:00,15.182662875462936,15.182662875462936,15.00668258948815,15.09018611907959,2400,0.0,0.0,0.0
2020-09-01 00:00:00-04:00,15.09984812724108,15.09984812724108,14.665072441101074,14.665072441101074,4500,0.0,0.0,0.0
2020-09-02 00:00:00-04:00,14.665071615259713,14.823799133300781,14.60848118639051,14.823799133300781,1400,0.0,0.0,0.0
2020-09-03 00:00:00-04:00,15.079144461715279,15.079144461715279,14.968725204467773,14.968725204467773,600,0.0,0.0,0.0
2020-09-04 00:00:00-04:00,15.030836606501651,15.030836606501651,14.49254172567934,14.569145202636719,6200,0.0,0.0,0.0
2020-09-08 00:00:00-04:00,14.43733164644647,14.575356375584555,13.961147778851581,14.268251419067383,11700,0.0,0.0,0.0
2020-09-09 00:00:00-04:00,14.49254110974687,14.554652105521322,14.2855053346996,14.301377296447754,18400,0.0,0.0,0.0
2020-09-10 00:00:00-04:00,14.689227104187012,14.689227104187012,14.689227104187012,14.689227104187012,100,0.0,0.0,0.0
2020-09-11 00:00:00-04:00,14.799643516540527,14.799643516540527,14.799643516540527,14.799643516540527,200,0.0,0.0,0.0
2020-09-14 00:00:00-04:00,15.244771858552378,15.803769458305416,15.099845774882331,15.700251579284668,7500,0.0,0.0,0.0
2020-09-15 00:00:00-04:00,15.720957266872993,15.748561423121481,15.258576132073747,15.299983024597168,7300,0.0,0.0,0.0
2020-09-16 00:00:00-04:00,15.527725335180685,15.527725335180685,15.444220478855872,15.525654792785645,300,0.0,0.0,0.0
2020-09-17 00:00:00-04:00,15.203367636014553,15.203367636014553,14.954923629760742,14.954923629760742,3000,0.0,0.0,0.0
2020-09-18 00:00:00-04:00,15.003230825226405,15.003230825226405,14.837601938290032,14.906614303588867,75700,0.0,0.0,0.0
2020-09-21 00:00:00-04:00,14.416628845947994,14.451135689503813,14.061906655263392,14.205451965332031,46400,0.0,0.0,0.0
2020-09-22 00:00:00-04:00,14.223393653344447,14.78929263974473,14.18198544728982,14.716830253601074,45800,0.0,0.0,0.0
2020-09-23 00:00:00-04:00,14.313108748183346,14.485638990542789,14.202689498377405,14.240646362304688,30100,0.0,0.0,0.0
2020-09-24 00:00:00-04:00,13.981850473126986,14.354515098136632,13.747209247035222,14.21649169921875,11900,0.0,0.0,0.0
2020-09-25 00:00:00-04:00,14.064665586659212,14.133677950831318,14.043962798818534,14.078468322753906,20700,0.0,0.0,0.0
2020-09-28 00:00:00-04:00,14.299307657791918,14.658170919093424,14.291026805439468,14.597440719604492,3600,0.0,0.0,0.0
2020-09-29 00:00:00-04:00,14.32001050646527,14.382121500713081,14.32001050646527,14.35451602935791,1700,0.0,0.0,0.0
2020-09-30 00:00:00-04:00,14.320011675743775,14.485640568495,14.320011675743775,14.347617149353027,6100,0.0,0.0,0.0
2020-10-01 00:00:00-04:00,14.299308113894774,14.299308113894774,14.147481952178948,14.271014213562012,3300,0.0,0.0,0.0
2020-10-02 00:00:00-04:00,14.244097564448921,14.482190161002675,14.236506454296746,14.337264060974121,8100,0.0,0.0,0.0
2020-10-05 00:00:00-04:00,14.46493673344055,14.46493673344055,14.394544880504581,14.413178443908691,1700,0.0,0.0,0.0
2020-10-06 00:00:00-04:00,14.471837289170965,14.471837289170965,14.320011138916016,14.320011138916016,10700,0.0,0.0,0.0
2020-10-07 00:00:00-04:00,14.623663857850715,14.83069962424128,14.302067756652834,14.302067756652832,5400,0.0,0.0,0.0
2020-10-08 00:00:00-04:00,14.485641216758145,14.485641216758145,14.205451965332031,14.205451965332031,7800,0.0,0.0,0.0
2020-10-09 00:00:00-04:00,14.18888753623421,14.202690272287391,13.954246288535574,14.112975120544434,7000,0.0,0.0,0.0
2020-10-12 00:00:00-04:00,14.037060852068947,14.161282839197199,13.9956539617933,14.085369110107422,800,0.0,0.0,0.0
2020-10-13 00:00:00-04:00,13.968049617476572,13.968049617476572,13.850728988647461,13.850728988647461,6100,0.0,0.0,0.0
2020-10-14 00:00:00-04:00,13.933543685003746,14.08536983469229,13.88523542448018,13.985301971435547,800,0.0,0.0,0.0
2020-10-15 00:00:00-04:00,13.726506978644869,14.458036224212606,13.664395980128715,13.740309715270996,7300,0.0,0.0,0.0
2020-10-16 00:00:00-04:00,13.703733910082704,13.774815504094605,13.681650320839214,13.69890308380127,2000,0.0,0.0,0.0
2020-10-19 00:00:00-04:00,13.754113096777253,13.816224098205566,13.754113096777253,13.816224098205566,5700,0.0,0.0,0.0
2020-10-20 00:00:00-04:00,13.643693751895722,13.712706121559572,13.51257038116455,13.51257038116455,11000,0.0,0.0,0.0
2020-10-21 00:00:00-04:00,13.381446838378906,13.409052312410092,13.181312416858617,13.381446838378906,6300,0.0,0.0,0.0
2020-10-22 00:00:00-04:00,13.398699755191087,13.450458040056304,13.395248413085938,13.395248413085938,1100,0.0,0.0,0.0
2020-10-23 00:00:00-04:00,13.65956476756079,14.09227120281014,13.65956476756079,13.985301971435547,1300,0.0,0.0,0.0
2020-10-26 00:00:00-04:00,13.698905105551,14.147483590275003,13.329690395206491,13.412504196166992,30000,0.0,0.0,0.0
2020-10-27 00:00:00-04:00,13.381446369241187,13.56777936351472,13.353842212479224,13.490486145019531,1000,0.0,0.0,0.0
2020-10-28 00:00:00-04:00,13.181311746586065,13.181311746586065,13.05708975236535,13.084693908691406,4900,0.0,0.0,0.0
2020-10-29 00:00:00-04:00,13.105399345355456,13.20201587677002,13.057091079648174,13.20201587677002,1900,0.0,0.0,0.0
2020-10-30 00:00:00-04:00,13.202013579018173,13.36695271201291,13.18131079234772,13.340038299560547,71000,0.0,0.0,0.0
2020-11-02 00:00:00-05:00,13.257222292375381,13.312433229836921,13.029482440551325,13.208224296569824,3000,0.0,0.0,0.0
2020-11-03 00:00:00-05:00,13.487726255186878,13.740310022852379,13.487726255186878,13.664396286010742,2600,0.0,0.0,0.0
2020-11-04 00:00:00-05:00,13.816223943503989,13.964600076776748,13.74790131617727,13.905939102172852,3400,0.0,0.0,0.0
2020-11-05 00:00:00-05:00,13.890067783884477,14.216494765715526,13.890067783884477,14.092272758483887,6100,0.0,0.0,0.0
2020-11-06 00:00:00-05:00,14.2717020907998,14.354515871351095,14.085369110107422,14.085369110107422,6000,0.0,0.0,0.0
2020-11-09 00:00:00-05:00,14.244098945174137,14.49254295999046,14.185439284065573,14.373151779174805,3400,0.0,0.0,0.0
2020-11-10 00:00:00-05:00,14.464936921282343,14.464936921282343,14.375221761814537,14.389714241027832,1500,0.0,0.0,0.0
2020-11-11 00:00:00-05:00,14.423528091116655,14.423528091116655,14.216492325469083,14.279293060302734,2100,0.0,0.0,0.0
2020-11-12 00:00:00-05:00,14.34140609685366,14.34140609685366,14.202691613909003,14.230297088623047,1400,0.0,0.0,0.0
2020-11-13 00:00:00-05:00,14.402825918012605,14.4097259697004,14.216492931209682,14.285505294799805,2400,0.0,0.0,0.0
2020-11-16 00:00:00-05:00,14.492542266845703,14.492542266845703,14.492542266845703,14.492542266845703,300,0.0,0.0,0.0
2020-11-17 00:00:00-05:00,14.492541522511251,14.540849783644733,14.42145861467119,14.53256893157959,7700,0.0,0.0,0.0
2020-11-18 00:00:00-05:00,14.458036336719953,14.693367337930594,14.458036336719953,14.630566596984863,1900,0.0,0.0,0.0
2020-11-19 00:00:00-05:00,14.375221185984437,14.430430816438042,14.29240608215332,14.29240608215332,3100,0.0,0.0,0.0
2020-11-20 00:00:00-05:00,14.426981016762785,14.56155441083594,14.392474174499513,14.392474174499512,400,0.0,0.0,0.0
2020-11-23 00:00:00-05:00,14.50634367241006,14.823798699195738,14.382121682345632,14.740984916687012,10200,0.0,0.0,0.0
2020-11-24 00:00:00-05:00,14.837601239649064,14.968724595912658,14.768588877599734,14.962512969970703,11400,0.0,0.0,0.0
2020-11-25 00:00:00-05:00,15.017033299151567,15.099847083022043,14.920416779202224,14.948020935058594,18000,0.0,0.0,0.0
2020-11-27 00:00:00-05:00,15.217168139254479,15.29998324177825,15.182662614378723,15.239253044128418,5200,0.0,0.0,0.0
2020-11-30 00:00:00-05:00,15.500117937001665,15.576031672669185,15.2447738891587,15.465612411499023,7500,0.0,0.0,0.0
2020-12-01 00:00:00-05:00,15.541524467994162,15.624338246773519,15.31723462755595,15.565678596496582,2300,0.0,0.0,0.0
2020-12-02 00:00:00-05:00,15.762365362816212,15.772027015686035,15.70715572980273,15.772027015686035,500,0.0,0.0,0.0
2020-12-03 00:00:00-05:00,15.789968266627316,15.836897043295854,15.624339380746418,15.693351745605469,2600,0.0,0.0,0.0
2020-12-04 00:00:00-05:00,15.734760093032097,16.121228845459946,15.734760093032097,16.07982063293457,3200,0.0,0.0,0.0
2020-12-07 00:00:00-05:00,15.92109169806199,16.06946782245427,15.776166915893556,15.776166915893555,24200,0.0,0.0,0.0
2020-12-08 00:00:00-05:00,15.948696228943747,15.948696228943747,15.858979764640438,15.886585235595703,8400,0.0,0.0,0.0
2020-12-09 00:00:00-05:00,16.003906421086498,16.017707840751395,15.769265174865724,15.769265174865723,5100,0.0,0.0,0.0
2020-12-10 00:00:00-05:00,16.210941981571196,16.393823623657227,16.204040613679094,16.393823623657227,6100,0.0,0.0,0.0
2020-12-11 00:00:00-05:00,16.38347333996427,16.397276076683617,16.25373077392578,16.25373077392578,10300,0.0,0.0,0.0
2020-12-14 00:00:00-05:00,16.56980709099237,16.659522251148942,16.411079560399173,16.424880981445312,19100,0.0,0.0,0.0
2020-12-15 00:00:00-05:00,16.790646205575882,16.935572320148356,16.76304204622493,16.903825759887695,55700,0.0,0.0,0.0
2020-12-16 00:00:00-05:00,16.811348635208216,16.818250003432855,16.645719746721117,16.792715072631836,15600,0.0,0.0,0.0
2020-12-17 00:00:00-05:00,16.873458604111068,16.956272385154552,16.83067091350803,16.864486694335938,7000,0.0,0.0,0.0
2020-12-18 00:00:00-05:00,16.514597948046177,16.596032257991986,16.397277309712358,16.593961715698242,9600,0.0,0.0,0.0
2020-12-21 00:00:00-05:00,16.362767456005372,16.514594910809453,16.311009173386847,16.46283531188965,9300,0.0,0.0,0.0
2020-12-22 00:00:00-05:00,16.452485818297568,16.58360918541351,16.35586929321289,16.35586929321289,4200,0.0,0.0,0.0
2020-12-23 00:00:00-05:00,16.80444775514387,16.887261543642417,16.65262028239414,16.79754638671875,4800,0.0,0.0,0.0
2020-12-24 00:00:00-05:00,16.98387941306708,17.011483570511256,16.83895330850546,16.968006134033203,8700,0.0,0.0,0.0
2020-12-28 00:00:00-05:00,17.246124870182875,17.47386476388079,17.246124870182875,17.46006202697754,6500,0.0,0.0,0.0
2020-12-29 00:00:00-05:00,17.34274020604469,17.34274020604469,17.190914059429776,17.25302505493164,6100,0.0,0.0,0.0
2020-12-30 00:00:00-05:00,17.304784944446016,17.960399117657385,17.052889616109074,17.066692352294922,22800,0.0,0.0,0.0
2020-12-31 00:00:00-05:00,17.073592483937077,17.073592483937077,16.92866771338507,16.997678756713867,3200,0.0,0.0,0.0
2021-01-04 00:00:00-05:00,17.784419072809108,18.11912687376976,17.46006134967224,17.52907371520996,22300,0.0,0.0,0.0
2021-01-05 00:00:00-05:00,17.391049103786816,17.391049103786816,17.3013326398706,17.37241554260254,10400,0.0,0.0,0.0
2021-01-06 00:00:00-05:00,17.40485064092225,17.67399871819462,17.39104922171188,17.625690460205078,32900,0.0,0.0,0.0
2021-01-07 00:00:00-05:00,17.649844584736847,18.08807024856051,17.649844584736847,18.079099655151367,18600,0.0,0.0,0.0
2021-01-08 00:00:00-05:00,17.92934398341191,18.184689342828946,17.705055439194275,18.053565979003906,13300,0.0,0.0,0.0
2021-01-11 00:00:00-05:00,17.943144940846683,18.067366924122286,17.41175148630161,17.90380859375,22700,0.0,0.0,0.0
2021-01-12 00:00:00-05:00,18.205390793090753,18.205390793090753,18.012157761974166,18.046663284301758,22100,0.0,0.0,0.0
2021-01-13 00:00:00-05:00,17.59808676340719,17.59808676340719,17.259927607086126,17.46006202697754,54700,0.0,0.0,0.0
2021-01-14 00:00:00-05:00,17.46006104259065,17.66019676749998,17.391049994568064,17.60153579711914,12100,0.0,0.0,0.0
2021-01-15 00:00:00-05:00,16.942470389591715,16.994229992230736,16.562904357910156,16.562904357910156,26900,0.0,0.0,0.0
2021-01-19 00:00:00-05:00,16.976978435986908,17.356544494628906,16.976978435986908,17.356544494628906,6000,0.0,0.0,0.0
2021-01-20 00:00:00-05:00,17.349641884457338,17.349641884457338,17.166760236819222,17.18056297302246,8900,0.0,0.0,0.0
2021-01-21 00:00:00-05:00,17.556678393551877,17.76371416449582,17.37724677779317,17.54632568359375,28300,0.0,0.0,0.0
2021-01-22 00:00:00-05:00,17.563581983091172,17.95419050318626,17.563581983091172,17.795461654663086,14600,0.0,0.0,0.0
2021-01-25 00:00:00-05:00,17.68780091980864,17.94314627286431,16.90106338906103,17.34343147277832,31600,0.0,0.0,0.0
2021-01-26 00:00:00-05:00,17.335839737891707,17.460060409609802,17.052888922791198,17.280630111694336,22100,0.0,0.0,0.0
2021-01-27 00:00:00-05:00,16.749240333137184,17.3841518326721,16.72853622513112,17.166763305664062,26900,0.0,0.0,0.0
2021-01-28 00:00:00-05:00,17.397949682715847,17.598085403442383,17.339290029862347,17.598085403442383,10000,0.0,0.0,0.0
2021-01-29 00:00:00-05:00,17.466962197048414,17.466962197048414,17.25302505493164,17.25302505493164,36700,0.0,0.0,0.0
2021-02-01 00:00:00-05:00,17.184012750147325,17.232321009857927,16.970075607299805,16.970075607299805,14400,0.0,0.0,0.0
2021-02-02 00:00:00-05:00,17.894837493229158,17.943145751953125,17.59808525672326,17.943145751953125,92600,0.0,0.0,0.0
2021-02-03 00:00:00-05:00,18.315810835137743,19.323386800782508,18.315810835137743,18.77819061279297,95100,0.0,0.0,0.0
2021-02-04 00:00:00-05:00,18.916218752067362,18.916218752067362,18.771293956673986,18.80579948425293,38900,0.0,0.0,0.0
2021-02-05 00:00:00-05:00,19.240572988542976,19.26127709250585,18.978327586520024,19.061832427978516,71700,0.0,0.0,0.0
2021-02-08 00:00:00-05:00,19.219870289307437,19.219870289307437,19.024565391633047,19.15085792541504,59300,0.0,0.0,0.0
2021-02-09 00:00:00-05:00,19.068045782945145,19.143959526631168,18.920360696588837,19.092201232910156,28900,0.0,0.0,0.0
2021-02-10 00:00:00-05:00,19.30958498458103,19.6684482152988,19.18536299577093,19.56838035583496,25800,0.0,0.0,0.0
2021-02-11 00:00:00-05:00,19.647746207241656,19.668450313018624,18.764392088247796,19.11635398864746,54400,0.0,0.0,0.0
2021-02-12 00:00:00-05:00,19.357896865114448,20.18604273459273,19.254378960505058,19.775421142578125,38100,0.0,0.0,0.0
2021-02-16 00:00:00-05:00,19.799572076040292,19.799572076040292,19.25437584822728,19.37169647216797,119300,0.0,0.0,0.0
2021-02-17 00:00:00-05:00,19.13705541734264,19.261277410568454,18.77819217386837,18.888612747192383,36600,0.0,0.0,0.0
2021-02-18 00:00:00-05:00,19.068043239599668,19.14395697316012,18.971426717832827,19.123252868652344,25500,0.0,0.0,0.0
2021-02-19 00:00:00-05:00,19.150858348957247,19.150858348957247,18.729884104574538,18.76439094543457,47600,0.0,0.0,0.0
2021-02-22 00:00:00-05:00,18.764392107880163,19.17156364114295,18.679506458777098,18.96521759033203,27400,0.0,0.0,0.0
2021-02-23 00:00:00-05:00,18.91621885813452,19.323390404096386,18.70228169008216,19.286123275756836,17700,0.0,0.0,0.0
2021-02-24 00:00:00-05:00,19.288883552976408,19.59943723052669,19.211589017334628,19.544227600097656,18200,0.0,0.0,0.0
2021-02-25 00:00:00-05:00,19.516623716999554,19.530425137574486,19.12877549836305,19.137056350708008,53900,0.0,0.0,0.0
2021-02-26 00:00:00-05:00,19.1163522329033,19.130153652518885,18.771291732788086,18.771291732788086,19000,0.0,0.0,0.0
2021-03-01 00:00:00-05:00,18.861008100762454,18.861008100762454,18.702280576378957,18.7264347076416,27900,0.0,0.0,0.0
2021-03-02 00:00:00-05:00,18.950722651272113,19.22677211338965,18.840303392945653,18.9852294921875,30600,0.0,0.0,0.0
2021-03-03 00:00:00-05:00,18.88171055997586,18.978327076603968,18.70227894602272,18.791994094848633,20200,0.0,0.0,0.0
2021-03-04 00:00:00-05:00,18.8955112897437,19.13015252125056,18.869977677738795,19.005931854248047,38900,0.0,0.0,0.0
2021-03-05 00:00:00-05:00,19.23367525862488,19.257829391346625,19.05631416046722,19.185365676879883,65000,0.0,0.0,0.0
2021-03-08 00:00:00-05:00,18.943822820811974,19.12325313046367,18.86031797601251,19.081846237182617,33100,0.0,0.0,0.0
2021-03-09 00:00:00-05:00,19.406203673649586,19.71675734306202,19.11635279241715,19.633943557739258,17900,0.0,0.0,0.0
2021-03-10 00:00:00-05:00,19.985904002852067,20.013509475332356,19.868584693714958,19.998327255249023,160500,0.0,0.0,0.0
2021-03-11 00:00:00-05:00,20.172235976540264,20.696728080519822,20.11357632492807,20.227445602416992,219500,0.0,0.0,0.0
2021-03-12 00:00:00-05:00,20.379273362503827,20.496593983766378,20.28955689643764,20.406877517700195,112900,0.0,0.0,0.0
2021-03-15 00:00:00-04:00,20.358571626729077,20.358571626729077,20.075622092475264,20.24125099182129,135500,0.0,0.0,0.0
2021-03-16 00:00:00-04:00,20.28955868768338,20.28955868768338,19.882387161254883,19.882387161254883,81600,0.0,0.0,0.0
2021-03-17 00:00:00-04:00,20.013506721047793,20.54490014644997,19.882383377414524,20.531097412109375,60400,0.0,0.0,0.0
2021-03-18 00:00:00-04:00,20.39997620427548,20.406877572168323,20.0376629458598,20.12392807006836,124800,0.0,0.0,0.0
2021-03-19 00:00:00-04:00,20.020410798576247,20.08942316332091,19.680870859117455,19.97900390625,120600,0.0,0.0,0.0
2021-03-22 00:00:00-04:00,20.19294076559486,20.634617787607706,20.096324246104885,20.524198532104492,581500,0.0,0.0,0.0
2021-03-23 00:00:00-04:00,19.972104139348353,20.05491793064019,19.777490281880908,19.786460876464844,377600,0.0,0.0,0.0
2021-03-24 00:00:00-04:00,19.647745008261097,19.94449725811469,19.406203703776903,19.854782104492188,117200,0.0,0.0,0.0
2021-03-25 00:00:00-04:00,19.39240034974313,19.39930171769448,19.047339849983647,19.27507972717285,164500,0.0,0.0,0.0
2021-03-26 00:00:00-04:00,19.675351615283223,19.778869511216165,19.40620482259729,19.620141983032227,116100,0.0,0.0,0.0
2021-03-29 00:00:00-04:00,19.744362874229786,19.80992389749642,19.627042247756957,19.709856033325195,136800,0.0,0.0,0.0
2021-03-30 00:00:00-04:00,19.730560564945037,19.79267156361633,19.609098851674286,19.68915367126465,73600,0.0,0.0,0.0
2021-03-31 00:00:00-04:00,19.778867886959862,20.24124901270392,19.737460995247343,19.799571990966797,73300,0.0,0.0,0.0
2021-04-01 00:00:00-04:00,19.909994497352194,19.909994497352194,19.63394631369269,19.806476593017578,169200,0.0,0.0,0.0
2021-04-05 00:00:00-04:00,19.85478220115486,19.909991830491656,19.79267120361328,19.79267120361328,79700,0.0,0.0,0.0
2021-04-06 00:00:00-04:00,20.28955689643764,20.52488788085979,20.28955689643764,20.406877517700195,142900,0.0,0.0,0.0
2021-04-07 00:00:00-04:00,20.39307598324334,20.417230114076002,20.158434726896257,20.25505256652832,130800,0.0,0.0,0.0
2021-04-08 00:00:00-04:00,20.33096508302983,20.33096508302983,20.11012656218003,20.192941665649414,160500,0.0,0.0,0.0
2021-04-09 00:00:00-04:00,20.199842027453762,20.261953022885603,20.082521404560435,20.220544815063477,233300,0.0,0.0,0.0
2021-04-12 00:00:00-04:00,20.579410236075248,20.607015710886795,20.48279370683781,20.544904708862305,150400,0.0,0.0,0.0
2021-04-13 00:00:00-04:00,20.62771763066213,20.65532310430934,20.28265710788062,20.372373580932617,243300,0.0,0.0,0.0
2021-04-14 00:00:00-04:00,20.49659519525592,20.49659519525592,20.25505257057957,20.412399291992188,201500,0.0,0.0,0.0
2021-04-15 00:00:00-04:00,20.600112334362343,20.655321962302857,20.455186238330146,20.607013702392578,236800,0.0,0.0,0.0
2021-04-16 00:00:00-04:00,20.73813723561383,20.73813723561383,20.56560697136978,20.627717971801758,228600,0.0,0.0,0.0
2021-04-19 00:00:00-04:00,20.779544471218877,20.78644583942081,20.39307574971896,20.517297744750977,220400,0.0,0.0,0.0
2021-04-20 00:00:00-04:00,20.73123554077702,20.95207405090332,20.658771835146982,20.95207405090332,474100,0.0,0.0,0.0
2021-04-21 00:00:00-04:00,21.117704888543813,21.393753051757812,21.062495255901013,21.393753051757812,362900,0.0,0.0,0.0
2021-04-22 00:00:00-04:00,21.718108524005864,21.718108524005864,21.400653479344296,21.50417137145996,419300,0.0,0.0,0.0
2021-04-23 00:00:00-04:00,21.53867494019268,21.787118911743164,21.531774888806318,21.787118911743164,489800,0.0,0.0,0.0
2021-04-26 00:00:00-04:00,22.021761947843224,22.035564684346692,21.794022060741643,21.994157791137695,573600,0.0,0.0,0.0
2021-04-27 00:00:00-04:00,22.035564781890216,22.145984041803928,21.807824893780513,21.93204689025879,322800,0.0,0.0,0.0
2021-04-28 00:00:00-04:00,22.070068599150062,22.18739053456873,21.88373561885167,22.173587799072266,381900,0.0,0.0,0.0
2021-04-29 00:00:00-04:00,22.23570038509733,22.23570038509733,21.980355025329253,22.139083862304688,350000,0.0,0.0,0.0
2021-04-30 00:00:00-04:00,22.159788559474592,22.54556494194037,22.118380346452682,22.3530216217041,270100,0.0,0.0,0.0
2021-05-03 00:00:00-04:00,22.53245069956243,22.64286994934082,22.40132603053632,22.64286994934082,861600,0.0,0.0,0.0
2021-05-04 00:00:00-04:00,22.442736195469635,22.442736195469635,22.15288399412337,22.359922409057617,297800,0.0,0.0,0.0
2021-05-05 00:00:00-04:00,22.504847318352553,22.56695831665704,22.394428058322664,22.51865005493164,244200,0.0,0.0,0.0
2021-05-06 00:00:00-04:00,22.96032487068846,22.96032487068846,22.663572644494028,22.704980850219727,298600,0.0,0.0,0.0
2021-05-07 00:00:00-04:00,23.04314172060842,23.415807723999023,22.84990866667385,23.415807723999023,647700,0.0,0.0,0.0
2021-05-10 00:00:00-04:00,24.078322792310367,24.078322792310367,23.567634694254703,23.719459533691406,729900,0.0,0.0,0.0
2021-05-11 00:00:00-04:00,24.1128288907402,24.14043436496728,23.705657360001005,24.078323364257812,918000,0.0,0.0,0.0
2021-05-12 00:00:00-04:00,24.450986253675328,24.710471360106755,24.33021561007062,24.595911026000977,1254100,0.0,0.0,0.0
2021-05-13 00:00:00-04:00,24.14733310962301,24.485490899616146,23.91959193331529,24.430282592773438,546700,0.0,0.0,0.0
2021-05-14 00:00:00-04:00,25.051395426574924,25.49307250976563,24.84435962290467,25.493072509765625,621700,0.0,0.0,0.0
2021-05-17 00:00:00-04:00,25.527574750035416,25.527574750035416,25.003081360944712,25.120403289794922,720200,0.0,0.0,0.0
2021-05-18 00:00:00-04:00,24.526899468102464,24.70632975875657,23.926492339438948,24.181838989257812,779500,0.0,0.0,0.0
2021-05-19 00:00:00-04:00,23.084547508678842,23.332991484860194,22.63596781472888,22.77399253845215,841700,0.0,0.0,0.0
2021-05-20 00:00:00-04:00,23.80917741857051,24.154237960868635,23.75396646815336,24.03691864013672,721600,0.0,0.0,0.0
2021-05-21 00:00:00-04:00,24.2715557270316,24.27845841169314,23.457215321360493,23.56763458251953,474800,0.0,0.0,0.0
2021-05-24 00:00:00-04:00,24.119731036303733,24.15423656201461,23.947200775146484,23.947200775146484,243900,0.0,0.0,0.0
2021-05-25 00:00:00-04:00,24.237050166804895,24.423383163356817,24.07142259160508,24.285358428955078,183900,0.0,0.0,0.0
2021-05-26 00:00:00-04:00,24.582109812031543,24.630418072463225,24.00240805424864,24.11972999572754,289800,0.0,0.0,0.0
2021-05-27 00:00:00-04:00,24.01621005191769,24.030012787702674,23.42960826037047,23.59523582458496,385300,0.0,0.0,0.0
2021-05-28 00:00:00-04:00,23.822979501195075,23.9126959768548,23.022439170377293,23.74016571044922,278400,0.0,0.0,0.0
2021-06-01 00:00:00-04:00,24.14733873890065,24.15423879163861,23.671153489285217,23.75396728515625,375900,0.0,0.0,0.0
2021-06-02 00:00:00-04:00,23.56763290261406,23.78433032520954,23.46411370089259,23.664249420166016,252000,0.0,0.0,0.0
2021-06-03 00:00:00-04:00,23.39510298152958,23.4020030331928,23.119053528152353,23.188064575195312,414700,0.0,0.0,0.0
2021-06-04 00:00:00-04:00,23.574534808866904,23.602140282511463,23.117675540241756,23.22257423400879,292200,0.0,0.0,0.0
2021-06-07 00:00:00-04:00,23.795374348065586,24.04105675573752,23.698757818790273,23.98860740661621,382400,0.0,0.0,0.0
2021-06-08 00:00:00-04:00,24.07832262894889,24.146643937862017,23.988606156752123,24.071422576904297,255200,0.0,0.0,0.0
2021-06-09 00:00:00-04:00,24.575210339300504,24.775346070149173,24.361271871917154,24.471691131591797,269300,0.0,0.0,0.0
2021-06-10 00:00:00-04:00,24.561408661100074,24.71944644721812,24.195645341280358,24.30606460571289,327100,0.0,0.0,0.0
2021-06-11 00:00:00-04:00,24.174939901330255,24.188742638449433,23.88509031963622,24.08522605895996,156400,0.0,0.0,0.0
2021-06-14 00:00:00-04:00,24.609718632832735,24.6166186855749,24.161138859101953,24.202547073364258,307100,0.0,0.0,0.0
2021-06-15 00:00:00-04:00,23.90579224641829,23.99550871815426,23.860935326851724,23.912694931030273,189300,0.0,0.0,0.0
2021-06-16 00:00:00-04:00,24.03691828644205,24.188743132649126,23.533127585409236,23.5538330078125,175700,0.0,0.0,0.0
2021-06-17 00:00:00-04:00,23.360594825405403,23.66424975064089,23.120433011964458,23.188064575195312,456500,0.0,0.0,0.0
2021-06-18 00:00:00-04:00,23.69875451771512,23.767765562555294,23.505521486080536,23.684951782226562,324200,0.0,0.0,0.0
2021-06-21 00:00:00-04:00,24.05071809049717,24.14043456618152,23.847133639732125,23.9541015625,292800,0.0,0.0,0.0
2021-06-22 00:00:00-04:00,24.28536119400281,24.471694211769968,24.20599873969279,24.464794158935547,287200,0.0,0.0,0.0
2021-06-23 00:00:00-04:00,24.844354216436436,25.18941469166472,24.761540439510348,24.871959686279297,525300,0.0,0.0,0.0
2021-06-24 00:00:00-04:00,24.94787703978598,25.1066045655597,24.896117434454727,24.996185302734375,583400,0.0,0.0,0.0
2021-06-25 00:00:00-04:00,25.161812880670915,25.161812880670915,24.858160566052003,24.996185302734375,215400,0.0,0.0,0.0
2021-06-28 00:00:00-04:00,25.223922922771397,25.223922922771397,25.051392666620288,25.099700927734375,306100,0.0,0.0,0.0
2021-06-29 00:00:00-04:00,25.24462717591648,25.265329963264058,25.06795584375621,25.113502502441406,251100,0.0,0.0,0.0
2021-06-30 00:00:00-04:00,25.20321874047645,25.527576446533203,25.20321874047645,25.527576446533203,247100,0.0,0.0,0.0
2021-07-01 00:00:00-04:00,25.962352336503283,26.009281113989157,25.776019343028995,25.989957809448242,490800,0.0,0.0,0.0
2021-07-02 00:00:00-04:00,25.989957063468886,25.989957063468886,25.748415763640338,25.976154327392578,454500,0.0,0.0,0.0
2021-07-06 00:00:00-04:00,25.679404137980793,25.679404137980793,24.16113727193932,24.237051010131836,974000,0.0,0.0,0.0
2021-07-07 00:00:00-04:00,24.48549178643414,24.699430235629002,24.326764278684113,24.602813720703125,435400,0.0,0.0,0.0
2021-07-08 00:00:00-04:00,24.582111149688732,24.72703857147287,24.223247886523573,24.49239730834961,355300,0.0,0.0,0.0
2021-07-09 00:00:00-04:00,24.84435412679386,25.127303610156027,24.84435412679386,24.934070587158203,203000,0.0,0.0,0.0
2021-07-12 00:00:00-04:00,24.26465561524868,24.26465561524868,23.961003305959444,24.06451988220215,829100,0.0,0.0,0.0
2021-07-13 00:00:00-04:00,24.485492800817198,24.561406532147505,24.28535707869234,24.423381805419922,263300,0.0,0.0,0.0
2021-07-14 00:00:00-04:00,24.430282592773438,24.740834913043972,24.252229155884404,24.430282592773438,286000,0.0,0.0,0.0
2021-07-15 00:00:00-04:00,24.58900957955817,24.73393434366146,24.316411495114874,24.51309585571289,189900,0.0,0.0,0.0
2021-07-16 00:00:00-04:00,24.55450661188287,24.582109451293945,24.326765416673226,24.582109451293945,113400,0.0,0.0,0.0
2021-07-19 00:00:00-04:00,24.430286156064184,24.48549447095933,24.033466026881513,24.105928421020508,353300,0.0,0.0,0.0
2021-07-20 00:00:00-04:00,23.68495349555261,23.822978227820027,23.47101502890797,23.809175491333008,291900,0.0,0.0,0.0
2021-07-21 00:00:00-04:00,23.947197617268763,24.078319650720392,23.809172900023487,24.02311134338379,149400,0.0,0.0,0.0
2021-07-22 00:00:00-04:00,23.588334990507164,23.588334990507164,23.270879975791306,23.367496490478516,308800,0.0,0.0,0.0
2021-07-23 00:00:00-04:00,23.574532530920713,23.705654569158092,23.43305909921757,23.684951782226562,213900,0.0,0.0,0.0
2021-07-26 00:00:00-04:00,24.154239129323614,24.49929968831395,24.119733599945206,24.464794158935547,359800,0.0,0.0,0.0
2021-07-27 00:00:00-04:00,24.47858825879698,24.48479856741668,24.250847106582928,24.347463607788086,147700,0.0,0.0,0.0
2021-07-28 00:00:00-04:00,24.4026805304139,24.67182731628418,24.381977741532452,24.67182731628418,166500,0.0,0.0,0.0
2021-07-29 00:00:00-04:00,24.623519174520325,24.856780951965924,24.499297175417023,24.830554962158203,217700,0.0,0.0,0.0
2021-07-30 00:00:00-04:00,24.533804787800012,24.63732400672446,24.432357427511786,24.485496520996094,225100,0.0,0.0,0.0
2021-08-02 00:00:00-04:00,25.15490789872389,25.15835924043036,24.844352960200908,24.940969467163086,160600,0.0,0.0,0.0
2021-08-03 00:00:00-04:00,25.230826876023055,25.237726928270845,24.85816087217225,25.023788452148438,225400,0.0,0.0,0.0
2021-08-04 00:00:00-04:00,25.217022496559487,25.389552750149626,25.113503291364303,25.35504722595215,168900,0.0,0.0,0.0
2021-08-05 00:00:00-04:00,25.348142582813953,25.637994755400953,25.17147125875567,25.631092071533203,370100,0.0,0.0,0.0
2021-08-06 00:00:00-04:00,25.679402888797835,25.707008361816406,25.486169842873455,25.707008361816406,220200,0.0,0.0,0.0
2021-08-09 00:00:00-04:00,25.741512402658522,25.769117874085495,25.52067389644804,25.686304092407227,266800,0.0,0.0,0.0
2021-08-10 00:00:00-04:00,25.748414155161438,25.893338926005253,25.69320321430519,25.796722412109375,216900,0.0,0.0,0.0
2021-08-11 00:00:00-04:00,25.865732495459223,26.20941348150527,25.803621505602738,26.19009017944336,321700,0.0,0.0,0.0
2021-08-12 00:00:00-04:00,26.148683754762082,26.148683754762082,25.43095729704625,25.527576446533203,294900,0.0,0.0,0.0
2021-08-13 00:00:00-04:00,25.548281106976084,25.548281106976084,25.258428902467593,25.299837112426758,274100,0.0,0.0,0.0
2021-08-16 00:00:00-04:00,26.19698880267126,26.417827280657352,26.086569563678218,26.38332176208496,769000,0.0,0.0,0.0
2021-08-17 00:00:00-04:00,26.183188364307973,26.217696518508152,25.76911683993131,25.851930618286133,455100,0.0,0.0,0.0
2021-08-18 00:00:00-04:00,25.996859427142343,26.017564849399523,25.258430093308128,25.727712631225586,578600,0.0,0.0,0.0
2021-08-19 00:00:00-04:00,25.058296907087442,25.065196959416713,24.16113741331146,24.623519897460938,514700,0.0,0.0,0.0
2021-08-20 00:00:00-04:00,24.60281510676103,24.76844267522139,24.430284853929894,24.68562889099121,222900,0.0,0.0,0.0
2021-08-23 00:00:00-04:00,25.051393518874846,25.06519625574884,24.782246731339125,25.05829620361328,333000,0.0,0.0,0.0
2021-08-24 00:00:00-04:00,25.31364092789489,25.575887670273683,25.31364092789489,25.568984985351562,475000,0.0,0.0,0.0
2021-08-25 00:00:00-04:00,25.410255877947048,25.651797183162163,25.203220097390837,25.60348892211914,366800,0.0,0.0,0.0
2021-08-26 00:00:00-04:00,25.976156662354708,26.08657592828787,25.92784839804663,25.955453872680664,282900,0.0,0.0,0.0
2021-08-27 00:00:00-04:00,26.362624563532343,27.211473136769854,26.2660080380163,27.17006492614746,1026700,0.0,0.0,0.0
2021-08-30 00:00:00-04:00,27.38399974886927,27.595866334812296,27.245975031127692,27.54962730407715,847100,0.0,0.0,0.0
2021-08-31 00:00:00-04:00,27.570334737183178,27.666951256880203,27.390901801229226,27.494421005249023,473800,0.0,0.0,0.0
2021-09-01 00:00:00-04:00,27.418506070955868,27.418506070955868,27.101051053700214,27.287384033203125,586300,0.0,0.0,0.0
2021-09-02 00:00:00-04:00,27.59103756006119,27.8091171041715,27.50132109197003,27.715259552001953,715300,0.0,0.0,0.0
2021-09-03 00:00:00-04:00,27.97750778967924,28.108629840462005,27.660052740877063,27.956802368164062,439700,0.0,0.0,0.0
2021-09-07 00:00:00-04:00,28.19834612575963,28.30186270223516,27.929199341279272,28.087926864624023,769500,0.0,0.0,0.0
2021-09-08 00:00:00-04:00,28.205243742727664,28.219046478253315,27.880888671984,28.170738220214844,443600,0.0,0.0,0.0
2021-09-09 00:00:00-04:00,28.046518742564288,28.232851739928915,27.95680226992143,28.01891326904297,415700,0.0,0.0,0.0
2021-09-10 00:00:00-04:00,27.722159472865272,27.722159472865272,27.363988609309484,27.55653190612793,470600,0.0,0.0,0.0
2021-09-13 00:00:00-04:00,27.81187669312952,27.93609868784536,27.33569413512065,27.570335388183594,634000,0.0,0.0,0.0
2021-09-14 00:00:00-04:00,27.218370207560174,27.218370207560174,26.819480896220483,27.121753692626953,416200,0.0,0.0,0.0
2021-09-15 00:00:00-04:00,27.556530272125247,27.763566034571806,27.301186252861243,27.370197296142578,307900,0.0,0.0,0.0
2021-09-16 00:00:00-04:00,27.156260188763756,27.273582127249725,26.88021336942519,27.232173919677734,317600,0.0,0.0,0.0
2021-09-17 00:00:00-04:00,27.459916517702116,27.46750631162032,27.14246147454555,27.32189178466797,512500,0.0,0.0,0.0
2021-09-20 00:00:00-04:00,27.156262025903477,27.75528711310214,27.156262025903477,27.52202796936035,374300,0.0,0.0,0.0
2021-09-21 00:00:00-04:00,27.301187317640082,27.418506622314457,27.239076323223454,27.418506622314453,240600,0.0,0.0,0.0
2021-09-22 00:00:00-04:00,27.41160712708208,27.69041554941868,27.349496131404898,27.55653190612793,530200,0.0,0.0,0.0
2021-09-23 00:00:00-04:00,27.687654688151245,27.770471106332963,27.487521592385708,27.563432693481445,324900,0.0,0.0,0.0
2021-09-24 00:00:00-04:00,28.143132876679797,28.833253860473633,28.06031909575327,28.833253860473633,716400,0.0,0.0,0.0
2021-09-27 00:00:00-04:00,29.04029234610608,29.408814593711227,28.971278667964516,29.274930953979492,797100,0.0,0.0,0.0
2021-09-28 00:00:00-04:00,29.26113385208193,29.26113385208193,28.163841266813787,28.384679794311523,734400,0.0,0.0,0.0
2021-09-29 00:00:00-04:00,28.267357737006648,28.577912737794172,28.032716473367504,28.43988800048828,553300,0.0,0.0,0.0
2021-09-30 00:00:00-04:00,28.053418642072533,28.357070922851562,27.963702178336817,28.357070922851562,653500,0.0,0.0,0.0
2021-10-01 00:00:00-04:00,28.985084008022454,29.08446213391426,28.474393274297746,29.06789779663086,616800,0.0,0.0,0.0
2021-10-04 00:00:00-04:00,29.261133096056984,29.578588142057473,29.12310836178634,29.323244094848633,679500,0.0,0.0,0.0
2021-10-05 00:00:00-04:00,29.737316658941406,29.930549713816855,29.50957544489283,29.654502868652344,658300,0.0,0.0,0.0
2021-10-06 00:00:00-04:00,27.922295682347528,28.29496166290311,27.646938597363206,27.970603942871094,1214300,0.0,0.0,0.0
2021-10-07 00:00:00-04:00,27.970603847203172,28.108628576485312,27.225274521244017,28.03271484375,778200,0.0,0.0,0.0
2021-10-08 00:00:00-04:00,27.577232853999057,27.63175405243323,26.963025622503174,26.983728408813477,654700,0.0,0.0,0.0
2021-10-11 00:00:00-04:00,27.494421005249023,27.64624846911733,27.349496225703483,27.494421005249023,435400,0.0,0.0,0.0
2021-10-12 00:00:00-04:00,27.480619139602965,27.701457658077302,27.480619139602965,27.66695213317871,377200,0.0,0.0,0.0
2021-10-13 00:00:00-04:00,27.60484262164088,27.715261886823328,27.38400409127599,27.69455909729004,312300,0.0,0.0,0.0
2021-10-14 00:00:00-04:00,28.005113350373286,28.681431660507993,27.98095658642999,28.63312339782715,621400,0.0,0.0,0.0
2021-10-15 00:00:00-04:00,28.55030664737639,28.557209332024243,27.61864429773244,27.646249771118164,662500,0.0,0.0,0.0
2021-10-18 00:00:00-04:00,27.75666962000826,27.811877935346303,27.204570671010472,27.266681671142578,517600,0.0,0.0,0.0
2021-10-19 00:00:00-04:00,27.107955930781348,27.149364144465316,26.279812717926504,26.673181533813477,833600,0.0,0.0,0.0
2021-10-20 00:00:00-04:00,27.00443667262607,27.67385228233943,26.95612841107777,27.604841232299805,448700,0.0,0.0,0.0
2021-10-21 00:00:00-04:00,27.929199854730037,28.04651917007967,27.74286685452512,27.998210906982422,300400,0.0,0.0,0.0
2021-10-22 00:00:00-04:00,28.501998376776946,28.640023111061666,28.020295239572707,28.58481216430664,587900,0.0,0.0,0.0
2021-10-25 00:00:00-04:00,28.453687803596466,28.640020784856038,28.36397133870794,28.612415313720703,463400,0.0,0.0,0.0
2021-10-26 00:00:00-04:00,28.68833044246997,28.840157908517888,28.612416709446006,28.702133178710938,374300,0.0,0.0,0.0
2021-10-27 00:00:00-04:00,28.564109802246097,28.646923591012808,28.343271277132942,28.564109802246094,646800,0.0,0.0,0.0
2021-10-28 00:00:00-04:00,28.12933393665645,28.329469680786133,27.895385039786746,28.329469680786133,709900,0.0,0.0,0.0
2021-10-29 00:00:00-04:00,28.19144630432129,28.370879267267263,28.067224293851954,28.19144630432129,667900,0.0,0.0,0.0
2021-11-01 00:00:00-04:00,28.446788476737474,28.508899472072812,27.825678523384067,27.901592254638672,692600,0.0,0.0,0.0
2021-11-02 00:00:00-04:00,28.743542998945003,28.909170577917074,28.605518261399673,28.88846778869629,388800,0.0,0.0,0.0
2021-11-03 00:00:00-04:00,28.950576035873134,29.17072480000889,28.89536509306419,28.9367733001709,323300,0.0,0.0,0.0
2021-11-04 00:00:00-04:00,29.2887379142606,29.3922571301034,28.577914038789284,28.81255531311035,433000,0.0,0.0,0.0
2021-11-05 00:00:00-04:00,28.75734138488769,28.75734138488769,28.467491822705824,28.757341384887695,421900,0.0,0.0,0.0
2021-11-08 00:00:00-05:00,29.005784940258078,29.295637130737305,28.985082152581956,29.295637130737305,451200,0.0,0.0,0.0
2021-11-09 00:00:00-05:00,29.330143710267492,29.468168442483428,29.123107928244988,29.33704376220703,312400,0.0,0.0,0.0
2021-11-10 00:00:00-05:00,29.675203613175395,30.2963135790504,29.619992668385287,30.213497161865234,700700,0.0,0.0,0.0
2021-11-11 00:00:00-05:00,30.19969804817352,30.634475076438274,30.158292467217013,30.56546401977539,532200,0.0,0.0,0.0
2021-11-12 00:00:00-05:00,30.565457975120882,30.758691001645463,30.4136305213644,30.53095245361328,583000,0.0,0.0,0.0
2021-11-15 00:00:00-05:00,30.98643471257643,31.67655572949258,30.779396301419375,31.614444732666016,686500,0.0,0.0,0.0
2021-11-16 00:00:00-05:00,31.65584853593283,32.021614444583584,31.642045800455197,31.773170471191406,1002200,0.0,0.0,0.0
2021-11-17 00:00:00-05:00,31.786976343608092,31.869790132043867,31.13826087515305,31.469518661499023,844300,0.0,0.0,0.0
2021-11-18 00:00:00-05:00,31.469518138578962,32.487448244623984,31.449505091904843,32.29076385498047,826600,0.0,0.0,0.0
2021-11-19 00:00:00-05:00,32.28385972503979,32.542655101542614,32.18034315400028,32.49089813232422,597200,0.0,0.0,0.0
2021-11-22 00:00:00-05:00,32.642723993509534,32.69793493922235,32.19414690630547,32.311466217041016,781200,0.0,0.0,0.0
2021-11-23 00:00:00-05:00,32.42878855178045,32.525405075341205,31.973308774563446,32.06302261352539,457100,0.0,0.0,0.0
2021-11-24 00:00:00-05:00,32.718637132387045,33.12580863550254,31.814577657306135,31.95260238647461,675500,0.0,0.0,0.0
2021-11-26 00:00:00-05:00,32.24246118956156,32.697941046352994,32.0285226838704,32.345977783203125,488100,0.0,0.0,0.0
2021-11-29 00:00:00-05:00,33.008487887231595,33.17411544892771,32.8497577444191,32.8842658996582,493000,0.0,0.0,0.0
2021-11-30 00:00:00-05:00,33.132710884740455,33.32594657143333,32.87391548761158,33.00849151611328,604500,0.0,0.0,0.0
2021-12-01 00:00:00-05:00,34.02986845430881,34.0850767669722,33.407378999227575,33.44326400756836,655500,0.0,0.0,0.0
2021-12-02 00:00:00-05:00,34.02986855242331,34.02986855242331,33.063698068302074,33.38115310668945,757700,0.0,0.0,0.0
2021-12-03 00:00:00-05:00,32.91187034878792,33.37425279907228,32.81525382763671,33.063697814941406,680500,0.0,0.0,0.0
2021-12-06 00:00:00-05:00,33.40185714768155,34.62336898982413,33.350097546634196,34.52675247192383,864100,0.0,0.0,0.0
2021-12-07 00:00:00-05:00,35.06504823968439,35.92079678790309,34.92702351599028,35.782772064208984,1158900,0.0,0.0,0.0
2021-12-08 00:00:00-05:00,37.100904583443004,37.81173101859133,36.92147427800724,37.777225494384766,1448200,0.0,0.0,0.0
2021-12-09 00:00:00-05:00,36.224452612780894,36.26585818810313,34.53434537049357,34.73379135131836,1621700,0.0,0.0,0.0
2021-12-10 00:00:00-05:00,34.996035998438444,35.60334322806636,34.782100168901096,35.59644317626953,838100,0.0,0.0,0.0
2021-12-13 00:00:00-05:00,35.60334524306104,35.71307476432031,34.55436092619133,34.581966400146484,681400,0.0,0.0,0.0
2021-12-14 00:00:00-05:00,34.14718955787372,34.16099229491533,33.574390449963,34.01606750488281,1210100,0.0,0.0,0.0
2021-12-15 00:00:00-05:00,33.94015246976047,34.63027349983677,33.94015246976047,34.595767974853516,796700,0.0,0.0,0.0
2021-12-16 00:00:00-05:00,34.989137425007904,35.955305306153925,34.892520900153585,35.83798599243164,665000,0.0,0.0,0.0
2021-12-17 00:00:00-05:00,33.40185894131833,33.43636446633525,31.99401140676462,32.41498565673828,1906100,0.0,0.0,0.0
2021-12-20 00:00:00-05:00,33.222426118375644,34.43704061111436,33.125809594940186,34.243804931640625,1166900,0.0,0.0,0.0
2021-12-21 00:00:00-05:00,34.42323687627339,34.49915060894344,33.712410442492484,33.91944885253906,777500,0.0,0.0,0.0
2021-12-22 00:00:00-05:00,33.51227711687162,33.8159294128418,33.27073318436112,33.8159294128418,536000,0.0,0.0,0.0
2021-12-23 00:00:00-05:00,33.029191650365156,33.222424688921876,32.849758715188734,32.994686126708984,646000,0.0,0.0,0.0
2021-12-27 00:00:00-05:00,33.40875819624203,33.711720752871045,33.29833893926052,33.62959671020508,492100,0.0,0.0,0.0
2021-12-28 00:00:00-05:00,34.160990315351114,34.36733635185041,34.02296558553622,34.299015045166016,750000,0.0,0.0,0.0
2021-12-29 00:00:00-05:00,34.588932989979405,34.99121181288087,34.308033131584445,34.94266128540039,727400,0.248,0.0,0.0
2021-12-30 00:00:00-05:00,34.67909912946007,34.901045152224185,34.60765974075809,34.81087875366211,440400,0.0,0.0,0.0
2021-12-31 00:00:00-05:00,35.26170596944891,35.324128449941334,35.03282265904165,35.303321838378906,475200,0.0,0.0,0.0
2022-01-03 00:00:00-05:00,35.52526879732702,36.54136647339997,35.44897435848524,36.39224624633789,921900,0.0,0.0,0.0
2022-01-04 00:00:00-05:00,36.912432484191584,37.09969992949982,36.28127301110316,36.829200744628906,874800,0.0,0.0,0.0
2022-01-05 00:00:00-05:00,36.89162780922235,37.723926787604256,36.75984817391904,37.370201110839844,1230600,0.0,0.0,0.0
2022-01-06 00:00:00-05:00,37.078889848097496,37.092761804383144,36.551768738268414,36.7112922668457,747800,0.0,0.0,0.0
2022-01-07 00:00:00-05:00,36.73210080741362,36.7945232910747,36.26046485215334,36.34369659423828,759300,0.0,0.0,0.0
2022-01-10 00:00:00-05:00,35.60156217786015,35.60156217786015,34.15891047560451,34.90104293823242,1680000,0.0,0.0,0.0
2022-01-11 00:00:00-05:00,35.129927945810465,35.227028998577346,34.57506025147642,34.970401763916016,476800,0.0,0.0,0.0
2022-01-12 00:00:00-05:00,34.72071293582987,34.89410842116417,34.07637471966727,34.713775634765625,795500,0.0,0.0,0.0
2022-01-13 00:00:00-05:00,34.57505635592127,35.268638249888035,34.498764570061084,35.15766525268555,579700,0.0,0.0,0.0
2022-01-14 00:00:00-05:00,35.49752216313707,35.50445681804334,35.16460316573123,35.48365020751953,433600,0.0,0.0,0.0
2022-01-18 00:00:00-05:00,35.12298783069234,35.28944865481822,34.95652965237149,35.24089813232422,506800,0.0,0.0,0.0
2022-01-19 00:00:00-05:00,34.8524951901061,35.02589068856434,34.56119202268282,34.5681266784668,591900,0.0,0.0,0.0
2022-01-20 00:00:00-05:00,35.28944969181336,35.94835306105769,35.15073277526638,35.657047271728516,753800,0.0,0.0,0.0
2022-01-21 00:00:00-05:00,35.331063216505974,35.34008012042614,34.6999037543408,35.199283599853516,1016200,0.0,0.0,0.0
2022-01-24 00:00:00-05:00,34.67909937740232,34.748456517835,33.72195549376053,34.373924255371094,1859700,0.0,0.0,0.0
2022-01-25 00:00:00-05:00,35.31026107388027,35.546079070128954,34.672166875681164,35.50446319580078,706700,0.0,0.0,0.0
2022-01-26 00:00:00-05:00,36.26740228201163,36.47547634635039,35.55994834661561,35.58769226074219,840900,0.0,0.0,0.0
2022-01-27 00:00:00-05:00,35.65011509160508,36.06626322433296,35.587692607115365,35.698665618896484,535200,0.0,0.0,0.0
2022-01-28 00:00:00-05:00,35.94141772530748,36.0454560798578,35.72640636061262,35.85818862915039,356900,0.0,0.0,0.0
2022-01-31 00:00:00-05:00,35.78188899508704,36.17723045170866,35.65704404606917,36.14948654174805,561100,0.0,0.0,0.0
2022-02-01 00:00:00-05:00,35.8027022927689,36.2049811249307,35.613355231236326,36.19804382324219,597600,0.0,0.0,0.0
2022-02-02 00:00:00-05:00,37.45342386305801,38.08458330751068,37.38406672904104,38.0013542175293,1404400,0.0,0.0,0.0
2022-02-03 00:00:00-05:00,37.73085804341445,38.164346749585086,37.56439721609068,38.112327575683594,904600,0.0,0.0,0.0
2022-02-04 00:00:00-05:00,38.66026081564812,38.88914149374026,38.49379997592224,38.833656311035156,775900,0.0,0.0,0.0
2022-02-07 00:00:00-05:00,38.73654821620386,38.83365190507993,38.25797765572279,38.4244384765625,1071000,0.0,0.0,0.0
2022-02-08 00:00:00-05:00,38.646390124980385,38.833657583631854,38.160882192825305,38.38976287841797,769300,0.0,0.0,0.0
2022-02-09 00:00:00-05:00,37.84876781358559,37.876511727321926,36.51709170390415,36.967918395996094,1089400,0.0,0.0,0.0
2022-02-10 00:00:00-05:00,36.315952012874924,36.981790062487555,36.315952012874924,36.690486907958984,689500,0.0,0.0,0.0
2022-02-11 00:00:00-05:00,36.88468587567596,37.234945478109594,36.82573204881431,36.99565887451172,635000,0.0,0.0,0.0
2022-02-14 00:00:00-05:00,36.34369580513319,36.544832562958156,36.17723497038281,36.371437072753906,656200,0.0,0.0,0.0
2022-02-15 00:00:00-05:00,36.57257715321212,36.71822873268594,35.91367374908098,36.0246467590332,659600,0.0,0.0,0.0
2022-02-16 00:00:00-05:00,36.031581988524295,36.21884942813887,35.75414815669416,35.92754364013672,555200,0.0,0.0,0.0
2022-02-17 00:00:00-05:00,35.37267702208226,35.42885804516663,34.85942525015667,35.018951416015625,678800,0.0,0.0,0.0
2022-02-18 00:00:00-05:00,35.71946874793601,36.127295783212226,35.71946874793601,35.89286422729492,412200,0.0,0.0,0.0
2022-02-22 00:00:00-05:00,35.65011245411169,36.107876424567834,35.497523582024606,35.92754364013672,510400,0.0,0.0,0.0
2022-02-23 00:00:00-05:00,37.425680020293626,37.571331589481474,37.05114514597767,37.2453498840332,862000,0.0,0.0,0.0
2022-02-24 00:00:00-05:00,34.581993805817405,35.546072219264765,34.054870082476064,35.476715087890625,1455300,0.0,0.0,0.0
2022-02-25 00:00:00-05:00,35.76802136049633,36.0662618140849,35.53220338895664,35.90673828125,421100,0.0,0.0,0.0
2022-02-28 00:00:00-05:00,34.47102348927892,34.67216289003542,33.78437619372592,33.98551559448242,1319400,0.0,0.0,0.0
2022-03-01 00:00:00-05:00,31.370711630495233,31.477522786323473,28.097003943366165,29.539655685424805,4304000,0.0,0.0,0.0
2022-03-02 00:00:00-05:00,29.733856048483286,29.913495627678458,28.520087693426362,29.185928344726562,2280000,0.0,0.0,0.0
2022-03-03 00:00:00-05:00,28.894623768785006,28.894623768785006,27.999902423319945,28.090068817138672,2027800,0.0,0.0,0.0
2022-03-04 00:00:00-05:00,28.23572175932523,28.381373340072738,27.18841413410542,27.680856704711914,1923500,0.0,0.0,0.0
2022-03-07 00:00:00-05:00,25.607046835705376,25.745763768472592,24.518123279061673,24.691518783569336,2777800,0.0,0.0,0.0
2022-03-08 00:00:00-05:00,26.772260303654875,28.353628836100377,26.723709782279418,27.70166015625,1447500,0.0,0.0,0.0
2022-03-09 00:00:00-05:00,29.303839117556386,30.066778249277146,28.776717968590187,29.900320053100586,1210200,0.0,0.0,0.0
2022-03-10 00:00:00-05:00,30.68406814386397,31.05166574881672,30.323405194598596,30.559223175048828,869900,0.0,0.0,0.0
2022-03-11 00:00:00-05:00,31.093276977539066,31.488618437819913,30.5869598763886,31.093276977539062,652800,0.0,0.0,0.0
2022-03-14 00:00:00-04:00,32.189135522923806,32.2515579990768,31.287479591895554,31.30135154724121,1021600,0.0,0.0,0.0
2022-03-15 00:00:00-04:00,31.058597630173868,31.675885117617277,30.912946061501724,31.627334594726562,549300,0.0,0.0,0.0
2022-03-16 00:00:00-04:00,31.384580017316154,32.098968505859375,31.225056502680527,32.098968505859375,368800,0.0,0.0,0.0
2022-03-17 00:00:00-04:00,32.203011140731064,32.5636740833217,32.203011140731064,32.528995513916016,369800,0.0,0.0,0.0
2022-03-18 00:00:00-04:00,32.28623889030047,32.39027723998491,31.987998443397206,32.14752197265625,419900,0.0,0.0,0.0
2022-03-21 00:00:00-04:00,31.81460361556729,32.043486931283226,31.488621895039554,31.800731658935547,321700,0.0,0.0,0.0
2022-03-22 00:00:00-04:00,32.25155934045465,32.445761431761056,31.99840077502589,32.30010986328125,260800,0.0,0.0,0.0
2022-03-23 00:00:00-04:00,32.04348571805576,32.07816428541952,30.912946430522574,31.2874813079834,721300,0.0,0.0,0.0
2022-03-24 00:00:00-04:00,31.384583431741465,31.932513810625885,31.17234752305945,31.904769897460938,416800,0.0,0.0,0.0
2022-03-25 00:00:00-04:00,31.57185246006559,32.001872552464896,31.440072834631774,31.994937896728516,216300,0.0,0.0,0.0
2022-03-28 00:00:00-04:00,32.584477594098075,32.83624710606766,32.584477594098075,32.750938415527344,228500,0.0,0.0,0.0
2022-03-29 00:00:00-04:00,33.45145269817518,33.80518092745169,33.33007640217043,33.76356506347656,336800,0.0,0.0,0.0
2022-03-30 00:00:00-04:00,32.82723231778918,33.33354678298635,32.76480984148789,32.993690490722656,311600,0.0,0.0,0.0
2022-03-31 00:00:00-04:00,32.76480850681688,32.76480850681688,31.90476582901114,32.36252975463867,290800,0.0,0.0,0.0
2022-04-01 00:00:00-04:00,32.66770752560216,32.91046278621415,32.619157002640776,32.78561782836914,189100,0.0,0.0,0.0
2022-04-04 00:00:00-04:00,32.7370667705554,33.09079238146711,32.515120770413745,33.02836990356445,133300,0.0,0.0,0.0
2022-04-05 00:00:00-04:00,32.79255469627393,32.85151117453831,32.65730642378286,32.69545364379883,166000,0.0,0.0,0.0
2022-04-06 00:00:00-04:00,32.52206005199075,32.52899735374741,32.24462883524861,32.41108703613281,339000,0.0,0.0,0.0
2022-04-07 00:00:00-04:00,33.00756657763175,33.36129222374466,33.00756657763175,33.187896728515625,227500,0.0,0.0,0.0
2022-04-08 00:00:00-04:00,33.29193531331647,33.41678028240583,33.257256743192826,33.40290832519531,159200,0.0,0.0,0.0
2022-04-11 00:00:00-04:00,32.86191574150082,32.86191574150082,32.53593135642358,32.67464828491211,248100,0.0,0.0,0.0
2022-04-12 00:00:00-04:00,32.87578419418836,33.06651763544716,32.771745847461695,32.86884689331055,146800,0.0,0.0,0.0
2022-04-13 00:00:00-04:00,32.53592753397185,32.82029601335218,32.459633099976266,32.75787353515625,100300,0.0,0.0,0.0
2022-04-14 00:00:00-04:00,33.291934649409185,33.35435713270903,32.99369418984381,33.09773254394531,129800,0.0,0.0,0.0
2022-04-18 00:00:00-04:00,32.737064826648215,33.180956800573504,32.66909409964883,32.74399948120117,158800,0.0,0.0,0.0
2022-04-19 00:00:00-04:00,32.97981863954066,33.21563659011226,32.88271759738853,32.889652252197266,167500,0.0,0.0,0.0
2022-04-20 00:00:00-04:00,34.6791007917934,35.19235264766633,34.61667830453596,34.734588623046875,522700,0.0,0.0,0.0
2022-04-21 00:00:00-04:00,35.01895414886757,35.12992715607862,34.7207136958994,34.769264221191406,289100,0.0,0.0,0.0
2022-04-22 00:00:00-04:00,35.407357681151524,35.50445872989799,35.10218257854759,35.11605453491211,328600,0.0,0.0,0.0
2022-04-25 00:00:00-04:00,33.36822806788192,33.54162355553809,33.24060765548117,33.33354949951172,540700,0.0,0.0,0.0
2022-04-26 00:00:00-04:00,33.57629993035976,33.749695406687955,32.737066459924485,32.750938415527344,274000,0.0,0.0,0.0
2022-04-27 00:00:00-04:00,32.45963127838357,32.54286036270575,32.112840340268775,32.28623580932617,199700,0.0,0.0,0.0
2022-04-28 00:00:00-04:00,32.25155945466417,32.836247979235075,32.16971676649449,32.702388763427734,169800,0.0,0.0,0.0
2022-04-29 00:00:00-04:00,33.236442260504596,33.4930694598556,32.82029419281873,32.87578201293945,147300,0.0,0.0,0.0
2022-05-02 00:00:00-04:00,32.70932270112018,32.75093856812264,32.4395193810293,32.48044204711914,216500,0.0,0.0,0.0
2022-05-03 00:00:00-04:00,34.02019367085246,34.17278254450302,33.924479024348386,34.06180953979492,277700,0.0,0.0,0.0
2022-05-04 00:00:00-04:00,33.63872445295897,34.30456248755007,33.50694483542692,34.256011962890625,185800,0.0,0.0,0.0
2022-05-05 00:00:00-04:00,34.85249027519507,34.85249027519507,34.03406342622261,34.151973724365234,267400,0.0,0.0,0.0
2022-05-06 00:00:00-04:00,34.83168370834493,35.192346612223,34.58199380213666,34.887168884277344,690000,0.0,0.0,0.0
2022-05-09 00:00:00-04:00,33.867606150614485,34.09648680655109,33.402904892141336,33.43064880371094,858400,0.0,0.0,0.0
2022-05-10 00:00:00-04:00,33.95083789925435,34.17971857312165,33.591561359955634,33.93696594238281,315500,0.0,0.0,0.0
2022-05-11 00:00:00-04:00,33.73582569702971,34.630547049441994,33.72195374050333,33.902286529541016,246500,0.0,0.0,0.0
2022-05-12 00:00:00-04:00,33.28499821408457,33.72889022901279,33.20870377793032,33.27806091308594,496900,0.0,0.0,0.0
2022-05-13 00:00:00-04:00,33.27806029075355,33.694211031320165,33.194831200962255,33.541622161865234,228000,0.0,0.0,0.0
2022-05-16 00:00:00-04:00,33.72888963865567,34.25601073570545,33.69421107168484,34.19358825683594,175600,0.0,0.0,0.0
2022-05-17 00:00:00-04:00,34.81781538775578,35.17154102794178,34.22133447083348,34.50570297241211,431900,0.0,0.0,0.0
2022-05-18 00:00:00-04:00,32.73707058467093,33.257257079197046,32.64690418479425,32.94514465332031,663400,0.0,0.0,0.0
2022-05-19 00:00:00-04:00,32.50124934567886,33.098423423908955,32.41802025571721,32.78561782836914,415300,0.0,0.0,0.0
2022-05-20 00:00:00-04:00,32.60528500646953,32.68157944125906,31.918640384973852,32.13365173339844,478100,0.0,0.0,0.0
2022-05-23 00:00:00-04:00,31.904769756598903,32.112843812806986,31.780617994668297,32.092037200927734,233300,0.0,0.0,0.0
2022-05-24 00:00:00-04:00,32.785622860617394,33.16709244778201,32.70239375788095,32.848045349121094,226600,0.0,0.0,0.0
2022-05-25 00:00:00-04:00,32.8411032531997,33.125471738026924,32.77174611867797,33.00062942504883,92700,0.0,0.0,0.0
2022-05-26 00:00:00-04:00,33.569367828661704,34.26294978672657,33.569367828661704,34.09648895263672,193100,0.0,0.0,0.0
2022-05-27 00:00:00-04:00,33.992451503843476,34.07568324600262,33.841251670123334,33.9647102355957,142800,0.0,0.0,0.0
2022-05-31 00:00:00-04:00,33.96470979540868,34.23520633940704,33.93002858038921,34.103424072265625,233800,0.0,0.0,0.0
2022-06-01 00:00:00-04:00,34.08955605521198,34.92185233116726,34.08955605521198,34.5681266784668,469200,0.0,0.0,0.0
2022-06-02 00:00:00-04:00,34.74845618455879,34.949595594011846,34.57506068933483,34.831687927246094,177400,0.0,0.0,0.0
2022-06-03 00:00:00-04:00,34.90798064753937,35.02588830849237,34.769263729037775,34.845558166503906,71600,0.0,0.0,0.0
2022-06-06 00:00:00-04:00,33.98551714707591,33.98551714707591,33.461862009392426,33.59017562866211,263400,0.0,0.0,0.0
2022-06-07 00:00:00-04:00,33.41677486958971,33.513875908529705,33.180956926819064,33.22950744628906,121500,0.0,0.0,0.0
2022-06-08 00:00:00-04:00,33.22950867560091,33.41677610582944,33.021434635059755,33.29193115234375,254500,0.0,0.0,0.0
2022-06-09 00:00:00-04:00,33.78437810815328,33.93696699265726,33.02837363299177,33.0491828918457,188000,0.0,0.0,0.0
2022-06-10 00:00:00-04:00,33.083858439084025,33.326611055153464,33.02143595983688,33.25031661987305,178700,0.0,0.0,0.0
2022-06-13 00:00:00-04:00,32.58448004829583,32.841104631764615,32.342420622436315,32.369468688964844,297500,0.0,0.0,0.0
2022-06-14 00:00:00-04:00,32.98676033026715,33.05611747080495,32.61916007716197,32.64690399169922,222100,0.0,0.0,0.0
2022-06-15 00:00:00-04:00,32.82029889545085,33.51041222080415,32.82029889545085,33.395973205566406,153200,0.0,0.0,0.0
2022-06-16 00:00:00-04:00,32.709324263609254,32.91046366168854,32.418021118091794,32.73706817626953,281400,0.0,0.0,0.0
2022-06-17 00:00:00-04:00,32.81336330825943,32.81336330825943,32.1544599205488,32.30704879760742,210000,0.0,0.0,0.0
2022-06-21 00:00:00-04:00,33.02143391582652,33.34048094742752,32.917395574919496,33.069984436035156,314400,0.0,0.0,0.0
2022-06-22 00:00:00-04:00,32.54979856097678,32.54979856097678,32.04348409485952,32.154457092285156,416800,0.0,0.0,0.0
2022-06-23 00:00:00-04:00,32.348664549349884,32.702392856388265,32.27237010485904,32.41108703613281,250800,0.0,0.0,0.0
2022-06-24 00:00:00-04:00,32.320917588554906,32.54355944611274,32.320917588554906,32.46657180786133,182400,0.0,0.0,0.0
2022-06-27 00:00:00-04:00,32.74400335301804,33.06998771745509,32.55673590828644,32.577545166015625,236800,0.0,0.0,0.0
2022-06-28 00:00:00-04:00,32.771746310193926,33.617917114490425,32.750939698876834,33.38209915161133,236400,0.0,0.0,0.0
2022-06-29 00:00:00-04:00,33.631791151755564,33.631791151755564,33.305806776655466,33.47920227050781,182500,0.0,0.0,0.0
2022-06-30 00:00:00-04:00,33.62485214949207,34.158910561039455,33.62485214949207,34.14503860473633,273000,0.0,0.0,0.0
2022-07-01 00:00:00-04:00,33.347420532197006,33.666467585652555,33.042242789061184,33.54855728149414,289600,0.0,0.0,0.0
2022-07-05 00:00:00-04:00,32.66077454606256,32.66077454606256,32.0851002502661,32.20301055908203,387300,0.0,0.0,0.0
2022-07-06 00:00:00-04:00,32.223815047815485,32.543557939572295,32.16139256980393,32.27236557006836,150800,0.0,0.0,0.0
2022-07-07 00:00:00-04:00,32.46657474576443,32.75094326320166,32.390280301558406,32.5151252746582,257300,0.0,0.0,0.0
2022-07-08 00:00:00-04:00,32.43189296003644,32.43189296003644,31.97412894863243,32.18914031982422,167900,0.0,0.0,0.0
2022-07-11 00:00:00-04:00,32.18220485274128,32.397213572707585,32.050422583543586,32.071231842041016,92900,0.0,0.0,0.0
2022-07-12 00:00:00-04:00,32.216879547037294,32.45963215192859,32.15445707066454,32.23768615722656,193000,0.0,0.0,0.0
2022-07-13 00:00:00-04:00,31.911707307047998,31.97412979415403,31.641210744857002,31.65508270263672,173500,0.0,0.0,0.0
2022-07-14 00:00:00-04:00,31.585722080063437,31.675885826991063,31.231993810160795,31.4816837310791,198700,0.0,0.0,0.0
2022-07-15 00:00:00-04:00,31.745247351231956,32.06429442512046,31.675887566165805,31.752182006835938,227500,0.0,0.0,0.0
2022-07-18 00:00:00-04:00,31.8215437766242,31.960260709603066,31.557981868544896,31.585725784301758,312300,0.0,0.0,0.0
2022-07-19 00:00:00-04:00,31.745246583622862,31.904770116709788,31.65716243681428,31.835412979125977,172200,0.0,0.0,0.0
2022-07-20 00:00:00-04:00,31.023919065348398,31.023919065348398,30.24017075236526,30.302593231201172,479300,0.0,0.0,0.0
2022-07-21 00:00:00-04:00,30.07371351663445,30.427439143937423,29.969675166707322,30.3719539642334,228700,0.0,0.0,0.0
2022-07-22 00:00:00-04:00,30.378889189376636,30.399698447235497,29.516766795604205,29.62288475036621,435400,0.0,0.0,0.0
2022-07-25 00:00:00-04:00,29.96274054793957,30.045969640499628,29.546589793529005,29.782407760620117,197400,0.0,0.0,0.0
2022-07-26 00:00:00-04:00,29.64369327347374,29.72692236543067,29.411341312811068,29.484167098999023,170000,0.0,0.0,0.0
2022-07-27 00:00:00-04:00,29.64369337766576,29.914189911830373,29.442553979408178,29.886445999145508,143100,0.0,0.0,0.0
2022-07-28 00:00:00-04:00,30.344210431242676,30.656322839125064,30.19162155498791,30.39969825744629,138000,0.0,0.0,0.0
2022-07-29 00:00:00-04:00,30.122265597393195,30.611239517382387,30.0112925864463,30.545351028442383,409400,0.0,0.0,0.0
2022-08-01 00:00:00-04:00,30.82971828265768,31.412327227926045,30.808909024958872,31.218122482299805,210900,0.0,0.0,0.0
2022-08-02 00:00:00-04:00,31.426200424199152,31.807669983527173,31.412328467121096,31.56491470336914,129100,0.0,0.0,0.0
2022-08-03 00:00:00-04:00,31.932515229777223,32.37640727692322,31.918643272578247,32.26543426513672,158300,0.0,0.0,0.0
2022-08-04 00:00:00-04:00,32.383340532497975,32.5636733224825,32.26543287011248,32.473506927490234,135500,0.0,0.0,0.0
2022-08-05 00:00:00-04:00,32.22381527271711,32.59835014340045,32.22381527271711,32.57060623168945,111600,0.0,0.0,0.0
2022-08-08 00:00:00-04:00,32.59141464082668,32.59141464082668,32.32785277803628,32.535926818847656,115700,0.0,0.0,0.0
2022-08-09 00:00:00-04:00,33.14628132433595,33.305804851964865,32.9451419280975,33.19483184814453,360200,0.0,0.0,0.0
2022-08-10 00:00:00-04:00,33.37515948701772,33.82598876953125,33.37515948701772,33.82598876953125,285200,0.0,0.0,0.0
2022-08-11 00:00:00-04:00,34.11729382201707,34.3877929943217,34.0756805999741,34.19358825683594,309300,0.0,0.0,0.0
2022-08-12 00:00:00-04:00,34.41553325685751,34.457149123492016,34.131164782700786,34.429405212402344,366200,0.0,0.0,0.0
2022-08-15 00:00:00-04:00,34.31843183264989,34.59586564885504,34.31843183264989,34.40166091918945,146100,0.0,0.0,0.0
2022-08-16 00:00:00-04:00,34.78313407881617,34.99120812405493,34.75539016723633,34.75539016723633,180000,0.0,0.0,0.0
2022-08-17 00:00:00-04:00,35.28251150501852,35.88592967997819,35.24783293820367,35.78882598876953,295200,0.0,0.0,0.0
2022-08-18 00:00:00-04:00,35.74721736727902,35.85819038285087,35.601565780429475,35.76108932495117,245700,0.0,0.0,0.0
2022-08-19 00:00:00-04:00,35.72640551963826,35.98303274927348,35.6778549942057,35.823509216308594,147200,0.0,0.0,0.0
2022-08-22 00:00:00-04:00,34.464084398692734,34.512634921071054,33.860668873558616,34.16584396362305,309500,0.0,0.0,0.0
2022-08-23 00:00:00-04:00,33.53468608572319,33.75663209714242,33.33354933186555,33.60404586791992,259500,0.0,0.0,0.0
2022-08-24 00:00:00-04:00,33.34048532412126,33.68034165600045,32.61915943518131,32.910465240478516,516700,0.0,0.0,0.0
2022-08-25 00:00:00-04:00,32.37640625565571,32.79255437527696,31.987999403752053,32.501251220703125,282400,0.0,0.0,0.0
2022-08-26 00:00:00-04:00,32.76480996676585,33.063047748229074,32.69545018960758,32.80642318725586,285900,0.0,0.0,0.0
2022-08-29 00:00:00-04:00,32.08509921823105,32.4249555312692,31.73137359477146,31.786861419677734,454400,0.0,0.0,0.0
2022-08-30 00:00:00-04:00,31.010043974975996,31.010043974975996,30.385821895516976,30.441307067871094,360000,0.0,0.0,0.0
2022-08-31 00:00:00-04:00,30.28178547837731,30.697933557721967,30.247106912732747,30.35807991027832,459800,0.0,0.0,0.0
2022-09-01 00:00:00-04:00,29.775469712715818,30.256122496079065,29.49110125354845,30.177745819091797,283400,0.0,0.0,0.0
2022-09-02 00:00:00-04:00,29.74079429045141,29.98354691082267,29.56393015514942,29.70611572265625,261400,0.0,0.0,0.0
2022-09-06 00:00:00-04:00,27.60456336139993,27.70166441909314,27.11905542712848,27.562950134277344,569600,0.0,0.0,0.0
2022-09-07 00:00:00-04:00,27.55601081999732,27.60456134529803,27.060792816124845,27.52826690673828,381500,0.0,0.0,0.0
2022-09-08 00:00:00-04:00,27.04275983325174,27.132923576566117,26.664756316508324,26.772260665893555,284200,0.0,0.0,0.0
2022-09-09 00:00:00-04:00,26.772261644381942,26.938722473008962,26.63354737396539,26.758392333984375,234300,0.0,0.0,0.0
2022-09-12 00:00:00-04:00,27.521330986025703,28.620657701772473,27.431164594981862,28.506216049194336,401300,0.0,0.0,0.0
2022-09-13 00:00:00-04:00,27.78489328256163,27.833443806371633,27.403421101475715,27.493587493896484,211100,0.0,0.0,0.0
2022-09-14 00:00:00-04:00,28.18023346646043,28.29120646513479,27.981869528983065,28.18716812133789,151500,0.0,0.0,0.0
2022-09-15 00:00:00-04:00,27.895867039271625,28.38137229047506,27.89170518771771,28.284271240234375,152900,0.0,0.0,0.0
2022-09-16 00:00:00-04:00,28.422989459784162,28.707357968121915,28.263465920551308,28.4646053314209,155600,0.0,0.0,0.0
2022-09-19 00:00:00-04:00,27.791827226070833,27.916672182901003,27.569881224107203,27.639238357543945,1558900,0.0,0.0,0.0
2022-09-20 00:00:00-04:00,27.673923149613213,27.722473678459817,27.49359034606406,27.562950134277344,159300,0.0,0.0,0.0
2022-09-21 00:00:00-04:00,27.278584001333677,27.278584001333677,26.786138722297242,26.800010681152344,206500,0.0,0.0,0.0
2022-09-22 00:00:00-04:00,27.049695614856223,27.29938553616833,26.841621562364505,26.938722610473633,120400,0.0,0.0,0.0
2022-09-23 00:00:00-04:00,25.856731698959937,25.953832739053535,25.301866722850157,25.315738677978516,462400,0.0,0.0,0.0
2022-09-26 00:00:00-04:00,25.177023908909245,26.41160156204475,25.093794816881555,25.89834976196289,273200,0.0,0.0,0.0
2022-09-27 00:00:00-04:00,25.65559780030372,25.770036812605166,25.433649139518767,25.551559448242188,229400,0.0,0.0,0.0
2022-09-28 00:00:00-04:00,24.96895085473483,25.315048637856133,24.76087679343975,25.29493522644043,146900,0.0,0.0,0.0
2022-09-29 00:00:00-04:00,25.246382643124818,25.57999484414576,25.110438535292722,25.5654296875,163000,0.0,0.0,0.0
2022-09-30 00:00:00-04:00,25.72495791753733,26.134171426144047,25.711085959268654,25.801252365112305,103400,0.0,0.0,0.0
2022-10-03 00:00:00-04:00,25.093797328519063,26.120298385620117,25.093797328519063,26.120298385620117,129700,0.0,0.0,0.0
2022-10-04 00:00:00-04:00,26.279818107350444,26.633546362573338,26.279818107350444,26.487892150878906,47600,0.0,0.0,0.0
2022-10-05 00:00:00-04:00,26.60580153095163,26.695967916823697,26.1757815030928,26.252073287963867,154700,0.0,0.0,0.0
2022-10-06 00:00:00-04:00,26.522574181325425,26.897106412910844,26.425470488597995,26.74452018737793,149500,0.0,0.0,0.0
2022-10-07 00:00:00-04:00,26.834682782896838,27.09824464596175,26.619674087016627,26.661287307739258,164800,0.0,0.0,0.0
2022-10-10 00:00:00-04:00,26.064809774717205,26.215316394915366,25.91222090594568,26.148038864135742,159800,0.0,0.0,0.0
2022-10-11 00:00:00-04:00,25.974644061377923,26.33530698599744,25.912221581235983,26.085617065429688,153600,0.0,0.0,0.0
2022-10-12 00:00:00-04:00,26.01625687881997,26.27288409640694,26.01625687881997,26.141101837158203,56800,0.0,0.0,0.0
2022-10-13 00:00:00-04:00,26.106424204632617,27.049696081044004,26.078680291607537,26.94565773010254,155200,0.0,0.0,0.0
2022-10-14 00:00:00-04:00,26.619675006906398,26.737582664101666,26.404663657791115,26.446279525756836,106100,0.0,0.0,0.0
2022-10-17 00:00:00-04:00,26.55031607495162,26.640482468854632,26.467086982167004,26.480958938598633,145200,0.0,0.0,0.0
2022-10-18 00:00:00-04:00,26.689033813053758,26.80694412344092,26.529510277898968,26.598867416381836,460700,0.0,0.0,0.0
2022-10-19 00:00:00-04:00,26.189651511910707,26.391484099825753,26.07174385830253,26.106422424316406,86200,0.0,0.0,0.0
2022-10-20 00:00:00-04:00,26.071743497820744,26.26802782995624,25.933026589878224,25.99544906616211,58000,0.0,0.0,0.0
2022-10-21 00:00:00-04:00,26.189651279567943,26.872829871780908,26.189651279567943,26.848554611206055,88500,0.0,0.0,0.0
2022-10-24 00:00:00-04:00,26.702904746294948,27.78835953219345,26.702904746294948,27.708599090576172,71400,0.0,0.0,0.0
2022-10-25 00:00:00-04:00,28.950114601206728,29.296905610275395,28.707359307375405,28.991727828979492,131200,0.0,0.0,0.0
2022-10-26 00:00:00-04:00,29.199800175151413,29.29690387441374,28.776717391632143,29.005598068237305,127400,0.0,0.0,0.0
2022-10-27 00:00:00-04:00,29.636754706580213,30.233235572705787,29.622882750879032,30.094518661499023,123600,0.0,0.0,0.0
2022-10-28 00:00:00-04:00,30.378889055151593,30.569625150818098,30.217285920358776,30.46211814880371,83400,0.0,0.0,0.0
2022-10-31 00:00:00-04:00,29.893379272539466,30.125731223277928,29.710273690571942,30.094518661499023,140200,0.0,0.0,0.0
2022-11-01 00:00:00-04:00,29.449489462929662,29.456426764198557,29.005597430708082,29.2691593170166,67200,0.0,0.0,0.0
2022-11-02 00:00:00-04:00,29.178992358522898,29.331581233833777,28.853007996106083,28.85994529724121,62300,0.0,0.0,0.0
2022-11-03 00:00:00-04:00,28.51315517324822,28.62412818247286,28.388310207144844,28.527027130126953,123800,0.0,0.0,0.0
2022-11-04 00:00:00-04:00,29.22060817145492,29.248349438526343,28.748972235773703,29.026403427124023,168600,0.0,0.0,0.0
2022-11-07 00:00:00-05:00,29.158184763475393,29.477231813998394,29.06108371729927,29.380130767822266,97400,0.0,0.0,0.0
2022-11-08 00:00:00-05:00,28.963983226639662,29.262223699033054,28.75590915529216,29.054149627685547,267800,0.0,0.0,0.0
2022-11-09 00:00:00-05:00,28.30508036446916,28.47153855100927,28.03458118118243,28.103940963745117,245500,0.0,0.0,0.0
2022-11-10 00:00:00-05:00,28.540900307931786,28.669211284389817,28.381374119904724,28.58945083618164,139300,0.0,0.0,0.0
2022-11-11 00:00:00-05:00,29.220608431871707,29.67837241519427,29.220608431871707,29.52578353881836,338500,0.0,0.0,0.0
2022-11-14 00:00:00-05:00,29.234480178330955,29.32464392662766,29.121424923776164,29.227542877197266,196700,0.0,0.0,0.0
2022-11-15 00:00:00-05:00,29.276092639924755,29.893380134498738,29.19286354912284,29.67837142944336,266000,0.0,0.0,0.0
2022-11-16 00:00:00-05:00,29.061085516160286,29.061085516160286,28.81833023988852,28.977853775024414,157800,0.0,0.0,0.0
2022-11-17 00:00:00-05:00,28.714294548645245,28.835670863948124,28.50691368826912,28.61025619506836,87900,0.0,0.0,0.0
2022-11-18 00:00:00-05:00,28.7073561290256,28.76977860957904,28.364033808884248,28.44379425048828,88100,0.0,0.0,0.0
2022-11-21 00:00:00-05:00,28.818330606645027,29.022938665618106,28.63800045683281,28.721229553222656,165600,0.0,0.0,0.0
2022-11-22 00:00:00-05:00,28.575575613181098,28.804456270802437,28.575575613181098,28.714292526245117,110800,0.0,0.0,0.0
2022-11-23 00:00:00-05:00,29.380132325071997,29.62982225464794,29.206736834622614,29.2691593170166,70800,0.0,0.0,0.0
2022-11-25 00:00:00-05:00,29.699179095062192,30.191621648013268,29.699179095062192,30.01129150390625,95600,0.0,0.0,0.0
2022-11-28 00:00:00-05:00,29.643694755940132,29.81570120181239,29.359326252211456,29.394004821777344,117800,0.0,0.0,0.0
2022-11-29 00:00:00-05:00,30.018226971741996,30.27485420696226,30.004355014772905,30.129199981689453,107900,0.0,0.0,0.0
2022-11-30 00:00:00-05:00,30.86439671251942,31.4053897857666,30.427439344078532,31.4053897857666,149000,0.0,0.0,0.0
2022-12-01 00:00:00-05:00,30.753423803237045,31.828475297778706,30.48292726576326,31.807668685913086,151700,0.0,0.0,0.0
2022-12-02 00:00:00-05:00,32.078163704941936,32.59835014340045,32.078163704941936,32.57060623168945,127600,0.0,0.0,0.0
2022-12-05 00:00:00-05:00,32.52899616030664,32.66493763672917,32.25156230793774,32.26543426513672,212700,0.0,0.0,0.0
2022-12-06 00:00:00-05:00,32.7578766881544,32.917400226497264,32.42148900359877,32.452701568603516,217800,0.0,0.0,0.0
2022-12-07 00:00:00-05:00,32.35560173032077,32.66771151726487,32.35560173032077,32.5151252746582,126800,0.0,0.0,0.0
2022-12-08 00:00:00-05:00,32.7162580735944,32.82723372136826,32.66077289551254,32.702388763427734,224800,0.0,0.0,0.0
2022-12-09 00:00:00-05:00,32.5220582972915,32.70239109195932,32.42495724438049,32.50818634033203,100200,0.0,0.0,0.0
2022-12-12 00:00:00-05:00,33.01449908970323,33.361290057644666,33.01449908970323,33.111602783203125,246400,0.0,0.0,0.0
2022-12-13 00:00:00-05:00,32.94514287822912,33.20176746087619,32.792554001398614,33.12547302246094,152900,0.0,0.0,0.0
2022-12-14 00:00:00-05:00,32.42495553180736,32.657304845544736,32.287625017225636,32.522056579589844,188000,0.0,0.0,0.0
2022-12-15 00:00:00-05:00,32.59835456826187,32.65384239921572,32.12671858837577,32.24462890625,366300,0.0,0.0,0.0
2022-12-16 00:00:00-05:00,32.45963387783005,32.58447883721366,31.800730513484385,31.856218338012695,199600,0.0,0.0,0.0
2022-12-19 00:00:00-05:00,32.06429074399945,32.27930208431238,31.6620146200199,31.849279403686523,188900,0.0,0.0,0.0
2022-12-20 00:00:00-05:00,32.27236544025377,32.709322784577004,32.27236544025377,32.459632873535156,115700,0.0,0.0,0.0
2022-12-21 00:00:00-05:00,32.119778526678076,32.25155813430696,32.026143489153505,32.154457092285156,66500,0.0,0.0,0.0
2022-12-22 00:00:00-05:00,32.52205993058357,32.52205993058357,32.17526892659645,32.5151252746582,52400,0.0,0.0,0.0
2022-12-23 00:00:00-05:00,32.36253589085625,32.61916048905292,32.24462822129209,32.5914192199707,102200,0.0,0.0,0.0
2022-12-27 00:00:00-05:00,32.43882876802036,32.567142383827466,32.30704914737362,32.41802215576172,88200,0.0,0.0,0.0
2022-12-28 00:00:00-05:00,32.287117756053306,32.38001868993207,31.535469431688355,31.687488555908203,290300,8.355,0.0,0.0
2022-12-29 00:00:00-05:00,31.55235641105835,31.56924778047575,31.096299101886476,31.459455490112305,204600,0.0,0.0,0.0
2022-12-30 00:00:00-05:00,31.07941024174091,31.130084354084406,30.417283326937216,30.800710678100586,505800,0.0,0.0,0.0
2023-01-03 00:00:00-05:00,31.04562331954368,31.189198340999845,30.677402439877778,30.750032424926758,387400,0.0,0.0,0.0
2023-01-04 00:00:00-05:00,30.150407609585336,30.150407609585336,29.255184282177968,29.272075653076172,359000,0.0,0.0,0.0
2023-01-05 00:00:00-05:00,29.36497536622887,29.62678677176065,29.314301255632554,29.51699447631836,181000,0.0,0.0,0.0
2023-01-06 00:00:00-05:00,29.542325638284726,29.542325638284726,29.255178829929573,29.49165153503418,156400,0.0,0.0,0.0
2023-01-09 00:00:00-05:00,30.167295815065803,30.59801445182671,30.150404445939987,30.40376853942871,241900,0.0,0.0,0.0
2023-01-10 00:00:00-05:00,30.386881117046357,30.395328413556044,30.07439880188072,30.378437042236328,109500,0.0,0.0,0.0
2023-01-11 00:00:00-05:00,30.13351592571847,30.13351592571847,29.728132693470634,29.981496810913086,182100,0.0,0.0,0.0
2023-01-12 00:00:00-05:00,30.175743863577605,30.53383255979486,30.10818159987418,30.479782104492188,144100,0.0,0.0,0.0
2023-01-13 00:00:00-05:00,30.125067694317334,30.45444458063699,29.93082176958489,30.361543655395508,99100,0.0,0.0,0.0
2023-01-17 00:00:00-05:00,30.234859530855836,30.57436865678194,30.15884997696642,30.336204528808594,98300,0.0,0.0,0.0
2023-01-18 00:00:00-05:00,31.07096172040077,31.510127632760042,31.07096172040077,31.315881729125977,280300,0.0,0.0,0.0
2023-01-19 00:00:00-05:00,31.50168206108534,31.556579816695464,31.222982522085037,31.467899322509766,163700,0.0,0.0,0.0
2023-01-20 00:00:00-05:00,31.619917026844533,31.70437386955059,31.52701933241656,31.636808395385742,91900,0.0,0.0,0.0
2023-01-23 00:00:00-05:00,31.64525911701765,31.740692298994716,31.34122089375319,31.484792709350586,237000,0.0,0.0,0.0
2023-01-24 00:00:00-05:00,31.07940441704069,31.087851711697912,30.727227617589964,30.927385330200195,128500,0.0,0.0,0.0
2023-01-25 00:00:00-05:00,30.89361283243828,31.552360210545704,30.89361283243828,31.501686096191406,104300,0.0,0.0,0.0
2023-01-26 00:00:00-05:00,32.4982495270293,32.7600609122367,32.27528861243306,32.75161361694336,268000,0.0,0.0,0.0
2023-01-27 00:00:00-05:00,32.7093903878301,32.894348158960014,32.46447034468712,32.53203582763672,113400,0.0,0.0,0.0
2023-01-30 00:00:00-05:00,32.641829688710985,32.74317469628588,32.523590087890625,32.523590087890625,169200,0.0,0.0,0.0
2023-01-31 00:00:00-05:00,33.23300603833635,33.486373347540784,33.02186876179876,33.40191650390625,115900,0.0,0.0,0.0
2023-02-01 00:00:00-05:00,33.866420215236325,34.61807167803452,33.6975129596586,34.39848709106445,546700,0.0,0.0,0.0
2023-02-02 00:00:00-05:00,33.77352280632734,33.87486780489301,33.23300863001184,33.6468391418457,296900,0.0,0.0,0.0
2023-02-03 00:00:00-05:00,33.82419164587644,33.91709256464229,33.551403929350485,33.67217254638672,128200,0.0,0.0,0.0
2023-02-06 00:00:00-05:00,33.19923103490213,33.19923103490213,32.6924995693193,32.80229187011719,109600,0.0,0.0,0.0
2023-02-07 00:00:00-05:00,32.574258674042056,32.734721843943554,32.346230029424675,32.59959411621094,57100,0.0,0.0,0.0
2023-02-08 00:00:00-05:00,32.65111190056987,32.675603257254494,32.35467692145048,32.447574615478516,80900,0.0,0.0,0.0
2023-02-09 00:00:00-05:00,32.81073766494125,32.9205299714952,32.72628402709961,32.72628402709961,75800,0.0,0.0,0.0
2023-02-10 00:00:00-05:00,32.979644884653275,33.12744034703743,32.85296444048091,32.99653625488281,85200,0.0,0.0,0.0
2023-02-13 00:00:00-05:00,32.937419565870975,32.959378670336655,32.709390889964844,32.88674545288086,70700,0.0,0.0,0.0
2023-02-14 00:00:00-05:00,32.785402273248934,32.96951275047025,32.548929509533515,32.64183044433594,76200,0.0,0.0,0.0
2023-02-15 00:00:00-05:00,32.962752420955134,33.3850269975872,32.90363423796259,33.25834655761719,90800,0.0,0.0,0.0
2023-02-16 00:00:00-05:00,33.655284101314656,34.153568254777284,33.52860365520012,33.967769622802734,242600,0.0,0.0,0.0
2023-02-17 00:00:00-05:00,33.697511541932414,33.76507379698114,33.54549244094872,33.72284698486328,117500,0.0,0.0,0.0
2023-02-21 00:00:00-05:00,34.50827607846357,34.82075833738408,34.50827607846357,34.5673942565918,284400,0.0,0.0,0.0
2023-02-22 00:00:00-05:00,34.11134003114228,34.11134003114228,33.401918608410575,33.477928161621094,147100,0.0,0.0,0.0
2023-02-23 00:00:00-05:00,33.87486813496515,33.90865087538268,33.528603099934045,33.697513580322266,69800,0.0,0.0,0.0
2023-02-24 00:00:00-05:00,34.07755618410202,34.07755618410202,33.672172987386595,33.73973846435547,73600,0.0,0.0,0.0
2023-02-27 00:00:00-05:00,34.08600307053608,34.61806991933363,34.08600307053608,34.5589485168457,116700,0.0,0.0,0.0
2023-02-28 00:00:00-05:00,34.62651921144609,34.64341058303125,34.238027330086574,34.2464714050293,99700,0.0,0.0,0.0
2023-03-01 00:00:00-05:00,33.86642327527996,34.08431971145839,33.84531147727486,34.0099983215332,151100,0.0,0.0,0.0
2023-03-02 00:00:00-05:00,33.49481712592128,33.66372759000286,33.148552124318655,33.266788482666016,306400,0.0,0.0,0.0
2023-03-03 00:00:00-05:00,33.199229819269945,33.29550708670458,32.996536596118766,33.233009338378906,96000,0.0,0.0,0.0
2023-03-06 00:00:00-05:00,33.24990070878313,33.47877346195619,33.1907825232181,33.233009338378906,63500,0.0,0.0,0.0
2023-03-07 00:00:00-05:00,33.78196666050373,33.90865032416038,33.57082936887558,33.61305618286133,57500,0.0,0.0,0.0
2023-03-08 00:00:00-05:00,33.8579776620907,34.20424270629883,33.8579776620907,34.20424270629883,160700,0.0,0.0,0.0
2023-03-09 00:00:00-05:00,34.00999606563817,34.62651658406763,34.00999606563817,34.618072509765625,82900,0.0,0.0,0.0
2023-03-10 00:00:00-05:00,34.62651196154462,35.192358293525054,34.61806788836987,35.09946060180664,141000,0.0,0.0,0.0
2023-03-13 00:00:00-04:00,33.86642129113918,34.433115010005885,33.7904117350347,33.95087814331055,263000,0.0,0.0,0.0
2023-03-14 00:00:00-04:00,33.638392444383776,33.72284606631914,33.35968969293857,33.40191650390625,117400,0.0,0.0,0.0
2023-03-15 00:00:00-04:00,32.101314761310434,32.28542845193731,31.90706882533777,32.13509750366211,505800,0.0,0.0,0.0
2023-03-16 00:00:00-04:00,31.518574112732452,31.898621875687294,31.290545454959545,31.755046844482422,156200,0.0,0.0,0.0
2023-03-17 00:00:00-04:00,31.65370239424961,31.976320150287275,31.273654624739397,31.83950424194336,133700,0.0,0.0,0.0
2023-03-20 00:00:00-04:00,31.552355247580802,32.22799389086643,31.49323706764951,31.890172958374023,126300,0.0,0.0,0.0
2023-03-21 00:00:00-04:00,32.61648444967403,32.912078559625435,32.502471741833574,32.77695083618164,84200,0.0,0.0,0.0
2023-03-22 00:00:00-04:00,32.42223957763047,32.878296866865234,32.346230029424675,32.59959411621094,66400,0.0,0.0,0.0
2023-03-23 00:00:00-04:00,33.40191904533662,33.65528315211944,33.40191904533662,33.545494079589844,54100,0.0,0.0,0.0
2023-03-24 00:00:00-04:00,32.01685924994672,32.21110517453053,31.839504695548385,32.09286880493164,140100,0.0,0.0,0.0
2023-03-27 00:00:00-04:00,31.957737891694812,32.27866744995117,31.957737891694812,32.27866744995117,124000,0.0,0.0,0.0
2023-03-28 00:00:00-04:00,32.54892533320385,32.70938851346471,32.439133040552015,32.67560577392578,55000,0.0,0.0,0.0
2023-03-29 00:00:00-04:00,32.7516121369874,32.89518715519376,32.72627669565059,32.86140441894531,71300,0.0,0.0,0.0
2023-03-30 00:00:00-04:00,33.106329001513394,33.44414674560771,33.106329001513394,33.249900817871094,51800,0.0,0.0,0.0
2023-03-31 00:00:00-04:00,33.51170934402698,33.58771889370559,33.31915160339456,33.48637390136719,82100,0.0,0.0,0.0
2023-04-03 00:00:00-04:00,34.03533129533256,34.60962499522676,34.03533129533256,34.58428955078125,259100,0.0,0.0,0.0
2023-04-04 00:00:00-04:00,34.618073563101454,34.618073563101454,34.20424303232307,34.25491714477539,86700,0.0,0.0,0.0
2023-04-05 00:00:00-04:00,34.58428751237003,34.61807025077251,34.40693296830591,34.609622955322266,46600,0.0,0.0,0.0
2023-04-06 00:00:00-04:00,34.466054782648705,34.58429115782115,34.380753842445955,34.491390228271484,39100,0.0,0.0,0.0
2023-04-10 00:00:00-04:00,34.39004146167681,34.55050463589846,34.24646643488965,34.40693283081055,56400,0.0,0.0,0.0
2023-04-11 00:00:00-04:00,34.72786120874693,34.858768521758805,34.630739857676225,34.651851654052734,166200,0.0,0.0,0.0
2023-04-12 00:00:00-04:00,34.38159841589008,34.723643045151974,34.38159841589008,34.660301208496094,39200,0.0,0.0,0.0
2023-04-13 00:00:00-04:00,34.55050663789624,34.55050663789624,34.33092526983268,34.4660530090332,41300,0.0,0.0,0.0
2023-04-14 00:00:00-04:00,34.26335939854134,34.43986986490922,34.24646802862152,34.31403350830078,52500,0.0,0.0,0.0
2023-04-17 00:00:00-04:00,33.97621154785156,34.170457463632054,33.84953110975088,33.97621154785156,94200,0.0,0.0,0.0
2023-04-18 00:00:00-04:00,34.280251284637636,34.7109699481306,34.280251284637636,34.66874313354492,63400,0.0,0.0,0.0
2023-04-19 00:00:00-04:00,34.660298932777735,34.84609756061631,34.2802511594952,34.4660530090332,83900,0.0,0.0,0.0
2023-04-20 00:00:00-04:00,33.80730227885537,33.94243001732608,33.65528317036338,33.731292724609375,112200,0.0,0.0,0.0
2023-04-21 00:00:00-04:00,33.51170901181573,33.57082719190201,33.13166126719021,33.435699462890625,94200,0.0,0.0,0.0
2023-04-24 00:00:00-04:00,32.85296860804698,33.220345486619856,32.7262849261047,33.1485595703125,99900,0.0,0.0,0.0
2023-04-25 00:00:00-04:00,32.836071932671416,33.10632740358234,32.43913280027753,32.456024169921875,115200,0.0,0.0,0.0
2023-04-26 00:00:00-04:00,32.515144397213284,32.608889410529066,32.26178028001647,32.43069076538086,71100,0.0,0.0,0.0
2023-04-27 00:00:00-04:00,32.515140895916794,32.82762316608749,32.340318610715364,32.75161361694336,75400,0.0,0.0,0.0
2023-04-28 00:00:00-04:00,32.93741800727074,33.02187163655833,32.78539889719354,32.89519119262695,57700,0.0,0.0,0.0
2023-05-01 00:00:00-04:00,32.1773232103876,32.55821507975499,32.1773232103876,32.396907806396484,142900,0.0,0.0,0.0
2023-05-02 00:00:00-04:00,33.27523892087906,33.27523892087906,32.8782997760486,32.979644775390625,128500,0.0,0.0,0.0
2023-05-03 00:00:00-04:00,32.14354341372465,32.34623341569325,31.983077005325065,32.26177978515625,226100,0.0,0.0,0.0
2023-05-04 00:00:00-04:00,32.092872028918194,32.244891154159575,31.839507894082477,31.90707015991211,94200,0.0,0.0,0.0
2023-05-05 00:00:00-04:00,32.177322543696285,32.177322543696285,31.96618524820825,32.10976028442383,55500,0.0,0.0,0.0
2023-05-08 00:00:00-04:00,32.008416944446694,32.20097148746266,32.008416944446694,32.11820602416992,41300,0.0,0.0,0.0
2023-05-09 00:00:00-04:00,32.05063884202431,32.574258379541824,32.016856104971794,32.4644660949707,35200,0.0,0.0,0.0
2023-05-10 00:00:00-04:00,32.937416516896526,33.089435620095074,32.82762422643107,33.004981994628906,50900,0.0,0.0,0.0
2023-05-11 00:00:00-04:00,32.59959466884529,32.72627832523556,32.43068742259054,32.684051513671875,29400,0.0,0.0,0.0
2023-05-12 00:00:00-04:00,32.55736929785666,32.700944329565054,32.47291567099244,32.658714294433594,31600,0.0,0.0,0.0
2023-05-15 00:00:00-04:00,32.20266304520631,32.24488986237061,32.07597937201374,32.23644256591797,41500,0.0,0.0,0.0
2023-05-16 00:00:00-04:00,32.540478016482595,32.63337893930505,32.33778802277848,32.48980712890625,56800,0.0,0.0,0.0
2023-05-17 00:00:00-04:00,32.25333453216168,32.4729191401866,32.24489045725289,32.422245025634766,41700,0.0,0.0,0.0
2023-05-18 00:00:00-04:00,32.53203642751555,32.7642855306134,32.52358913114131,32.717838287353516,57100,0.0,0.0,0.0
2023-05-19 00:00:00-04:00,32.954311038638494,33.030320597508606,32.700946916304645,32.717838287353516,97500,0.0,0.0,0.0
2023-05-22 00:00:00-04:00,32.26178338553385,32.34623702549578,32.160438373239565,32.22800064086914,71800,0.0,0.0,0.0
2023-05-23 00:00:00-04:00,31.839501950316215,31.873284687774387,31.64525604248047,31.64525604248047,107200,0.0,0.0,0.0
2023-05-24 00:00:00-04:00,31.670592907656044,31.755046533396737,31.349663330782654,31.434120178222656,108900,0.0,0.0,0.0
2023-05-25 00:00:00-04:00,30.95272811699002,31.103899917149594,30.91894537725741,31.02029037475586,81100,0.0,0.0,0.0
2023-05-26 00:00:00-04:00,30.98650921435516,31.12163695847346,30.872496489070784,30.96961784362793,267000,0.0,0.0,0.0
2023-05-30 00:00:00-04:00,30.766927158904558,30.796486251599603,30.437553491245655,30.496671676635742,142600,0.0,0.0,0.0
2023-05-31 00:00:00-04:00,30.462888585151134,30.720476342113052,30.403770400441786,30.488224029541016,91000,0.0,0.0,0.0
2023-06-01 00:00:00-04:00,30.403768469997058,30.57267893917022,30.06594753165073,30.30242347717285,117000,0.0,0.0,0.0
2023-06-02 00:00:00-04:00,30.55579083525177,30.55579083525177,30.022035757515418,30.074398040771484,60800,0.0,0.0,0.0
2023-06-05 00:00:00-04:00,30.84293595512114,31.138526874792447,30.80070914112515,30.99495506286621,163700,0.0,0.0,0.0
2023-06-06 00:00:00-04:00,30.538898794928233,30.766927464425564,30.29397875490893,30.58957290649414,123800,0.0,0.0,0.0
2023-06-07 00:00:00-04:00,30.927391949068006,31.41723204965269,30.927391949068006,31.20609474182129,123800,0.0,0.0,0.0
2023-06-08 00:00:00-04:00,31.24831977401072,31.543910699409416,31.24831977401072,31.408782958984375,38500,0.0,0.0,0.0
2023-06-09 00:00:00-04:00,31.839508536334318,32.32090136874255,31.839508536334318,32.008419036865234,312800,0.0,0.0,0.0
2023-06-12 00:00:00-04:00,32.30400939449187,32.72628402709961,32.30400939449187,32.72628402709961,60500,0.0,0.0,0.0
2023-06-13 00:00:00-04:00,32.77695597472948,33.52438060745743,32.74317323314754,33.35124969482422,242700,0.0,0.0,0.0
2023-06-14 00:00:00-04:00,33.91709371767949,34.267582387956985,33.91709371767949,34.212684631347656,142000,0.0,0.0,0.0
2023-06-15 00:00:00-04:00,34.23802249799277,34.660297062925984,34.21268383334128,34.609622955322266,95200,0.0,0.0,0.0
2023-06-16 00:00:00-04:00,34.2380254476117,34.44916274826787,34.102897704059735,34.20424270629883,158600,0.0,0.0,0.0
2023-06-20 00:00:00-04:00,34.778535866630904,35.048791349420604,34.58428993973203,34.73630905151367,259400,0.0,0.0,0.0
2023-06-21 00:00:00-04:00,33.98465945800048,34.20424082103223,33.790410317007826,34.16201400756836,114900,0.0,0.0,0.0
2023-06-22 00:00:00-04:00,33.78196404709307,34.06911087036133,33.6890631304917,34.06911087036133,45600,0.0,0.0,0.0
2023-06-23 00:00:00-04:00,33.24145450137119,33.39347360355484,32.93741629700388,32.97119903564453,74500,0.0,0.0,0.0
2023-06-26 00:00:00-04:00,32.54047593668411,32.82762276082832,32.51514049451524,32.59959411621094,199300,0.0,0.0,0.0
2023-06-27 00:00:00-04:00,33.05565319082657,33.40191821319984,33.02187045164398,33.32590866088867,160400,0.0,0.0,0.0
2023-06-28 00:00:00-04:00,33.01042754123591,33.18667182459312,32.79012302743442,33.16023635864258,106100,1.642,0.0,0.0
2023-06-29 00:00:00-04:00,33.02805510984845,33.02805510984845,32.84300010932305,32.92230987548828,133000,0.0,0.0,0.0
2023-06-30 00:00:00-04:00,33.2395496175296,33.574410093424255,33.2395496175296,33.41579055786133,99200,0.0,0.0,0.0
2023-07-03 00:00:00-04:00,33.213109406827456,33.27479440569593,33.019243708203824,33.151424407958984,100300,0.0,0.0,0.0
2023-07-05 00:00:00-04:00,32.66675715346381,32.715224421533264,32.49051284790039,32.49051284790039,76500,0.0,0.0,0.0
2023-07-06 00:00:00-04:00,32.54338885158339,32.59537905876892,32.375958601403,32.49932861328125,48800,0.0,0.0,0.0
2023-07-07 00:00:00-04:00,32.54338909697198,32.79894318726431,32.54338909697198,32.640323638916016,49400,0.0,0.0,0.0
2023-07-10 00:00:00-04:00,32.62269557681746,32.94874534368323,32.605070810827364,32.92230987548828,43300,0.0,0.0,0.0
2023-07-11 00:00:00-04:00,33.028056586032726,33.133801825119164,32.939936113724116,33.116180419921875,79700,0.0,0.0,0.0
2023-07-12 00:00:00-04:00,33.2219256887621,33.2747966275624,33.01924591300634,33.07211685180664,40000,0.0,0.0,0.0
2023-07-13 00:00:00-04:00,33.34529631860568,33.688970873559754,33.27039357951684,33.60966110229492,92900,0.0,0.0,0.0
2023-07-14 00:00:00-04:00,33.9269004388894,33.970960676234164,33.61847541589538,33.75065612792969,113000,0.0,0.0,0.0
2023-07-17 00:00:00-04:00,33.644908177539804,34.05026770700887,33.59203388003414,33.918087005615234,47400,0.0,0.0,0.0
2023-07-18 00:00:00-04:00,33.979777552167256,34.34988761038329,33.953338718308316,34.208892822265625,68800,0.0,0.0,0.0
2023-07-19 00:00:00-04:00,34.464446641493225,34.464446641493225,34.314637789466595,34.438011169433594,60500,0.0,0.0,0.0
2023-07-20 00:00:00-04:00,34.940304215673095,34.98877148732105,34.49088103522491,34.59662628173828,67500,0.0,0.0,0.0
2023-07-21 00:00:00-04:00,34.781684770261926,34.96673979261496,34.74643523412398,34.85218048095703,150700,0.0,0.0,0.0
2023-07-24 00:00:00-04:00,34.60543797968849,34.64949821592381,34.45562914259172,34.46444320678711,127900,0.0,0.0,0.0
2023-07-25 00:00:00-04:00,34.455630123848884,34.75965147721776,34.455630123848884,34.70237350463867,64100,0.0,0.0,0.0
2023-07-26 00:00:00-04:00,34.64068715461017,34.82574216183066,34.376319016774595,34.76405715942383,233900,0.0,0.0,0.0
2023-07-27 00:00:00-04:00,34.957923123746326,35.336847205050915,34.80811764869036,34.905052185058594,170100,0.0,0.0,0.0
2023-07-28 00:00:00-04:00,34.37632010434816,34.561378479003906,34.26176416001439,34.561378479003906,68000,0.0,0.0,0.0
2023-07-31 00:00:00-04:00,34.01501821575296,34.40275634142785,33.96214727976483,34.244136810302734,144600,0.0,0.0,0.0
2023-08-01 00:00:00-04:00,33.96214656990249,33.97977133539027,33.358510957872156,33.38054275512695,135300,0.0,0.0,0.0
2023-08-02 00:00:00-04:00,33.07211770312269,33.15671524127747,32.68438290842403,32.72844314575195,99800,0.0,0.0,0.0
2023-08-03 00:00:00-04:00,33.107363164395224,33.169048161381305,32.91349411010742,32.91349411010742,54200,0.0,0.0,0.0
2023-08-04 00:00:00-04:00,32.99280545347297,33.11794028305672,32.966369985377696,33.036869049072266,31000,0.0,0.0,0.0
2023-08-07 00:00:00-04:00,32.98399574237031,32.992806444806675,32.882654175659454,32.904685974121094,26200,0.0,0.0,0.0
2023-08-08 00:00:00-04:00,33.02805807637413,33.31004763438269,32.912618033797635,33.265987396240234,44900,0.0,0.0,0.0
2023-08-09 00:00:00-04:00,33.4598552226727,33.4774799895846,33.160240908331446,33.25717544555664,44300,0.0,0.0,0.0
2023-08-10 00:00:00-04:00,33.292421134856234,33.534757474403854,33.27568046387624,33.30123519897461,27600,0.0,0.0,0.0
2023-08-11 00:00:00-04:00,33.43341421305126,33.75329883736738,33.43341421305126,33.662532806396484,29200,0.0,0.0,0.0
2023-08-14 00:00:00-04:00,33.56559743992963,33.86521172729015,33.547972674604864,33.63609313964844,54600,0.0,0.0,0.0
2023-08-15 00:00:00-04:00,33.70659164059957,33.70659164059957,33.39816665649414,33.39816665649414,21100,0.0,0.0,0.0
2023-08-16 00:00:00-04:00,33.85639838325672,33.988582445211144,33.71540361924283,33.77709197998047,43000,0.0,0.0,0.0
2023-08-17 00:00:00-04:00,34.173640708541015,34.30582478312782,33.882840450662975,33.89165115356445,99400,0.0,0.0,0.0
2023-08-18 00:00:00-04:00,33.67134756835453,33.882841421436765,33.67134756835453,33.803531646728516,95000,0.0,0.0,0.0
2023-08-21 00:00:00-04:00,33.926899821865135,33.970960058408586,33.81234051758771,33.90927505493164,80700,0.0,0.0,0.0
2023-08-22 00:00:00-04:00,34.411570389827546,34.58781470394723,34.20007990214847,34.28820037841797,74300,0.0,0.0,0.0
2023-08-23 00:00:00-04:00,33.715408424454935,34.44682117810643,33.662537481402126,34.29701232910156,143900,0.0,0.0,0.0
2023-08-24 00:00:00-04:00,33.54797943430177,33.81234424428053,33.310050096846616,33.327674865722656,87500,0.0,0.0,0.0
2023-08-25 00:00:00-04:00,33.486290106576824,33.53035034229569,33.151426264268515,33.37173080444336,83300,0.0,0.0,0.0
2023-08-28 00:00:00-04:00,33.371731771599,33.477480374285626,33.25717582772607,33.28361129760742,57200,0.0,0.0,0.0
2023-08-29 00:00:00-04:00,33.10736552245293,33.45985412597656,33.10736552245293,33.45985412597656,78300,0.0,0.0,0.0
2023-08-30 00:00:00-04:00,33.671344630175156,33.93130573187147,33.636095097473884,33.78590393066406,33800,0.0,0.0,0.0
2023-08-31 00:00:00-04:00,33.76827719879407,33.8035267294436,33.60965767245142,33.63609313964844,94800,0.0,0.0,0.0
2023-09-01 00:00:00-04:00,33.59203321781971,33.59203321781971,33.257172758292796,33.38054275512695,68000,0.0,0.0,0.0
2023-09-05 00:00:00-04:00,32.76369206591668,32.93112230925569,32.65794682599628,32.887062072753906,81700,0.0,0.0,0.0
2023-09-06 00:00:00-04:00,32.895877106025665,32.922312576389345,32.70200802581027,32.79894256591797,356800,0.0,0.0,0.0
2023-09-07 00:00:00-04:00,32.61388726291159,32.739902849246334,32.57864108629784,32.70201110839844,101200,0.0,0.0,0.0
2023-09-08 00:00:00-04:00,32.59626032141939,32.675570088102376,32.297526754860804,32.36714172363281,84800,0.0,0.0,0.0
2023-09-11 00:00:00-04:00,32.411205639485914,32.538982687076334,32.32308516053152,32.48170471191406,479400,0.0,0.0,0.0
2023-09-12 00:00:00-04:00,32.2878355200804,32.39358076680045,32.18209027336036,32.22615051269531,310700,0.0,0.0,0.0
2023-09-13 00:00:00-04:00,32.53457174686699,32.94874534368323,32.52576104466214,32.92230987548828,225700,0.0,0.0,0.0
2023-09-14 00:00:00-04:00,32.64913100712933,32.74606553917217,32.53457170911683,32.59626007080078,60300,0.0,0.0,0.0
2023-09-15 00:00:00-04:00,32.516953165221864,32.561013403231726,32.27020978152138,32.31427001953125,53000,0.0,0.0,0.0
2023-09-18 00:00:00-04:00,32.04109326726503,32.13802780402428,31.88335446150518,31.979408264160156,103400,0.0,0.0,0.0
2023-09-19 00:00:00-04:00,32.04109524805903,32.20852550089709,32.03404601320848,32.08515548706055,82300,0.0,0.0,0.0
2023-09-20 00:00:00-04:00,32.14683925846444,32.58744835470696,32.14683925846444,32.40239334106445,53900,0.0,0.0,0.0
2023-09-21 00:00:00-04:00,32.41120247108761,32.73637151116027,32.41120247108761,32.649131774902344,33100,0.0,0.0,0.0
2023-09-22 00:00:00-04:00,32.67557232100516,33.127634324251616,32.67557232100516,32.9839973449707,94600,0.0,0.0,0.0
2023-09-25 00:00:00-04:00,32.72844241042711,32.825376947319064,32.605072404048464,32.631507873535156,55000,0.0,0.0,0.0
2023-09-26 00:00:00-04:00,32.270213090512776,32.31427333304059,31.961788031237095,32.07634735107422,154100,0.0,0.0,0.0
2023-09-27 00:00:00-04:00,31.838413368085135,31.891284306781827,31.635733592726563,31.723854064941406,74600,0.0,0.0,0.0
2023-09-28 00:00:00-04:00,32.146841362671545,32.189140134498636,31.907150563371935,32.06753158569336,40000,0.0,0.0,0.0
2023-09-29 00:00:00-04:00,31.926535623009325,31.926535623009325,31.715045133252307,31.838415145874023,79500,0.0,0.0,0.0
2023-10-02 00:00:00-04:00,31.679793958682687,31.811974667546735,31.591670124526104,31.609294891357422,121400,0.0,0.0,0.0
2023-10-03 00:00:00-04:00,31.44186353236636,31.609293768947783,31.44186353236636,31.485923767089844,53900,0.0,0.0,0.0
2023-10-04 00:00:00-04:00,31.80316433764627,32.04109365028668,31.80316433764627,32.00584411621094,71000,0.0,0.0,0.0
2023-10-05 00:00:00-04:00,31.688606784383204,31.882475870935988,31.609297009118954,31.794355392456055,77800,0.0,0.0,0.0
2023-10-06 00:00:00-04:00,31.68860503269038,32.11158935685759,31.679794329961737,32.00584411621094,64500,0.0,0.0,0.0
2023-10-09 00:00:00-04:00,32.005847642917935,32.25258768547515,32.005847642917935,32.23496627807617,84500,0.0,0.0,0.0
2023-10-10 00:00:00-04:00,32.86062892433104,33.17258026147488,32.86062892433104,33.06330871582031,92600,0.0,0.0,0.0
2023-10-11 00:00:00-04:00,32.99280866818665,33.12411201055843,32.63150933549908,32.82537841796875,14400,0.0,0.0,0.0
2023-10-12 00:00:00-04:00,33.01924431065471,33.089740012827626,32.8782495447285,32.99280548095703,46200,0.0,0.0,0.0
2023-10-13 00:00:00-04:00,32.84300001285185,33.16904977875989,32.84300001285185,32.99280548095703,98600,0.0,0.0,0.0
2023-10-16 00:00:00-04:00,32.82537778728421,32.82537778728421,32.51695276344534,32.6579475402832,51100,0.0,0.0,0.0
2023-10-17 00:00:00-04:00,32.29664847963389,32.446453960562216,32.182089172018856,32.428829193115234,60400,0.0,0.0,0.0
2023-10-18 00:00:00-04:00,32.014660748676306,32.12921670124107,31.99703598022461,31.99703598022461,83400,0.0,0.0,0.0
2023-10-19 00:00:00-04:00,32.005842546778865,32.287832082396086,32.005842546778865,32.25258255004883,27800,0.0,0.0,0.0
2023-10-20 00:00:00-04:00,31.935345132934014,32.2878303527832,31.935345132934014,32.2878303527832,108600,0.0,0.0,0.0
2023-10-23 00:00:00-04:00,31.864851034600193,32.05431308834851,31.856040331403403,32.0146598815918,26400,0.0,0.0,0.0
2023-10-24 00:00:00-04:00,32.02346888324881,32.13714745408989,31.873660044217175,32.00584411621094,27300,0.0,0.0,0.0
2023-10-25 00:00:00-04:00,31.864845661216368,31.98821565465212,31.803160664498495,31.891281127929688,42300,0.0,0.0,0.0
2023-10-26 00:00:00-04:00,31.723855179142998,31.882474723965167,31.723855179142998,31.847225189208984,24000,0.0,0.0,0.0
2023-10-27 00:00:00-04:00,31.785539067807907,31.900098370951632,31.723854064941406,31.723854064941406,36600,0.0,0.0,0.0
2023-10-30 00:00:00-04:00,31.741478908066313,31.856038211485657,31.679793905051408,31.829599380493164,97400,0.0,0.0,0.0
2023-10-31 00:00:00-04:00,31.750286369491658,32.01465448294564,31.7150402010673,31.891281127929688,48000,0.0,0.0,0.0
2023-11-01 00:00:00-04:00,31.61810826747846,31.72385350458454,31.485924199910496,31.662168502807617,66500,0.0,0.0,0.0
2023-11-02 00:00:00-04:00,31.450673172294213,32.15565035037804,31.286769239122634,32.0587158203125,64600,0.0,0.0,0.0
2023-11-03 00:00:00-04:00,32.08515677628928,32.286075104716595,31.88247697947374,31.917726516723633,46200,0.0,0.0,0.0
2023-11-06 00:00:00-05:00,31.653356830716742,31.72385590183513,31.547611585619897,31.61811065673828,55200,0.0,0.0,0.0
2023-11-07 00:00:00-05:00,31.485927408191397,31.578454920284937,31.38018216031033,31.4506778717041,68900,0.0,0.0,0.0
2023-11-08 00:00:00-05:00,31.73266377080572,31.73530933460578,31.463895330518316,31.485923767089844,45600,0.0,0.0,0.0
2023-11-09 00:00:00-05:00,31.547611244811378,32.03228058798183,31.547611244811378,31.873661041259766,86200,0.0,0.0,0.0
2023-11-10 00:00:00-05:00,31.820790555999352,32.19971466064453,31.767916252474183,32.19971466064453,44700,0.0,0.0,0.0
2023-11-13 00:00:00-05:00,31.732665707151995,31.900099315530753,31.732665707151995,31.811975479125977,53600,0.0,0.0,0.0
2023-11-14 00:00:00-05:00,32.31426927224435,32.619171356287445,32.31426927224435,32.58744812011719,75200,0.0,0.0,0.0
2023-11-15 00:00:00-05:00,32.754881422854176,32.895879572915796,32.73726001567739,32.86063003540039,62600,0.0,0.0,0.0
2023-11-16 00:00:00-05:00,32.649134232194974,32.728444006102364,32.323965167648915,32.384769439697266,37000,0.0,0.0,0.0
2023-11-17 00:00:00-05:00,32.32308578491211,32.49933010780617,32.25258671112214,32.32308578491211,48800,0.0,0.0,0.0
2023-11-20 00:00:00-05:00,32.45526812812231,32.56101337155926,32.32308405264061,32.358333587646484,79900,0.0,0.0,0.0
2023-11-21 00:00:00-05:00,32.19971392856297,32.22438793066425,31.979409377921318,32.102779388427734,80700,0.0,0.0,0.0
2023-11-22 00:00:00-05:00,31.970597040322147,32.23936887554929,31.856041088138756,32.06753158569336,45800,0.0,0.0,0.0
2023-11-24 00:00:00-05:00,32.499327747480976,32.73637296616887,32.499327747480976,32.51695251464844,39000,0.0,0.0,0.0
2023-11-27 00:00:00-05:00,31.856037957346437,31.944158429070285,31.60048388313455,31.6886043548584,75500,0.0,0.0,0.0
2023-11-28 00:00:00-05:00,31.767914431258717,31.891284437497383,31.52117441878139,31.609294891357422,115100,0.0,0.0,0.0
2023-11-29 00:00:00-05:00,31.239187486389195,31.322900933866467,30.983633388324005,31.05413246154785,184100,0.0,0.0,0.0
2023-11-30 00:00:00-05:00,31.018881670426662,31.13784464970459,30.816201885476417,30.85144805908203,57700,0.0,0.0,0.0
2023-12-01 00:00:00-05:00,31.115814721196514,31.239184726859452,30.88669611503916,31.027690887451172,129500,0.0,0.0,0.0
2023-12-04 00:00:00-05:00,30.70164344042411,30.80650795320921,30.34034409855428,30.507774353027344,99100,0.0,0.0,0.0
2023-12-05 00:00:00-05:00,29.98785553060931,30.181724618462958,29.87329958013288,29.9614200592041,148900,0.0,0.0,0.0
2023-12-06 00:00:00-05:00,29.9614156810252,29.9614156810252,29.767546621501104,29.899730682373047,130200,0.0,0.0,0.0
2023-12-07 00:00:00-05:00,29.996667454861292,30.30509247118173,29.974635655875307,30.146472930908203,129800,0.0,0.0,0.0
2023-12-08 00:00:00-05:00,29.90854293788231,30.062758804103353,29.803678434726727,29.829233169555664,68700,0.0,0.0,0.0
2023-12-11 00:00:00-05:00,29.274069536383816,29.697053866923262,29.266136206069874,29.547245025634766,101500,0.0,0.0,0.0
2023-12-12 00:00:00-05:00,29.68823753886711,29.95965490074802,29.68823753886711,29.84685707092285,236200,0.0,0.0,0.0
2023-12-13 00:00:00-05:00,30.067164444688522,30.490148782953202,29.943794432892247,30.30509376525879,104200,0.0,0.0,0.0
2023-12-14 00:00:00-05:00,30.419652961642125,30.446088432192028,29.855673846039604,30.04953956604004,63400,0.0,0.0,0.0
2023-12-15 00:00:00-05:00,29.78517425122079,29.952607859303164,29.67061494488769,29.811613082885742,75000,0.0,0.0,0.0
2023-12-18 00:00:00-05:00,30.540947639904935,30.693196376133283,30.285681130718572,30.39508056640625,85300,1.13,0.0,0.0
2023-12-19 00:00:00-05:00,30.404194460293773,30.613881630029503,30.404194460293773,30.59564781188965,100900,0.0,0.0,0.0
2023-12-20 00:00:00-05:00,30.422428338832855,31.608513345306974,30.39507935044138,31.31586456298828,113500,0.0,0.0,0.0
2023-12-21 00:00:00-05:00,32.127254773830266,32.4736868962037,32.06343466945061,32.32781982421875,154300,0.0,0.0,0.0
2023-12-22 00:00:00-05:00,32.45545509302871,32.64690846256663,32.45545509302871,32.601322174072266,105900,0.0,0.0,0.0
2023-12-26 00:00:00-05:00,32.57397110719026,32.7380719976241,32.57397110719026,32.67425537109375,130900,0.0,0.0,0.0
2023-12-27 00:00:00-05:00,32.87482274388319,33.16017521469916,32.87482274388319,33.14832305908203,79400,0.0,0.0,0.0
2023-12-28 00:00:00-05:00,33.12097363612162,33.286896857093,33.093621170539144,33.130088806152344,124500,0.0,0.0,0.0
2023-12-29 00:00:00-05:00,33.12097481851274,33.33065851415647,33.12097481851274,33.266841888427734,169700,0.0,0.0,0.0
2024-01-02 00:00:00-05:00,32.25488698483617,32.25488698483617,31.726116692386217,32.00873565673828,185500,0.0,0.0,0.0
2024-01-03 00:00:00-05:00,32.218421991510915,32.51015614998534,32.218421991510915,32.48280715942383,73000,0.0,0.0,0.0
2024-01-04 00:00:00-05:00,31.93580101004956,32.25488761690868,31.89933685082603,32.20930480957031,40700,0.0,0.0,0.0
2024-01-05 00:00:00-05:00,32.1910717105306,32.4372230489534,32.18195306221197,32.428104400634766,39200,0.0,0.0,0.0
2024-01-08 00:00:00-05:00,31.498201699350542,31.62127911210687,31.19735237057655,31.242935180664062,82700,0.0,0.0,0.0
2024-01-09 00:00:00-05:00,31.17911811827947,31.328629872401372,31.11165333452913,31.224700927734375,76900,0.0,0.0,0.0
2024-01-10 00:00:00-05:00,30.559180898448545,30.850915040096407,30.44978146476692,30.8144474029541,69900,0.0,0.0,0.0
2024-01-11 00:00:00-05:00,30.36773294776686,30.495366208121602,29.80249496941655,30.103347778320312,115000,0.0,0.0,0.0
2024-01-12 00:00:00-05:00,29.41047460746891,29.5918981457661,29.273726185106423,29.483409881591797,241500,0.0,0.0,0.0
2024-01-16 00:00:00-05:00,29.310194572565003,29.35030688771237,29.191676487953664,29.24637794494629,173100,0.0,0.0,0.0
2024-01-17 00:00:00-05:00,28.89082561216234,28.89082561216234,28.662908089873937,28.81789207458496,116900,0.0,0.0,0.0
2024-01-18 00:00:00-05:00,28.65379130361194,28.781424560203373,28.553507036934267,28.735841751098633,195600,0.0,0.0,0.0
2024-01-19 00:00:00-05:00,28.881707806847718,28.991107240384448,28.881707806847718,28.954641342163086,63400,0.0,0.0,0.0
2024-01-22 00:00:00-05:00,28.23442128061174,28.708490131632978,28.10678802798012,28.517040252685547,116700,0.0,0.0,0.0
2024-01-23 00:00:00-05:00,28.47145714328511,28.731282985756305,28.47145714328511,28.672025680541992,88100,0.0,0.0,0.0
2024-01-24 00:00:00-05:00,29.17344252097138,29.52443397109386,29.137887791317407,29.428709030151367,77000,0.0,0.0,0.0
2024-01-25 00:00:00-05:00,28.76319040068204,28.890825394635982,28.637381223047374,28.808774948120117,185700,0.0,0.0,0.0
2024-01-26 00:00:00-05:00,28.717607063879093,29.036691934585612,28.62735087882276,28.699373245239258,130000,0.0,0.0,0.0
2024-01-29 00:00:00-05:00,28.708492218668972,28.708492218668972,28.1842829366285,28.26177406311035,98700,0.0,0.0,0.0
2024-01-30 00:00:00-05:00,28.41675555860603,28.959198612945073,28.41675555860603,28.85435676574707,81800,0.0,0.0,0.0
2024-01-31 00:00:00-05:00,28.808775041771447,29.12785991938456,28.808775041771447,28.89994239807129,42300,0.0,0.0,0.0
2024-02-01 00:00:00-05:00,28.717608538810847,28.790542078243394,28.497896751196215,28.681140899658203,70000,0.0,0.0,0.0
2024-02-02 00:00:00-05:00,28.981991199300978,29.0822737205515,28.81789031505319,28.91817283630371,61900,0.0,0.0,0.0
2024-02-05 00:00:00-05:00,28.70849148925822,28.717608399001996,28.448665647615165,28.58085823059082,92200,0.0,0.0,0.0
2024-02-06 00:00:00-05:00,28.580858369733914,28.881709437252262,28.580858369733914,28.681140899658203,55600,0.0,0.0,0.0
2024-02-07 00:00:00-05:00,28.380287387872038,28.494246142100177,28.380287387872038,28.389404296875,50800,0.0,0.0,0.0
2024-02-08 00:00:00-05:00,28.15237091337033,28.16148782270813,27.942687215218903,27.997386932373047,89400,0.0,0.0,0.0
2024-02-09 00:00:00-05:00,27.45038640808904,27.67556867925289,27.359219053168545,27.559785842895508,96000,0.0,0.0,0.0
2024-02-12 00:00:00-05:00,27.16776768467464,27.204235322528458,26.97631780256014,27.04013442993164,166500,0.0,0.0,0.0
2024-02-13 00:00:00-05:00,26.721048236337133,26.885149120840605,26.593414987888917,26.803098678588867,87400,0.0,0.0,0.0
2024-02-14 00:00:00-05:00,26.803100103514396,26.881504134103295,26.644469703760507,26.7757511138916,61500,0.0,0.0,0.0
2024-02-15 00:00:00-05:00,27.35921871846318,27.532436516805756,27.231585466459514,27.27716827392578,66900,0.0,0.0,0.0
2024-02-16 00:00:00-05:00,26.812216600246956,27.05836793629881,26.812216600246956,26.939849853515625,66000,0.0,0.0,0.0
2024-02-20 00:00:00-05:00,26.019064407397394,26.47489943845448,26.019064407397394,26.21963119506836,155800,0.0,0.0,0.0
2024-02-21 00:00:00-05:00,26.18316310165467,26.429314431465478,26.18316310165467,26.374614715576172,300100,0.0,0.0,0.0
2024-02-22 00:00:00-05:00,25.94613062662671,26.155816074526136,25.84584809645507,26.028181076049805,110500,0.0,0.0,0.0
2024-02-23 00:00:00-05:00,25.83672993981724,26.15307956560211,25.819407290351137,26.055530548095703,116200,0.0,0.0,0.0
2024-02-26 00:00:00-05:00,26.174046648639063,26.55694814428192,26.174046648639063,26.21963119506836,117000,0.0,0.0,0.0
2024-02-27 00:00:00-05:00,26.31079740407666,26.7721011695324,26.23786387183631,26.69369888305664,120400,0.0,0.0,0.0
2024-02-28 00:00:00-05:00,27.31363563394876,27.571639137304672,27.03101838701242,27.076602935791016,137300,0.0,0.0,0.0
2024-02-29 00:00:00-05:00,26.848685009815203,26.914323976885267,26.739283833243913,26.885150909423828,96400,0.0,0.0,0.0
2024-03-01 00:00:00-05:00,26.81221590266804,26.99090419146787,26.728343120951525,26.903383255004883,82900,0.0,0.0,0.0
2024-03-04 00:00:00-05:00,26.65723271282926,27.217909598785567,26.602532995360338,27.031017303466797,132100,0.0,0.0,0.0
2024-03-05 00:00:00-05:00,27.942687410759632,28.12502212104628,27.80593724748098,27.82417106628418,144300,0.0,0.0,0.0
2024-03-06 00:00:00-05:00,27.979155104262865,28.042971731328883,27.4412696206026,27.47773551940918,50400,0.0,0.0,0.0
2024-03-07 00:00:00-05:00,27.915338762752633,27.915338762752633,27.518761023861057,27.751237869262695,70800,0.0,0.0,0.0
2024-03-08 00:00:00-05:00,27.340985429584652,27.495969412394057,27.304519530679737,27.38656997680664,103300,0.0,0.0,0.0
2024-03-11 00:00:00-04:00,26.63899959781008,26.812217403055932,26.63899959781008,26.711933135986328,93500,0.0,0.0,0.0
2024-03-12 00:00:00-04:00,26.556947663899408,26.976316789099833,26.54783249365108,26.903383255004883,76500,0.0,0.0,0.0
2024-03-13 00:00:00-04:00,26.1466988984906,26.439344223279907,25.99171491103311,26.00994873046875,70100,0.0,0.0,0.0
2024-03-14 00:00:00-04:00,25.736445178459206,27.094833348743308,25.58146119989672,26.912500381469727,885700,0.0,0.0,0.0
2024-03-15 00:00:00-04:00,27.34098560094113,27.54611171754399,27.113068080020778,27.313634872436523,160600,0.0,0.0,0.0
2024-03-18 00:00:00-04:00,27.787705027827894,28.04297328914506,27.62360412690063,27.723888397216797,58200,0.0,0.0,0.0
2024-03-19 00:00:00-04:00,27.277169481491203,27.865197113750433,27.150447393142514,27.778587341308594,62400,0.0,0.0,0.0
2024-03-20 00:00:00-04:00,27.50508679192835,28.11590582416109,27.50508679192835,27.76947021484375,39500,0.0,0.0,0.0
2024-03-21 00:00:00-04:00,27.65095341554762,27.924453743590067,27.56890296936035,27.56890296936035,85300,0.0,0.0,0.0
2024-03-22 00:00:00-04:00,28.134140140140143,28.26177339905142,27.979156151945272,28.05208969116211,57300,0.0,0.0,0.0
2024-03-25 00:00:00-04:00,28.15237149656294,29.073158492283476,28.079437959222336,28.72672462463379,73900,0.0,0.0,0.0
2024-03-26 00:00:00-04:00,28.197955773747818,28.33470593759078,27.851520170548124,28.097671508789062,93200,0.0,0.0,0.0
2024-03-27 00:00:00-04:00,27.723887557935214,28.179722607212508,27.723887557935214,28.125022888183594,49700,0.0,0.0,0.0
2024-03-28 00:00:00-04:00,27.9244544775903,28.121376596939495,27.860637848627807,28.042972564697266,54500,0.0,0.0,0.0
2024-04-01 00:00:00-04:00,27.933570184832,28.24718456142812,27.878870467914897,28.079437255859375,131100,0.0,0.0,0.0
2024-04-02 00:00:00-04:00,27.350102367431763,27.42303590419001,27.13130175715703,27.21335220336914,112700,0.0,0.0,0.0
2024-04-03 00:00:00-04:00,26.83956810019487,26.985435176374786,26.821334280954204,26.885150909423828,95500,0.0,0.0,0.0
2024-04-04 00:00:00-04:00,27.176884499152195,27.331868481743875,26.876033443400424,26.94896697998047,74900,0.0,0.0,0.0
2024-04-05 00:00:00-04:00,27.295402856107703,27.664628127983207,27.15865269101038,27.578020095825195,99600,0.0,0.0,0.0
2024-04-08 00:00:00-04:00,26.62076745585091,28.26177293045742,26.438432741395648,28.207073211669922,132300,0.0,0.0,0.0
2024-04-09 00:00:00-04:00,28.562623326459306,28.6683763455003,28.325588898740527,28.5352725982666,32200,0.0,0.0,0.0
2024-04-10 00:00:00-04:00,28.32559002850706,28.380289748201502,27.99738823259493,28.05208969116211,46200,0.0,0.0,0.0
2024-04-11 00:00:00-04:00,29.173443134014423,29.715887955166043,29.173443134014423,29.6292781829834,126500,0.0,0.0,0.0
2024-04-12 00:00:00-04:00,29.829846333491922,30.36773182346243,29.829846333491922,30.230979919433594,128900,0.0,0.0,0.0
2024-04-15 00:00:00-04:00,29.93924602999964,30.176278724262772,29.711328506469727,29.711328506469727,68100,0.0,0.0,0.0
2024-04-16 00:00:00-04:00,30.522712518018533,30.837239794657307,30.513597347827577,30.6959285736084,84800,0.0,0.0,0.0
2024-04-17 00:00:00-04:00,29.784259022966665,30.06687799196164,29.538111168570232,29.911895751953125,47300,0.0,0.0,0.0
2024-04-18 00:00:00-04:00,30.185398662345165,30.313031924535498,29.975714949068824,30.12158203125,102800,0.0,0.0,0.0
2024-04-19 00:00:00-04:00,29.829844598089895,29.966593016417775,29.366716749858526,29.446941375732422,33800,0.0,0.0,0.0
2024-04-22 00:00:00-04:00,28.909055927304102,29.04580782342565,28.818801484291374,28.91817283630371,39300,0.0,0.0,0.0
2024-04-23 00:00:00-04:00,28.82700878640487,29.100509115725824,28.42587346304448,28.991107940673828,127700,0.0,0.0,0.0
2024-04-24 00:00:00-04:00,28.92729183777747,29.19167700127284,28.840683804325224,29.100509643554688,112400,0.0,0.0,0.0
2024-04-25 00:00:00-04:00,29.528992568165965,29.72956109343757,29.46426477318131,29.565460205078125,94100,0.0,0.0,0.0
2024-04-26 00:00:00-04:00,29.30107633108981,29.437828236597728,29.000225268943268,29.364892959594727,30200,0.0,0.0,0.0
2024-04-29 00:00:00-04:00,28.7449579821826,28.991107579959735,28.599090909843316,28.8817081451416,46400,0.0,0.0,0.0
2024-04-30 00:00:00-04:00,29.492526277194536,29.756911440255443,29.455147469315516,29.6292781829834,71600,0.0,0.0,0.0
2024-05-01 00:00:00-04:00,29.14609114608307,29.499821312827343,29.14609114608307,29.474294662475586,35500,0.0,0.0,0.0
2024-05-02 00:00:00-04:00,30.340381330542737,30.869151684271216,30.30391716780798,30.86003303527832,114300,0.0,0.0,0.0
2024-05-03 00:00:00-04:00,31.00589927940202,31.08794972938702,30.54094904798402,30.723283767700195,45400,0.0,0.0,0.0
2024-05-06 00:00:00-04:00,30.723283068239553,31.242934747065423,30.723283068239553,31.224700927734375,36000,0.0,0.0,0.0
2024-05-07 00:00:00-04:00,30.750631265877274,30.750631265877274,30.440663300728616,30.48624610900879,96300,0.0,0.0,0.0
2024-05-08 00:00:00-04:00,30.71416217499358,30.825387421460587,30.630289394396847,30.759748458862305,30300,0.0,0.0,0.0
2024-05-09 00:00:00-04:00,30.996781342408898,31.334098283248807,30.97854752428982,31.29763412475586,123500,0.0,0.0,0.0
2024-05-10 00:00:00-04:00,30.878264273305582,30.878264273305582,30.540947321434547,30.650346755981445,18900,0.0,0.0,0.0
2024-05-13 00:00:00-04:00,30.048645761712343,30.276563287473657,29.948361493938098,30.167163848876953,43500,0.0,0.0,0.0
2024-05-14 00:00:00-04:00,30.38596595357019,30.60020550471526,30.23553955314766,30.33126449584961,27600,0.0,0.0,0.0
2024-05-15 00:00:00-04:00,30.35861447982591,30.367733128617278,30.229158880051006,30.285682678222656,67800,0.0,0.0,0.0
2024-05-16 00:00:00-04:00,30.449784550939246,30.978551432113537,30.449784550939246,30.960317611694336,184800,0.0,0.0,0.0
2024-05-17 00:00:00-04:00,30.54094751012609,31.081566501282897,30.54094751012609,30.83268165588379,55900,0.0,0.0,0.0
2024-05-20 00:00:00-04:00,31.49820130484625,32.145486242120214,31.49820130484625,31.844636917114258,85600,0.0,0.0,0.0
2024-05-21 00:00:00-04:00,32.20930490700846,32.4891868922129,32.20930490700846,32.227535247802734,38600,0.0,0.0,0.0
2024-05-22 00:00:00-04:00,32.10902169391512,32.51927045236237,32.10902169391512,32.44633865356445,83600,0.0,0.0,0.0
2024-05-23 00:00:00-04:00,32.52839009604799,32.71072481523963,32.22753728771997,32.4007568359375,148800,0.0,0.0,0.0
2024-05-24 00:00:00-04:00,32.22753811624465,32.57397374384058,32.072555861481966,32.537506103515625,81200,0.0,0.0,0.0
2024-05-28 00:00:00-04:00,32.03608536975526,32.36428714797681,32.03608536975526,32.227535247802734,60000,0.0,0.0,0.0
2024-05-29 00:00:00-04:00,31.99050473725607,32.01694255872505,31.808170017209125,31.96315574645996,25800,0.0,0.0,0.0
2024-05-30 00:00:00-04:00,32.18195355408445,32.61043961023006,32.063435468348246,32.09990310668945,80000,0.0,0.0,0.0
2024-05-31 00:00:00-04:00,32.1090222072565,32.191072655806806,31.680536145077625,31.76258659362793,69700,0.0,0.0,0.0
2024-06-03 00:00:00-04:00,32.209303930066774,32.437221438280396,31.780817901746705,31.817285537719727,163300,0.0,0.0,0.0
2024-06-04 00:00:00-04:00,31.005897718132,31.124415801641486,30.814447837055766,30.83268165588379,187200,0.0,0.0,0.0
2024-06-05 00:00:00-04:00,30.45889811083637,30.71234228908713,30.26744822318194,30.440664291381836,164000,0.0,0.0,0.0
2024-06-06 00:00:00-04:00,30.440662816608697,30.8144474029541,30.340378553340003,30.8144474029541,43300,0.0,0.0,0.0
2024-06-07 00:00:00-04:00,30.449782939981834,30.72328327630894,30.440664291381836,30.440664291381836,48900,0.0,0.0,0.0
2024-06-10 00:00:00-04:00,30.085113152725135,30.449782582038154,29.93924607654901,30.33126449584961,122500,0.0,0.0,0.0
2024-06-11 00:00:00-04:00,30.221863467424182,30.27656144452031,30.012176296071573,30.07599639892578,43600,0.0,0.0,0.0
2024-06-12 00:00:00-04:00,30.69593189114524,30.705050540066924,30.267449290956765,30.303916931152344,27700,0.0,0.0,0.0
2024-06-13 00:00:00-04:00,30.568295317536776,30.664934901363157,30.29479500118231,30.340377807617188,201000,0.0,0.0,0.0
2024-06-14 00:00:00-04:00,29.720442930655494,29.82984584317846,29.52899305035829,29.592809677124023,39600,0.0,0.0,0.0
2024-06-17 00:00:00-04:00,29.41959416972909,29.592810234535172,29.337543722664023,29.528993606567383,66600,0.0,0.0,0.0
2024-06-18 00:00:00-04:00,29.620163012212007,29.921923505406504,29.620163012212007,29.6292781829834,127400,0.0,0.0,0.0
2024-06-20 00:00:00-04:00,29.829846668721228,30.039530373575268,29.487970382552493,29.620162963867188,58300,0.0,0.0,0.0
2024-06-21 00:00:00-04:00,29.173443755233308,29.30107701522317,29.091393305561894,29.219026565551758,155300,0.0,0.0,0.0
2024-06-24 00:00:00-04:00,29.036692600444887,29.310194669696326,28.98199288214368,29.26460838317871,56200,0.0,0.0,0.0
2024-06-25 00:00:00-04:00,29.228144237864182,29.519878387451172,29.228144237864182,29.519878387451172,24100,0.0,0.0,0.0
2024-06-26 00:00:00-04:00,29.301076763557727,29.531731276625905,29.282842944037853,29.383127212524414,17900,0.0,0.0,0.0
2024-06-27 00:00:00-04:00,29.565460398839303,29.59280938783002,29.328424235102087,29.392244338989258,31500,0.0,0.0,0.0
2024-06-28 00:00:00-04:00,29.756910396993547,29.775144215642488,29.507114384768183,29.66574478149414,275500,0.0,0.0,0.0
2024-07-01 00:00:00-04:00,29.747798275056493,29.939248173871956,29.7386796259249,29.902780532836914,45200,0.0,0.0,0.0
2024-07-02 00:00:00-04:00,30.10334429874058,30.714161539191114,30.10334429874058,30.559179306030273,55000,0.0,0.0,0.0
2024-07-03 00:00:00-04:00,30.60476394806568,30.650346755981445,30.540947321434547,30.650346755981445,14900,0.0,0.0,0.0
2024-07-05 00:00:00-04:00,30.431546611517025,30.495363235473636,30.349496169609214,30.495363235473633,33500,0.0,0.0,0.0
2024-07-08 00:00:00-04:00,30.194510445572142,30.195421614807614,30.003060573767772,30.139812469482422,30100,0.0,0.0,0.0
2024-07-09 00:00:00-04:00,29.857195334382016,30.085112856018522,29.811612525603792,29.875429153442383,167000,0.0,0.0,0.0
2024-07-10 00:00:00-04:00,29.374010569069448,29.55634179963665,29.255492487004524,29.40135955810547,55200,0.0,0.0,0.0
2024-07-11 00:00:00-04:00,29.456060458403776,29.62016134501568,29.456060458403776,29.46517562866211,80700,0.0,0.0,0.0
2024-07-12 00:00:00-04:00,29.264608677784036,29.834402487536416,29.264608677784036,29.720443725585938,45600,0.0,0.0,0.0
2024-07-15 00:00:00-04:00,29.16432670658587,29.24181957040571,29.10051007689468,29.118743896484375,58800,0.0,0.0,0.0
2024-07-16 00:00:00-04:00,28.845240480772958,29.164325353295414,28.845240480772958,29.0549259185791,65400,0.0,0.0,0.0
2024-07-17 00:00:00-04:00,28.799659512493246,28.863476143299778,28.54439125039435,28.790542602539062,85100,0.0,0.0,0.0
2024-07-18 00:00:00-04:00,28.817892807607876,28.94370198938992,28.65379190916646,28.681140899658203,52500,0.0,0.0,0.0
2024-07-19 00:00:00-04:00,28.635557174682617,28.84980020067747,28.37482017078819,28.635557174682617,40800,0.0,0.0,0.0
2024-07-22 00:00:00-04:00,28.42587418503282,28.489690814237076,28.197956658518926,28.31647300720215,42300,0.0,0.0,0.0
2024-07-23 00:00:00-04:00,28.37117318142865,28.608205868066616,28.37117318142865,28.517040252685547,51500,0.0,0.0,0.0
2024-07-24 00:00:00-04:00,28.854358742124596,29.437828797150022,28.854358742124596,29.301076889038086,85800,0.0,0.0,0.0
2024-07-25 00:00:00-04:00,28.92729199513626,29.08227598243839,28.726725198163457,28.84524154663086,63500,0.0,0.0,0.0
2024-07-26 00:00:00-04:00,28.918174138631638,29.15520856667854,28.918174138631638,28.972875595092773,74400,0.0,0.0,0.0
2024-07-29 00:00:00-04:00,28.981992647354257,29.140623046353554,28.89082529167568,29.073158264160156,123200,0.0,0.0,0.0
2024-07-30 00:00:00-04:00,28.8999440003811,28.95464372164467,28.65379264638587,28.799659729003906,62400,0.0,0.0,0.0
2024-07-31 00:00:00-04:00,28.854358267501066,29.310195055588245,28.81789236777772,29.273727416992188,115000,0.0,0.0,0.0
2024-08-01 00:00:00-04:00,29.647509934981393,30.057762145996094,29.647509934981393,30.057762145996094,62400,0.0,0.0,0.0
2024-08-02 00:00:00-04:00,29.893661667711324,30.148928167923874,29.80249257638882,29.82072639465332,125700,0.0,0.0,0.0
2024-08-05 00:00:00-04:00,29.036691832256082,29.41503400389976,28.909056841099687,29.392244338989258,70300,0.0,0.0,0.0
2024-08-06 00:00:00-04:00,29.456063280598748,29.811614076408237,29.456063280598748,29.76603126525879,50100,0.0,0.0,0.0
2024-08-07 00:00:00-04:00,29.738675233433263,30.08511081660524,29.738675233433263,29.957477569580078,30100,0.0,0.0,0.0
2024-08-08 00:00:00-04:00,30.039529536868105,30.103346163622447,29.74779539234958,29.948360443115234,52000,0.0,0.0,0.0
2024-08-09 00:00:00-04:00,29.775144215642488,29.784259386094305,29.583694336446555,29.66574478149414,77000,0.0,0.0,0.0
2024-08-12 00:00:00-04:00,30.413316373993485,30.568298628206307,30.167165019291726,30.303916931152344,47100,0.0,0.0,0.0
2024-08-13 00:00:00-04:00,30.06687828245353,30.203630183101907,29.866309755567993,30.11246109008789,47400,0.0,0.0,0.0
2024-08-14 00:00:00-04:00,30.148930894994894,30.349499436301265,30.030412804427897,30.203632354736328,56900,0.0,0.0,0.0
2024-08-15 00:00:00-04:00,30.203631362948318,30.322145971878133,30.06687945695799,30.24921417236328,15900,0.0,0.0,0.0
2024-08-16 00:00:00-04:00,30.22186505815387,30.349498315089804,30.17627877118068,30.33126449584961,24700,0.0,0.0,0.0
2024-08-19 00:00:00-04:00,30.540947321434547,30.668580574696815,30.540947321434547,30.650346755981445,33200,0.0,0.0,0.0
2024-08-20 00:00:00-04:00,30.73239893870052,30.81444938868552,30.54094904798402,30.723283767700195,78900,0.0,0.0,0.0
2024-08-21 00:00:00-04:00,30.513597461113108,30.70504733554088,30.176277041126784,30.25832748413086,74100,0.0,0.0,0.0
2024-08-22 00:00:00-04:00,29.921012503725283,30.34037991646719,29.893663513512468,30.167163848876953,38500,0.0,0.0,0.0
2024-08-23 00:00:00-04:00,29.975713715029396,30.340379666596995,29.975713715029396,30.33126449584961,30800,0.0,0.0,0.0
2024-08-26 00:00:00-04:00,29.921010249742796,30.185395394368403,29.921010249742796,30.057762145996094,29900,0.0,0.0,0.0
2024-08-27 00:00:00-04:00,30.230978383474966,30.732396209862646,30.230978383474966,30.6959285736084,62100,0.0,0.0,0.0
2024-08-28 00:00:00-04:00,30.595648343433748,30.595648343433748,30.221863759435912,30.276561737060547,33900,0.0,0.0,0.0
2024-08-29 00:00:00-04:00,30.34949744614464,30.586530133989758,30.139813747504068,30.294795989990234,95700,0.0,0.0,0.0
2024-08-30 00:00:00-04:00,30.158049543824575,30.349499436301265,30.148930894994894,30.203632354736328,26000,0.0,0.0,0.0
2024-09-03 00:00:00-04:00,29.738677062031122,29.85719514630424,29.647511445048952,29.69309425354004,69600,0.0,0.0,0.0
2024-09-04 00:00:00-04:00,29.45606256828803,29.535376031775897,29.273727850353914,29.291961669921875,21100,0.0,0.0,0.0
2024-09-05 00:00:00-04:00,29.337543298236053,29.337543298236053,29.02757533355739,29.155208587646484,42200,0.0,0.0,0.0
2024-09-06 00:00:00-04:00,29.291961486813847,29.291961486813847,29.082276040838565,29.10962677001953,33200,0.0,0.0,0.0
2024-09-09 00:00:00-04:00,29.173442406479975,29.26005217650272,29.054926061807624,29.155208587646484,66500,0.0,0.0,0.0
2024-09-10 00:00:00-04:00,28.86347561767594,28.936409157108486,28.63555808959014,28.681140899658203,38900,0.0,0.0,0.0
2024-09-11 00:00:00-04:00,28.754075371752403,28.963759074382736,28.744958462219863,28.9090576171875,43700,0.0,0.0,0.0
2024-09-12 00:00:00-04:00,28.635557051921506,28.77504246276762,28.59909115296302,28.717607498168945,50600,0.0,0.0,0.0
2024-09-13 00:00:00-04:00,28.544388476269397,28.927289962768555,28.544388476269397,28.927289962768555,72700,0.0,0.0,0.0
2024-09-16 00:00:00-04:00,28.66290836933234,28.854358255262305,28.480573654174805,28.480573654174805,28000,0.0,0.0,0.0
2024-09-17 00:00:00-04:00,28.589973811145548,29.036691934585612,28.56262308318579,28.699373245239258,71100,0.0,0.0,0.0
2024-09-18 00:00:00-04:00,28.690257669770666,28.79965884782325,28.50792469151334,28.58085823059082,32300,0.0,0.0,0.0
2024-09-19 00:00:00-04:00,28.471456187868938,28.672024718395342,28.290945553718778,28.544389724731445,46200,0.0,0.0,0.0
2024-09-20 00:00:00-04:00,28.62643992607688,28.790540817331323,28.62643992607688,28.7084903717041,45000,0.0,0.0,0.0
2024-09-23 00:00:00-04:00,28.59909226686855,28.854358786138352,28.50792490761244,28.589975357055664,25500,0.0,0.0,0.0
2024-09-24 00:00:00-04:00,28.407639560473328,28.60000235081772,28.362056752011515,28.544389724731445,13600,0.0,0.0,0.0
2024-09-25 00:00:00-04:00,28.45322346150616,28.79054216924333,28.45322346150616,28.772308349609375,36200,0.0,0.0,0.0
2024-09-26 00:00:00-04:00,28.85435799189314,29.12786006213304,28.85435799189314,29.000225067138672,77300,0.0,0.0,0.0
2024-09-27 00:00:00-04:00,29.04580949140507,29.173442746983863,28.97287595409252,29.082275390625,47900,0.0,0.0,0.0
2024-09-30 00:00:00-04:00,29.082274497429612,29.082274497429612,28.854356982968763,28.863473892211914,32400,0.0,0.0,0.0
2024-10-01 00:00:00-04:00,28.152373097860018,28.526159454223222,28.143257926687582,28.270891189575195,71100,0.0,0.0,0.0
2024-10-02 00:00:00-04:00,28.152371443929304,28.179722172458153,28.04297200755928,28.106788635253906,8400,0.0,0.0,0.0
2024-10-03 00:00:00-04:00,28.07943803019311,28.334706280966756,28.006504492668167,28.024738311767578,34100,0.0,0.0,0.0
2024-10-04 00:00:00-04:00,28.079437377540586,28.16148782270813,27.942687215218903,27.997386932373047,21500,0.0,0.0,0.0
2024-10-07 00:00:00-04:00,27.824172253928197,28.28912422001971,27.824172253928197,28.14325714111328,75200,0.0,0.0,0.0
2024-10-08 00:00:00-04:00,27.778587683684425,27.796821503251937,27.660071334241064,27.70565414428711,84700,0.0,0.0,0.0
2024-10-09 00:00:00-04:00,28.18883960909446,28.352940505590848,27.970038993390187,28.216190338134766,30900,0.0,0.0,0.0
2024-10-10 00:00:00-04:00,28.86347510067653,28.94552554842756,28.672025215172606,28.827009201049805,50100,0.0,0.0,0.0
2024-10-11 00:00:00-04:00,28.77230718764482,29.000224707246602,28.77230718764482,28.890825271606445,53000,0.0,0.0,0.0
2024-10-14 00:00:00-04:00,29.109625657578007,29.355776994181696,29.109625657578007,29.237258911132812,42700,0.0,0.0,0.0
2024-10-15 00:00:00-04:00,29.219026132028016,29.237259951433963,28.91817506732082,29.20079231262207,90600,0.0,0.0,0.0
2024-10-16 00:00:00-04:00,28.754076129624764,28.854358659380466,28.65379186099632,28.672025680541992,56400,0.0,0.0,0.0
2024-10-17 00:00:00-04:00,28.662907590959893,28.694815904415048,28.47145597135629,28.5352725982666,17200,0.0,0.0,0.0
2024-10-18 00:00:00-04:00,28.526157400544573,28.763190089164695,28.46233903482244,28.7084903717041,22100,0.0,0.0,0.0
2024-10-21 00:00:00-04:00,28.407638332412617,28.57082804873186,28.371172434994122,28.398521423339844,17900,0.0,0.0,0.0
2024-10-22 00:00:00-04:00,28.325590042500085,28.558066894343604,28.207073693291456,28.23442268371582,83600,0.0,0.0,0.0
2024-10-23 00:00:00-04:00,28.571740396389416,28.945524989426524,28.571740396389416,28.890825271606445,51800,0.0,0.0,0.0
2024-10-24 00:00:00-04:00,29.42870915320818,29.60010287833791,29.209910280923385,29.34665870666504,65600,0.0,0.0,0.0
2024-10-25 00:00:00-04:00,29.24637787053843,29.4150346097822,29.24637787053843,29.337543487548828,28900,0.0,0.0,0.0
2024-10-28 00:00:00-04:00,28.845241528569765,29.264608941670154,28.845241528569765,29.20079231262207,41000,0.0,0.0,0.0
2024-10-29 00:00:00-04:00,29.35577778884206,29.58369531285831,29.302898669691256,29.364892959594727,32400,0.0,0.0,0.0
2024-10-30 00:00:00-04:00,29.118743554875444,29.263697723956582,28.945525748550935,29.19167709350586,86000,0.0,0.0,0.0
2024-10-31 00:00:00-04:00,28.927291777694812,29.027576044863757,28.68114043402888,28.836124420166016,27600,0.0,0.0,0.0
2024-11-01 00:00:00-04:00,28.808775988877287,28.94461498906658,28.7631914397924,28.772308349609375,39600,0.0,0.0,0.0
2024-11-04 00:00:00-05:00,29.246377993421305,29.392245067898042,29.157032975734335,29.2554931640625,52500,0.0,0.0,0.0
2024-11-05 00:00:00-05:00,29.00022480164187,29.05492625851268,28.827008738169027,28.981992721557617,47400,0.0,0.0,0.0
2024-11-06 00:00:00-05:00,28.35293902834824,28.945524215698242,28.35293902834824,28.945524215698242,159600,0.0,0.0,0.0
2024-11-07 00:00:00-05:00,29.21902534643673,29.793378470172705,29.21902534643673,29.683979034423828,66100,0.0,0.0,0.0
2024-11-08 00:00:00-05:00,30.003061415250322,30.130694666699576,29.875428163801068,29.921010971069336,95400,0.0,0.0,0.0
2024-11-11 00:00:00-05:00,29.775146964794992,29.84808224612491,29.683981340878226,29.8024959564209,33700,0.0,0.0,0.0
2024-11-12 00:00:00-05:00,29.565462183913894,29.715888587935737,29.118744035076617,29.219026565551758,76000,0.0,0.0,0.0
2024-11-13 00:00:00-05:00,28.626440142463714,28.854357662290454,28.62188255717116,28.717607498168945,54900,0.0,0.0,0.0
2024-11-14 00:00:00-05:00,28.899943082011056,29.237260047768853,28.75407600402832,28.75407600402832,77100,0.0,0.0,0.0
2024-11-15 00:00:00-05:00,28.480574903997077,28.79054289004368,28.270891189575195,28.270891189575195,94900,0.0,0.0,0.0
2024-11-18 00:00:00-05:00,28.945525083643744,29.091392157553866,28.936408174165276,28.981992721557617,43200,0.0,0.0,0.0
2024-11-19 00:00:00-05:00,28.608206446191993,28.681139983294308,28.544389818586552,28.635557174682617,73300,0.0,0.0,0.0
2024-11-20 00:00:00-05:00,28.626439250442427,28.713049018156276,28.37117274906929,28.49880599975586,68100,0.0,0.0,0.0
2024-11-21 00:00:00-05:00,29.15520791079749,29.173441729207678,28.84979927735371,28.945524215698242,76500,0.0,0.0,0.0
2024-11-22 00:00:00-05:00,28.425872465238875,28.50154124639523,28.270888487031204,28.49880599975586,15300,0.0,0.0,0.0
2024-11-25 00:00:00-05:00,28.854357633811276,29.08227515341306,28.699373650927157,28.890825271606445,24300,0.0,0.0,0.0
2024-11-26 00:00:00-05:00,28.60820608584341,28.763190067592742,28.471455922858155,28.52615737915039,96500,0.0,0.0,0.0
2024-11-27 00:00:00-05:00,28.261772608725746,28.52068727431056,28.20707289056095,28.462339401245117,37000,0.0,0.0,0.0
2024-11-29 00:00:00-05:00,28.307355725327334,28.59453229184377,28.234422187356635,28.562623977661133,62300,0.0,0.0,0.0
2024-12-02 00:00:00-05:00,28.34382305540928,28.571740576447393,28.307355417384294,28.462339401245117,53200,0.0,0.0,0.0
2024-12-03 00:00:00-05:00,28.498808724087535,28.621884401388932,27.769471570324377,28.270891189575195,122100,0.0,0.0,0.0
2024-12-04 00:00:00-05:00,27.733004191800536,28.143256427619523,27.5324373981072,27.851520538330078,45200,0.0,0.0,0.0
2024-12-05 00:00:00-05:00,27.277169251566455,27.84240547431908,27.277169251566455,27.58713722229004,51700,0.0,0.0,0.0
2024-12-06 00:00:00-05:00,27.286286795098903,28.207073819067613,27.258936065679844,28.152372360229492,405400,0.0,0.0,0.0
2024-12-09 00:00:00-05:00,27.733003520899775,27.814142796806546,27.518760498613513,27.641836166381836,32600,0.0,0.0,0.0
2024-12-10 00:00:00-05:00,27.88798823883768,28.216190028225686,27.88798823883768,28.11590576171875,61600,0.0,0.0,0.0
2024-12-11 00:00:00-05:00,28.061206259504406,28.252656145541966,28.000123138734857,28.125022888183594,102000,0.0,0.0,0.0
2024-12-12 00:00:00-05:00,27.50508644537989,27.50508644537989,27.15865257930013,27.304519653320312,51000,0.0,0.0,0.0
2024-12-13 00:00:00-05:00,27.222470014137045,27.31363563394876,26.99455248686228,27.076602935791016,55300,0.0,0.0,0.0
2024-12-16 00:00:00-05:00,26.775750124582963,26.93984927287467,26.775750124582963,26.821332931518555,59700,0.0,0.0,0.0
2024-12-17 00:00:00-05:00,26.78405159393497,27.0097062043571,26.538776389333727,26.76443099975586,38100,2.082,0.0,0.0
2024-12-18 00:00:00-05:00,26.75461861883522,26.872349664062632,26.44066666982716,26.4700984954834,261000,0.0,0.0,0.0
2024-12-19 00:00:00-05:00,26.872349680841126,27.323657011297918,26.872349680841126,27.26479148864746,97900,0.0,0.0,0.0
2024-12-20 00:00:00-05:00,27.186302522498256,27.411957130784895,27.161775376530503,27.20592498779297,55500,0.0,0.0,0.0
2024-12-23 00:00:00-05:00,27.578744126488125,27.79949030976465,27.578744126488125,27.64742088317871,71400,0.0,0.0,0.0
2024-12-24 00:00:00-05:00,27.676853516953074,27.706287215522487,27.65723292254146,27.696475982666016,40500,0.0,0.0,0.0
2024-12-26 00:00:00-05:00,27.647421477887644,27.765152528660735,27.480634263208,27.568933486938477,44600,0.0,0.0,0.0
2024-12-27 00:00:00-05:00,27.980995139053707,28.451923071819802,27.980995139053707,28.206647872924805,57100,0.0,0.0,0.0
2024-12-30 00:00:00-05:00,28.049672776263645,28.402869672581343,28.049672776263645,28.373435974121094,57000,0.0,0.0,0.0
2024-12-31 00:00:00-05:00,28.559844427241956,28.80021307144532,28.559844427241956,28.75606346130371,48300,0.0,0.0,0.0
2025-01-02 00:00:00-05:00,28.7658751600777,29.158315105865004,28.7658751600777,29.011150360107422,22500,0.0,0.0,0.0
2025-01-03 00:00:00-05:00,29.187748089678074,29.433023283708984,29.187748089678074,29.4232120513916,14500,0.0,0.0,0.0
2025-01-06 00:00:00-05:00,28.971907806411235,29.172050965907165,28.942474108225927,29.040584564208984,41700,0.0,0.0,0.0
2025-01-07 00:00:00-05:00,28.74625248339403,28.91303969303876,28.6579532623291,28.6579532623291,32900,0.0,0.0,0.0
2025-01-08 00:00:00-05:00,28.108537797438537,28.265513777140082,27.82401953596747,28.00061798095703,28500,0.0,0.0,0.0
2025-01-10 00:00:00-05:00,27.980995560682885,28.716821168455606,27.980995560682885,28.118349075317383,77800,0.0,0.0,0.0
2025-01-13 00:00:00-05:00,28.46173422406208,28.908135009939958,28.46173422406208,28.883607864379883,40400,0.0,0.0,0.0
2025-01-14 00:00:00-05:00,28.64814343022388,29.0405833666719,28.46173375867311,28.628520965576172,87700,0.0,0.0,0.0
2025-01-15 00:00:00-05:00,28.64814398396517,29.000358436083726,28.618710286424683,28.775686264038086,16900,0.0,0.0,0.0
2025-01-16 00:00:00-05:00,28.677576233772257,28.89341960965464,28.334190575933157,28.687387466430664,31900,0.0,0.0,0.0
2025-01-17 00:00:00-05:00,29.168127016398238,29.168127016398238,28.903229345096623,29.050395965576172,25700,0.0,0.0,0.0
2025-01-21 00:00:00-05:00,29.030772738996678,29.344724694694037,28.996434360798606,29.11907196044922,87800,0.0,0.0,0.0
2025-01-22 00:00:00-05:00,29.0994494124413,29.0994494124413,28.893419143840195,29.001338958740234,13600,0.0,0.0,0.0
2025-01-23 00:00:00-05:00,29.433024260332722,29.580189007374127,29.22699398873501,29.482078552246094,33600,0.0,0.0,0.0
2025-01-24 00:00:00-05:00,29.482077839002365,29.90395147593585,29.482077839002365,29.894140243530273,25900,0.0,0.0,0.0
2025-01-27 00:00:00-05:00,29.325102316737265,29.560566284209646,28.97190730117933,29.011150360107422,58300,0.0,0.0,0.0
2025-01-28 00:00:00-05:00,29.040584311121876,29.619433937945857,29.040584311121876,29.482078552246094,60000,0.0,0.0,0.0
2025-01-29 00:00:00-05:00,29.894140624251357,30.365070429210306,29.894140624251357,30.25714874267578,24400,0.0,0.0,0.0
2025-01-30 00:00:00-05:00,30.41412399108843,30.443557687974053,30.051115881370645,30.10017204284668,63400,0.0,0.0,0.0
2025-01-31 00:00:00-05:00,29.540946147059135,30.793810436048755,29.0013395758714,30.404314041137695,38900,0.0,0.0,0.0
2025-02-03 00:00:00-05:00,29.26623646031391,29.83527484306817,29.206388503784208,29.560565948486328,31900,0.0,0.0,0.0
2025-02-04 00:00:00-05:00,29.639053344726562,29.913762233821224,29.540944764829593,29.639053344726562,30400,0.0,0.0,0.0
2025-02-05 00:00:00-05:00,29.923574658492953,30.286582781001336,29.707733154296875,29.707733154296875,36100,0.0,0.0,0.0
2025-02-06 00:00:00-05:00,29.92357453459186,29.992251291492554,29.68811056608893,29.81565284729004,66600,0.0,0.0,0.0
2025-02-07 00:00:00-05:00,29.815652376572018,30.070738806248308,29.78622055053711,29.78622055053711,38200,0.0,0.0,0.0
2025-02-10 00:00:00-05:00,29.90395265634345,30.14137962454714,29.90395265634345,29.962820053100586,17300,0.0,0.0,0.0
2025-02-11 00:00:00-05:00,30.002063112970692,30.03149681134926,29.766599139846097,29.962820053100586,36500,0.0,0.0,0.0
2025-02-12 00:00:00-05:00,29.85489756195953,29.85489756195953,29.43302391970226,29.6881103515625,31200,0.0,0.0,0.0
2025-02-13 00:00:00-05:00,29.246613477654375,29.325101464530924,29.070015039356836,29.187747955322266,18700,0.0,0.0,0.0
2025-02-14 00:00:00-05:00,29.501700303813514,29.923573940746998,29.501700303813514,29.894140243530273,17500,0.0,0.0,0.0
2025-02-18 00:00:00-05:00,28.550033569335938,28.687387082110963,28.172309537903356,28.550033569335938,24600,0.0,0.0,0.0
2025-02-19 00:00:00-05:00,28.216458718921437,28.27532424188553,27.822055785329415,27.843639373779297,46400,0.0,0.0,0.0
2025-02-20 00:00:00-05:00,27.667042756557677,27.774962569919794,27.549309839533915,27.725908279418945,41900,0.0,0.0,0.0
2025-02-21 00:00:00-05:00,27.912318000391842,28.206647486513223,27.912318000391842,28.069293975830078,29700,0.0,0.0,0.0
2025-02-24 00:00:00-05:00,27.931939397383932,28.245893228593374,27.931939397383932,28.118349075317383,39600,0.0,0.0,0.0
2025-02-25 00:00:00-05:00,27.980995780874693,27.980995780874693,27.519877198742268,27.67685317993164,177400,0.0,0.0,0.0
2025-02-26 00:00:00-05:00,27.510066528513143,27.608175108613,27.392333612571615,27.598363876342773,22500,0.0,0.0,0.0
2025-02-27 00:00:00-05:00,27.66704410873546,28.07910653150561,27.66704410873546,27.922128677368164,30900,0.0,0.0,0.0
2025-02-28 00:00:00-05:00,27.657231133019273,27.657231133019273,27.294223026023104,27.362899780273438,16500,0.0,0.0,0.0
2025-03-03 00:00:00-05:00,27.44138920814758,27.80439733421132,27.44138920814758,27.67685317993164,28900,0.0,0.0,0.0
2025-03-04 00:00:00-05:00,27.02932599198873,27.1990567578571,26.84291818939108,27.058759689331055,47000,0.0,0.0,0.0
2025-03-05 00:00:00-05:00,27.45119916859761,27.61308169430333,27.343279356095017,27.372711181640625,48700,0.0,0.0,0.0
2025-03-06 00:00:00-05:00,27.15686955003808,27.264791233304223,27.09996515160487,27.13724708557129,14900,0.0,0.0,0.0
2025-03-07 00:00:00-05:00,27.647420327711536,27.86326182601707,27.470821887597356,27.500255584716797,83400,0.0,0.0,0.0
2025-03-10 00:00:00-04:00,27.62779816609001,27.814207840622576,27.43157725907665,27.51987648010254,57000,0.0,0.0,0.0
2025-03-11 00:00:00-04:00,27.156870776603544,27.441389039017718,27.156870776603544,27.323657989501953,95600,0.0,0.0,0.0
2025-03-12 00:00:00-04:00,26.999894919566742,27.81420852242098,26.999894919566742,27.55912208557129,105600,0.0,0.0,0.0
2025-03-13 00:00:00-04:00,27.667042368806314,28.157592752144716,27.568931917878395,27.58855438232422,47400,0.0,0.0,0.0
2025-03-14 00:00:00-04:00,27.86326229885405,28.030049509425446,27.755342483520508,27.755342483520508,32800,0.0,0.0,0.0
2025-03-17 00:00:00-04:00,27.627798463929732,27.91231859503623,27.61798723134317,27.765151977539062,82400,0.0,0.0,0.0
2025-03-18 00:00:00-04:00,27.96137263550962,28.451923032623824,27.941750170512748,28.432300567626953,26900,0.0,0.0,0.0
2025-03-19 00:00:00-04:00,28.893419226204397,29.18774871684536,28.863985528619796,29.11907196044922,26300,0.0,0.0,0.0
2025-03-20 00:00:00-04:00,28.91304075635889,28.922851989204844,28.618711256185556,28.834552764892578,50300,0.0,0.0,0.0
2025-03-21 00:00:00-04:00,28.550034252625125,28.559845485386905,28.216459823929814,28.363624572753906,45500,0.0,0.0,0.0
2025-03-24 00:00:00-04:00,28.167403905771653,28.608900027395574,28.030050388511466,28.491168975830078,52200,0.0,0.0,0.0
2025-03-25 00:00:00-04:00,28.451923071819802,28.530411060614153,28.17721417538895,28.206647872924805,120200,0.0,0.0,0.0
2025-03-26 00:00:00-04:00,28.27532505527146,28.55984518850153,28.049672318000134,28.118349075317383,55300,0.0,0.0,0.0
2025-03-27 00:00:00-04:00,27.833831032422317,27.833831032422317,27.57383804314511,27.67685317993164,22200,0.0,0.0,0.0
2025-03-28 00:00:00-04:00,27.833830687472297,27.941750503639202,27.717078329259856,27.882884979248047,19200,0.0,0.0,0.0
2025-03-31 00:00:00-04:00,27.5885559959339,27.824019969152094,27.353090151414392,27.686664581298828,38100,0.0,0.0,0.0
2025-04-01 00:00:00-04:00,27.922127025025684,28.196835914383158,27.91231766406757,28.049671173095703,55800,0.0,0.0,0.0
2025-04-02 00:00:00-04:00,27.716098279689096,27.912319193021577,27.578744763137145,27.686664581298828,39000,0.0,0.0,0.0
2025-04-03 00:00:00-04:00,27.21573672623514,27.38252394173732,26.972424514483187,27.23535919189453,58900,0.0,0.0,0.0
2025-04-04 00:00:00-04:00,26.215013034014962,26.460288237118288,26.09728198445409,26.18558120727539,99100,0.0,0.0,0.0
2025-04-07 00:00:00-04:00,25.744083825406616,26.636885371032783,25.655784606933594,25.655784606933594,131100,0.0,0.0,0.0
2025-04-08 00:00:00-04:00,25.891249546994047,26.10709292090872,25.636163114104786,25.940305709838867,56100,0.0,0.0,0.0
2025-04-09 00:00:00-04:00,24.429409738933913,25.60673145676499,24.429409738933913,25.381078720092773,408500,0.0,0.0,0.0
2025-04-10 00:00:00-04:00,25.263345463627747,25.439943906082664,24.988636567442175,25.3614559173584,58100,0.0,0.0,0.0
2025-04-11 00:00:00-04:00,26.06784749332159,26.607454046512622,26.06784749332159,26.479909896850586,53900,0.0,0.0,0.0
2025-04-14 00:00:00-04:00,26.80367304411341,26.97046025177654,26.78405057937628,26.931217193603516,47600,0.0,0.0,0.0
2025-04-15 00:00:00-04:00,26.980271399031505,27.019516328381957,26.772278138857292,26.81348419189453,118000,0.0,0.0,0.0
2025-04-16 00:00:00-04:00,27.039138110519726,27.225547790527344,26.94102765413144,27.225547790527344,125500,0.0,0.0,0.0
2025-04-17 00:00:00-04:00,26.950837919109183,27.16668128967285,26.90668830888491,27.16668128967285,17000,0.0,0.0,0.0
2025-04-21 00:00:00-04:00,27.41195708505008,27.41195708505008,27.041100725324387,27.088193893432617,34700,0.0,0.0,0.0
2025-04-22 00:00:00-04:00,26.734996964405,26.784051256186146,26.479910530280208,26.744808197021484,23500,0.0,0.0,0.0
2025-04-23 00:00:00-04:00,26.91159528098052,27.200039530370045,26.91159528098052,27.07838249206543,24400,0.0,0.0,0.0
2025-04-24 00:00:00-04:00,26.793861943045375,27.16668128967285,26.78307014877744,27.16668128967285,8200,0.0,0.0,0.0
2025-04-25 00:00:00-04:00,27.274600849671515,27.318750459484665,27.098984843562295,27.26479148864746,7900,0.0,0.0,0.0
2025-04-28 00:00:00-04:00,26.98027229309082,26.98027229309082,26.695752159775427,26.98027229309082,51200,0.0,0.0,0.0
2025-04-29 00:00:00-04:00,26.852729205778996,26.852729205778996,26.62707460390597,26.705562591552734,56900,0.0,0.0,0.0
2025-04-30 00:00:00-04:00,27.088194194639495,27.264792641358394,27.004799651999438,27.10781478881836,54200,0.0,0.0,0.0
2025-05-01 00:00:00-04:00,27.19611349996058,27.313846419322875,27.098004917010147,27.304035186767578,33300,0.0,0.0,0.0
2025-05-02 00:00:00-04:00,27.892696425292417,28.088915465198127,27.892696425292417,28.010427474975586,27900,0.0,0.0,0.0
2025-05-05 00:00:00-04:00,27.57874459516426,27.695495083522328,27.529688431479265,27.67685317993164,7600,0.0,0.0,0.0
2025-05-06 00:00:00-04:00,28.010426211012224,28.412677376663936,28.010426211012224,28.27532386779785,12100,0.0,0.0,0.0
2025-05-07 00:00:00-04:00,28.569655912565427,28.88360786688462,28.569655912565427,28.6579532623291,11800,0.0,0.0,0.0
2025-05-08 00:00:00-04:00,28.432300397240976,28.648143768310547,28.432300397240976,28.648143768310547,25400,0.0,0.0,0.0
2025-05-09 00:00:00-04:00,28.589276628142546,28.589276628142546,28.392075158343395,28.550033569335938,15400,0.0,0.0,0.0
2025-05-12 00:00:00-04:00,28.55003307580122,29.207370673334797,28.229213450050448,29.089637756347656,42600,0.0,0.0,0.0
2025-05-13 00:00:00-04:00,29.138695020192046,29.27604853578755,28.962096573682796,29.040584564208984,16900,0.0,0.0,0.0
2025-05-14 00:00:00-04:00,28.530411065104484,28.87379671787178,28.46762142257963,28.775686264038086,26300,0.0,0.0,0.0
2025-05-15 00:00:00-04:00,28.893419648044173,29.320197977094846,28.88360841537273,29.030773162841797,31200,0.0,0.0,0.0
2025-05-16 00:00:00-04:00,28.95228461419667,28.991527672824038,28.265513310855823,28.3145694732666,18900,0.0,0.0,0.0
2025-05-19 00:00:00-04:00,28.236081063766356,28.4911674905958,28.236081063766356,28.402868270874023,49000,0.0,0.0,0.0
2025-05-20 00:00:00-04:00,28.80511933749131,29.369251160035443,28.80511933749131,29.30548095703125,35400,0.0,0.0,0.0
2025-05-21 00:00:00-04:00,29.10926055908203,29.354535756960612,29.050395035555525,29.10926055908203,79200,0.0,0.0,0.0
2025-05-22 00:00:00-04:00,28.98171921684158,29.09454558695844,28.82474136352539,28.82474136352539,16700,0.0,0.0,0.0
2025-05-23 00:00:00-04:00,28.40286911813647,28.88360828912822,28.24589313868207,28.79530906677246,38600,0.0,0.0,0.0
2025-05-27 00:00:00-04:00,28.765875544567397,28.87379723283938,28.491168514495136,28.579465866088867,17100,0.0,0.0,0.0
2025-05-28 00:00:00-04:00,28.756063243183817,28.849269014609817,28.628520965576172,28.628520965576172,25900,0.0,0.0,0.0
2025-05-29 00:00:00-04:00,28.58927573083569,28.599086963054724,28.38324546813965,28.38324546813965,17400,0.0,0.0,0.0
2025-05-30 00:00:00-04:00,27.922127743982,28.363623850513502,27.922127743982,28.206647872924805,20000,0.0,0.0,0.0
2025-06-02 00:00:00-04:00,28.47154638497109,28.599088668823242,28.461735152166877,28.599088668823242,10600,0.0,0.0,0.0
2025-06-03 00:00:00-04:00,28.736444090011577,28.942474365234375,28.736444090011577,28.942474365234375,4200,0.0,0.0,0.0
2025-06-04 00:00:00-04:00,28.71682107704526,29.020961803325495,28.520600167076623,28.79530906677246,12100,0.0,0.0,0.0
2025-06-05 00:00:00-04:00,28.844362896260865,29.10926055908203,28.844362896260865,29.10926055908203,12800,0.0,0.0,0.0
2025-06-06 00:00:00-04:00,28.844363987015253,29.315291935638044,28.844363987015253,29.06020736694336,7900,0.0,0.0,0.0
2025-06-09 00:00:00-04:00,29.089638177102422,29.3839695381769,29.040583885907306,29.226993560791016,13600,0.0,0.0,0.0
2025-06-10 00:00:00-04:00,28.991528276819807,29.205408658263668,28.942473984688313,29.14850425720215,5600,0.0,0.0,0.0
2025-06-11 00:00:00-04:00,29.020961428852534,29.79603195479609,29.020961428852534,29.570377349853516,25500,0.0,0.0,0.0
2025-06-12 00:00:00-04:00,29.589999940024157,30.15903832843611,29.580188707480694,30.031496047973633,15700,0.0,0.0,0.0
2025-06-13 00:00:00-04:00,29.63807437815373,30.414125487793402,29.63807437815373,30.188472747802734,12400,0.0,0.0,0.0
2025-06-16 00:00:00-04:00,30.119795526311275,30.24733780786095,29.894140918490642,29.933385848999023,19000,0.0,0.0,0.0
2025-06-17 00:00:00-04:00,29.972629504021704,30.139416719395268,29.648866306096703,29.85489845275879,89200,0.0,0.0,0.0
2025-06-18 00:00:00-04:00,30.139416165835463,30.189452890918922,29.590000236996364,30.051116943359375,20400,0.0,0.0,0.0
2025-06-20 00:00:00-04:00,29.746976258712127,29.88432977329073,29.585095598144672,29.825464248657227,13500,0.0,0.0,0.0
2025-06-23 00:00:00-04:00,29.383969589487478,30.060927791408236,29.383969589487478,29.91376304626465,26500,0.0,0.0,0.0
2025-06-24 00:00:00-04:00,29.923574072082005,30.12960433959961,29.923574072082005,30.12960433959961,12400,0.0,0.0,0.0
2025-06-25 00:00:00-04:00,29.433023417042573,29.737164135054336,29.433023417042573,29.658676147460938,9900,0.0,0.0,0.0
2025-06-26 00:00:00-04:00,29.74697540351335,29.74697540351335,29.43302345275879,29.43302345275879,7900,0.0,0.0,0.0
2025-06-27 00:00:00-04:00,29.6390546133333,29.6390546133333,29.40653420009119,29.599811553955078,18400,0.0,0.0,0.0
2025-06-30 00:00:00-04:00,29.138694594401475,29.208351913063808,28.971907383057847,29.128883361816406,21100,0.0,0.0,0.0
2025-07-01 00:00:00-04:00,29.42321196784983,29.58018794187981,29.334912748545314,29.5311336517334,11700,0.0,0.0,0.0
2025-07-02 00:00:00-04:00,29.64886546780973,30.070739110726723,29.64886546780973,29.80584144592285,40100,0.0,0.0,0.0
2025-07-03 00:00:00-04:00,30.01187333066731,30.106059665251994,29.884329179975445,29.90395164489746,8300,0.0,0.0,0.0
2025-07-07 00:00:00-04:00,29.462456761214842,29.619432734521315,29.295669555664062,29.295669555664062,57500,0.0,0.0,0.0
2025-07-08 00:00:00-04:00,29.18774812436041,29.364346563680705,29.168125659702326,29.197559356689453,8100,0.0,0.0,0.0
2025-07-09 00:00:00-04:00,29.1779366400336,29.433023064481922,29.1779366400336,29.295669555664062,8500,0.0,0.0,0.0
2025-07-10 00:00:00-04:00,29.33491308481899,29.433023537537693,29.25642509690427,29.325101852416992,7300,0.0,0.0,0.0
2025-07-11 00:00:00-04:00,29.383969416076713,29.383969416076713,29.207370974426105,29.33491325378418,30700,0.0,0.0,0.0
2025-07-14 00:00:00-04:00,29.344724992630113,29.3937792844679,29.24661453765326,29.364347457885742,21400,0.0,0.0,0.0
2025-07-15 00:00:00-04:00,29.38396916219135,29.531133905194896,29.28585870975524,29.43302345275879,15000,0.0,0.0,0.0
2025-07-16 00:00:00-04:00,29.69792209027084,29.77641008054243,29.50170117894121,29.717544555664062,18700,0.0,0.0,0.0
2025-07-17 00:00:00-04:00,29.36434627723528,29.629243933631678,29.338836699168372,29.52132225036621,10700,0.0,0.0,0.0
2025-07-18 00:00:00-04:00,29.521322672821164,29.521322672821164,29.27114092554402,29.43302345275879,13100,0.0,0.0,0.0
2025-07-21 00:00:00-04:00,29.38396924682896,29.38396924682896,28.86398515733068,29.325101852416992,41000,0.0,0.0,0.0
2025-07-22 00:00:00-04:00,29.1190717536008,29.374158183618206,29.109260521142293,29.33491325378418,8400,0.0,0.0,0.0
2025-07-23 00:00:00-04:00,29.236803851537697,29.511512756347656,29.212276705160328,29.511512756347656,25200,0.0,0.0,0.0
2025-07-24 00:00:00-04:00,29.531134754188425,29.872557416884547,29.50170105622103,29.825464248657227,61700,0.0,0.0,0.0
2025-07-25 00:00:00-04:00,29.85489819565832,30.021685409595566,28.84436367929719,29.9530086517334,35800,0.0,0.0,0.0
2025-07-28 00:00:00-04:00,29.315291086059315,29.658676740383193,29.315291086059315,29.580188751220703,44700,0.0,0.0,0.0
2025-07-29 00:00:00-04:00,29.874520872417314,30.168850371422863,29.820560027629323,30.080551147460938,47800,0.0,0.0,0.0
2025-07-30 00:00:00-04:00,30.06092804839325,30.095266426843597,29.75875031803019,29.81565284729004,31400,0.0,0.0,0.0
2025-07-31 00:00:00-04:00,29.727354174684844,29.796032804156308,29.570378192781263,29.619434356689453,67500,0.0,0.0,0.0
2025-08-01 00:00:00-04:00,29.707731920197144,29.707731920197144,29.393778102634077,29.52132225036621,28600,0.0,0.0,0.0
2025-08-04 00:00:00-04:00,29.46245714987999,29.472268382253723,29.38396916219135,29.43302345275879,11700,0.0,0.0,0.0
2025-08-05 00:00:00-04:00,29.521322300329714,29.78621995717444,29.413400616881592,29.639053344726562,15600,0.0,0.0,0.0
2025-08-06 00:00:00-04:00,29.678300050942628,29.80584233522699,29.488946812652124,29.62924575805664,33500,0.0,0.0,0.0
2025-08-07 00:00:00-04:00,29.63905465111615,30.04130770588877,29.612566381305133,29.94319725036621,46100,0.0,0.0,0.0
2025-08-08 00:00:00-04:00,29.97262894747556,30.296392139388768,29.97262894747556,30.276771545410156,17400,0.0,0.0,0.0
2025-08-11 00:00:00-04:00,29.87451939723666,30.051115965138997,29.87451939723666,29.992250442504883,8100,0.0,0.0,0.0
2025-08-12 00:00:00-04:00,29.78622012868785,29.96281856760121,29.781313576884024,29.87451934814453,15400,0.0,0.0,0.0
2025-08-13 00:00:00-04:00,29.88432875825799,30.026588819983218,29.87451939723666,29.992250442504883,36100,0.0,0.0,0.0
2025-08-14 00:00:00-04:00,29.737165149755988,29.756787615149207,29.614527548000293,29.717544555664062,36700,0.0,0.0,0.0
2025-08-15 00:00:00-04:00,29.717543541631912,29.766597832139823,29.58999939222937,29.658676147460938,30900,0.0,0.0,0.0
2025-08-18 00:00:00-04:00,29.658676949344198,30.0216850713416,29.639054484090007,29.933385848999023,27000,0.0,0.0,0.0
2025-08-19 00:00:00-04:00,29.894140836791014,29.894140836791014,29.707733031289493,29.81565284729004,15600,0.0,0.0,0.0
2025-08-20 00:00:00-04:00,29.75678656421421,30.021684223763298,29.717543506115028,29.884328842163086,31500,0.0,0.0,0.0
2025-08-21 00:00:00-04:00,30.178659946384315,30.3042410995937,30.041306437233995,30.208093643188477,26900,0.0,0.0,0.0
2025-08-22 00:00:00-04:00,30.119794641365374,30.365069835932513,29.96674278522179,30.335636138916016,9200,0.0,0.0,0.0
2025-08-25 00:00:00-04:00,30.168849438477668,30.355259113443996,30.04130715853308,30.139415740966797,24300,0.0,0.0,0.0
2025-08-26 00:00:00-04:00,30.090360608808442,30.365069497328776,30.090360608808442,30.31601333618164,21900,0.0,0.0,0.0
2025-08-27 00:00:00-04:00,30.18847181775528,30.31601409733767,30.056022986284383,30.247337341308594,8200,0.0,0.0,0.0
2025-08-28 00:00:00-04:00,30.257148066452043,30.350351966457115,30.159037614640734,30.21790313720703,51300,0.0,0.0,0.0
2025-08-29 00:00:00-04:00,30.41412459549895,30.71826531748959,30.37487966553822,30.590723037719727,97600,0.0,0.0,0.0
2025-09-02 00:00:00-04:00,30.81637606998556,30.94392022229376,30.75260399383146,30.83599853515625,58500,0.0,0.0,0.0
2025-09-03 00:00:00-04:00,30.91448728670505,31.16957372630909,30.875242355396125,31.110706329345703,28400,0.0,0.0,0.0
2025-09-04 00:00:00-04:00,31.012596684055428,31.213722271888415,30.98316298657941,31.159761428833008,57200,0.0,0.0,0.0
2025-09-05 00:00:00-04:00,31.30692663991844,31.5914467725207,30.806565003180918,31.41484832763672,198100,0.0,0.0,0.0
2025-09-08 00:00:00-04:00,31.483525042939892,31.826908828311847,31.483525042939892,31.640501022338867,72800,0.0,0.0,0.0
2025-09-09 00:00:00-04:00,31.36579111720698,31.640500007999133,31.313793270132084,31.581632614135742,33700,0.0,0.0,0.0
2025-09-10 00:00:00-04:00,31.974075903016477,32.31745969329238,31.885776679430872,32.12124252319336,17800,0.0,0.0,0.0
2025-09-11 00:00:00-04:00,31.866154054343216,31.98388510433366,31.72095230126825,31.88577651977539,40000,0.0,0.0,0.0
2025-09-12 00:00:00-04:00,32.1899182656125,32.1899182656125,32.0044872821115,32.062374114990234,20600,0.0,0.0,0.0
2025-09-15 00:00:00-04:00,32.631412078982315,32.75895623527981,32.534284054561624,32.71971130371094,86300,0.0,0.0,0.0
2025-09-16 00:00:00-04:00,32.65103250866139,32.88649834078839,32.65103250866139,32.70989990234375,11300,0.0,0.0,0.0
2025-09-17 00:00:00-04:00,32.79819807564706,32.79819807564706,32.26840277720805,32.307647705078125,45800,0.0,0.0,0.0
2025-09-18 00:00:00-04:00,32.40575748198435,32.601978385997526,32.33708072697011,32.494056701660156,38500,0.0,0.0,0.0
2025-09-19 00:00:00-04:00,32.4351921081543,32.49405575782676,31.895583702141096,32.4351921081543,10200,0.0,0.0,0.0
2025-09-22 00:00:00-04:00,32.0819961576133,32.23897213223504,32.02312876365423,32.150672912597656,12500,0.0,0.0,0.0
2025-09-23 00:00:00-04:00,32.15067376636925,32.46462572394982,32.12124193990937,32.31745910644531,41900,0.0,0.0,0.0
2025-09-24 00:00:00-04:00,32.09180594105595,32.121241509724165,31.9936973591019,32.062374114990234,21800,0.0,0.0,0.0
2025-09-25 00:00:00-04:00,31.915207489776318,31.964265523340963,31.640500466306303,31.718990325927734,15300,0.0,0.0,0.0
2025-09-26 00:00:00-04:00,31.768045601858475,31.974075875848957,31.635594895291298,31.895586013793945,27000,0.0,0.0,0.0
2025-09-29 00:00:00-04:00,31.895586972105242,32.258596981112476,31.895586972105242,32.18010711669922,30100,0.0,0.0,0.0
2025-09-30 00:00:00-04:00,31.92502174483778,31.964266676063783,31.787668228149414,31.787668228149414,25100,0.0,0.0,0.0
2025-10-01 00:00:00-04:00,31.905399832875794,32.131052577437075,31.709178915943422,32.05256271362305,69000,0.0,0.0,0.0
2025-10-02 00:00:00-04:00,32.02312986152423,32.513680266860334,31.856344520159197,32.445003509521484,64200,0.0,0.0,0.0
2025-10-03 00:00:00-04:00,32.86687487330039,33.259316667335945,32.80800748141436,33.10234069824219,70300,0.0,0.0,0.0
2025-10-06 00:00:00-04:00,33.288749439831605,33.29855880079076,32.89630763462178,33.16120529174805,78300,0.0,0.0,0.0
2025-10-07 00:00:00-04:00,32.866876893785815,32.945366754459,32.60197922791762,32.768768310546875,70200,0.0,0.0,0.0
2025-10-08 00:00:00-04:00,32.58235652008533,33.03366198778733,32.552924693853356,32.9846076965332,24100,0.0,0.0,0.0
2025-10-09 00:00:00-04:00,32.8080079789949,32.994419518160036,32.58235525391292,32.90612030029297,16600,0.0,0.0,0.0
2025-10-10 00:00:00-04:00,33.11215124149191,33.30837214551754,32.86687604711049,32.94536590576172,20100,0.0,0.0,0.0
2025-10-13 00:00:00-04:00,32.98460914201769,32.98460914201769,32.40575949760601,32.611793518066406,71400,0.0,0.0,0.0
2025-10-14 00:00:00-04:00,32.38613483523005,32.50779186988625,32.2193495004482,32.36651611328125,70800,0.0,0.0,0.0
2025-10-15 00:00:00-04:00,32.395947538132006,32.88159136631069,32.395947538132006,32.79819869995117,23400,0.0,0.0,0.0
2025-10-16 00:00:00-04:00,32.994421897679594,33.33780569048132,32.91593203498054,33.27893829345703,18200,0.0,0.0,0.0
2025-10-17 00:00:00-04:00,33.23969650268555,33.455536135993434,33.200451572046816,33.23969650268555,43300,0.0,0.0,0.0
2025-10-20 00:00:00-04:00,33.2691279050856,33.45652001380409,33.151396857273376,33.32799530029297,7600,0.0,0.0,0.0
2025-10-21 00:00:00-04:00,33.229884253069535,33.28875165054113,32.97479968256465,33.0630989074707,18900,0.0,0.0,0.0
2025-10-22 00:00:00-04:00,32.86687673495594,32.95517595648529,32.71088131883399,32.876686096191406,13100,0.0,0.0,0.0
2025-10-23 00:00:00-04:00,32.81782286787603,32.945367021201356,32.788387298583984,32.788387298583984,24500,0.0,0.0,0.0
2025-10-24 00:00:00-04:00,32.86687646931048,32.93555322521129,32.71970985375018,32.8570671081543,8600,0.0,0.0,0.0
2025-10-27 00:00:00-04:00,32.59217013051744,32.8472546945655,32.356704289193964,32.788387298583984,21100,0.0,0.0,0.0
2025-10-28 00:00:00-04:00,33.06309933591354,33.07290869765125,32.86687841773488,32.97480010986328,15100,0.0,0.0,0.0
2025-10-29 00:00:00-04:00,32.964985905731496,33.254412592474665,32.90612225206364,33.02385330200195,17000,0.0,0.0,0.0
2025-10-30 00:00:00-04:00,33.11215353793927,33.34761938762092,33.072908605891875,33.08272171020508,24300,0.0,0.0,0.0
2025-10-31 00:00:00-04:00,33.06309832142928,33.06309832142928,32.8276324783192,32.915931701660156,20900,0.0,0.0,0.0
2025-11-03 00:00:00-05:00,33.47515945560234,33.63213543956074,33.37705086910434,33.4064826965332,32700,0.0,0.0,0.0
2025-11-04 00:00:00-05:00,33.48497069669073,33.60858885613699,33.40550027593136,33.52421188354492,8100,0.0,0.0,0.0
2025-11-05 00:00:00-05:00,33.34761599027637,33.352518799330774,33.17101755665707,33.33780288696289,33600,0.0,0.0,0.0
2025-11-06 00:00:00-05:00,32.93555475091692,33.179849397910424,32.92672595120712,33.0630989074707,59100,0.0,0.0,0.0
2025-11-07 00:00:00-05:00,32.92574438097838,33.210260770204606,32.847254520086615,33.00423049926758,73500,0.0,0.0,0.0
2025-11-10 00:00:00-05:00,32.97479934635437,33.07192736997991,32.819784487748244,33.04347610473633,26600,0.0,0.0,0.0
2025-11-11 00:00:00-05:00,32.99442205848161,33.25931973247794,32.99442205848161,33.1710205078125,45000,0.0,0.0,0.0
2025-11-12 00:00:00-05:00,33.40648023527572,33.504592557147866,33.16120504449895,33.48497009277344,14700,0.0,0.0,0.0
2025-11-13 00:00:00-05:00,33.49478192778769,33.55364932525928,33.0630989074707,33.0630989074707,23000,0.0,0.0,0.0
2025-11-14 00:00:00-05:00,33.16120672909934,33.308373348082476,33.01404385271879,33.13177490234375,14300,0.0,0.0,0.0
2025-11-17 00:00:00-05:00,32.81782150268555,33.09252852063322,32.72952228368773,32.81782150268555,38600,0.0,0.0,0.0
2025-11-18 00:00:00-05:00,33.34761819064078,33.34761819064078,33.151397280049686,33.23969650268555,15000,0.0,0.0,0.0
2025-11-19 00:00:00-05:00,33.239694625157746,33.239694625157746,32.92574268298644,33.014041900634766,16400,0.0,0.0,0.0
2025-11-20 00:00:00-05:00,33.06309915304577,33.259320070139154,33.05328604875961,33.190643310546875,22100,0.0,0.0,0.0
2025-11-21 00:00:00-05:00,32.85706787235132,33.19064229845752,32.85706787235132,33.13177490234375,8300,0.0,0.0,0.0
2025-11-24 00:00:00-05:00,33.102341557984445,33.34761674997644,32.82763079798377,33.269126892089844,37200,0.0,0.0,0.0
2025-11-25 00:00:00-05:00,33.112150522074934,33.812657150647446,33.112150522074934,33.700809478759766,45400,0.0,0.0,0.0
2025-11-26 00:00:00-05:00,33.367237674922144,33.71062521194459,33.367237674922144,33.514404296875,299400,0.0,0.0,0.0
2025-11-28 00:00:00-05:00,33.347616166806645,33.84797590297515,33.347616166806645,33.57326889038086,15200,0.0,0.0,0.0
2025-12-01 00:00:00-05:00,33.65175687458984,33.94608636767088,33.583080117624355,33.79892349243164,42300,0.0,0.0,0.0
2025-12-02 00:00:00-05:00,34.26985126305138,34.26985126305138,33.4555358021354,33.56345748901367,43700,0.0,0.0,0.0
2025-12-03 00:00:00-05:00,33.48497103410363,33.79892298771553,33.48497103410363,33.5438346862793,17600,0.0,0.0,0.0
2025-12-04 00:00:00-05:00,33.455535879098605,33.92646755794213,33.455535879098605,33.90684509277344,32800,0.0,0.0,0.0
2025-12-05 00:00:00-05:00,33.563458341795275,33.73024742828198,33.053285463428054,33.38685989379883,8800,0.0,0.0,0.0
2025-12-08 00:00:00-05:00,34.02948141806804,34.083442259609434,33.66156863079619,33.72043228149414,31800,0.0,0.0,0.0
2025-12-09 00:00:00-05:00,33.78910996517294,34.06382073219557,33.78910996517294,33.88722229003906,73700,0.0,0.0,0.0
2025-12-10 00:00:00-05:00,33.78910878934693,34.112873836234684,33.759676964212545,34.04419708251953,94000,0.0,0.0,0.0
2025-12-11 00:00:00-05:00,34.33852655136866,34.554369915895734,34.33852655136866,34.40916442871094,97600,0.0,0.0,0.0
2025-12-12 00:00:00-05:00,34.338527930847675,34.53474883897302,34.338527930847675,34.46607208251953,12400,0.0,0.0,0.0
2025-12-15 00:00:00-05:00,34.76039972823225,34.92718505859375,34.76039972823225,34.92718505859375,30700,0.0,0.0,0.0
2025-12-16 00:00:00-05:00,34.9271872580481,35.02529958438237,34.750588813248996,34.829078674316406,153200,0.0,0.0,0.0
2025-12-17 00:00:00-05:00,34.7800221670987,34.88794384789092,34.554369444806945,34.58380126953125,27600,0.0,0.0,0.0
2025-12-18 00:00:00-05:00,34.819268723046605,34.927186666282005,34.58870943832063,34.68191146850586,23400,0.0,0.0,0.0
2025-12-19 00:00:00-05:00,34.87813287900478,35.02529949683705,34.85851041378697,34.9370002746582,24000,0.0,0.0,0.0
2025-12-22 00:00:00-05:00,34.91999816894531,35.310001373291016,34.900001525878906,35.279998779296875,58700,0.673,0.0,0.0
2025-12-23 00:00:00-05:00,35.5099983215332,35.689998626708984,35.400001525878906,35.5,86400,0.0,0.0,0.0
2025-12-24 00:00:00-05:00,35.5,35.55099868774414,35.33000183105469,35.5,8300,0.0,0.0,0.0
2025-12-26 00:00:00-05:00,35.189998626708984,35.22999954223633,34.63999938964844,35.150001525878906,42100,0.0,0.0,0.0
2025-12-29 00:00:00-05:00,35.09000015258789,35.619998931884766,34.970001220703125,34.970001220703125,70500,0.0,0.0,0.0
2025-12-30 00:00:00-05:00,35.0,35.34000015258789,35.0,35.34000015258789,23700,0.0,0.0,0.0
2025-12-31 00:00:00-05:00,35.349998474121094,35.45000076293945,35.130001068115234,35.400001525878906,33700,0.0,0.0,0.0
2026-01-02 00:00:00-05:00,35.650001525878906,35.779998779296875,35.650001525878906,35.75,9900,0.0,0.0,0.0
2026-01-05 00:00:00-05:00,35.45000076293945,35.689998626708984,35.308998107910156,35.619998931884766,27800,0.0,0.0,0.0
2026-01-06 00:00:00-05:00,35.7599983215332,35.849998474121094,35.720001220703125,35.84000015258789,9700,0.0,0.0,0.0
2026-01-07 00:00:00-05:00,35.68000030517578,35.939998626708984,35.68000030517578,35.880001068115234,32400,0.0,0.0,0.0
2026-01-08 00:00:00-05:00,35.689998626708984,35.849998474121094,35.560001373291016,35.560001373291016,10800,0.0,0.0,0.0
2026-01-09 00:00:00-05:00,35.58000183105469,35.689998626708984,35.441001892089844,35.54999923706055,10900,0.0,0.0,0.0
2026-01-12 00:00:00-05:00,35.619998931884766,36.029998779296875,35.619998931884766,35.93000030517578,77300,0.0,0.0,0.0
2026-01-13 00:00:00-05:00,36.02000045776367,36.369998931884766,35.720001220703125,35.81999969482422,16300,0.0,0.0,0.0
2026-01-14 00:00:00-05:00,36.02000045776367,36.5,36.02000045776367,36.43000030517578,34000,0.0,0.0,0.0
2026-01-15 00:00:00-05:00,36.38999938964844,36.38999938964844,36.119998931884766,36.189998626708984,18000,0.0,0.0,0.0
2026-01-16 00:00:00-05:00,36.4010009765625,36.4010009765625,35.810001373291016,36.029998779296875,16800,0.0,0.0,0.0
2026-01-20 00:00:00-05:00,34.0099983215332,34.1619987487793,33.66999816894531,34.029998779296875,110000,0.0,0.0,0.0
2026-01-21 00:00:00-05:00,34.52000045776367,34.82500076293945,34.040000915527344,34.65999984741211,211300,0.0,0.0,0.0
2026-01-22 00:00:00-05:00,35.029998779296875,35.130001068115234,34.959999084472656,34.970001220703125,30300,0.0,0.0,0.0
2026-01-23 00:00:00-05:00,35.22999954223633,35.38999938964844,35.0,35.0,53300,0.0,0.0,0.0
2026-01-26 00:00:00-05:00,34.84000015258789,34.92900085449219,34.650001525878906,34.900001525878906,81000,0.0,0.0,0.0
2026-01-27 00:00:00-05:00,35.08000183105469,35.369998931884766,35.08000183105469,35.279998779296875,97100,0.0,0.0,0.0
2026-01-28 00:00:00-05:00,35.119998931884766,35.119998931884766,34.51900100708008,34.58000183105469,29900,0.0,0.0,0.0
2026-01-29 00:00:00-05:00,34.0,34.20000076293945,33.77000045776367,33.779998779296875,29000,0.0,0.0,0.0
2026-01-30 00:00:00-05:00,33.15999984741211,33.45000076293945,32.81999969482422,32.81999969482422,64800,0.0,0.0,0.0
2026-02-02 00:00:00-05:00,32.54999923706055,33.53499984741211,32.54999923706055,33.40999984741211,33300,0.0,0.0,0.0
2026-02-03 00:00:00-05:00,33.4900016784668,33.4900016784668,32.77000045776367,32.88999938964844,24400,0.0,0.0,0.0
2026-02-04 00:00:00-05:00,33.2599983215332,33.45000076293945,33.125,33.15999984741211,17800,0.0,0.0,0.0
2026-02-05 00:00:00-05:00,32.380001068115234,32.380001068115234,31.93000030517578,31.979999542236328,22900,0.0,0.0,0.0
2026-02-06 00:00:00-05:00,31.84000015258789,32.400001525878906,31.670000076293945,32.060001373291016,19200,0.0,0.0,0.0
2026-02-09 00:00:00-05:00,32.5,32.88999938964844,32.400001525878906,32.83000183105469,20100,0.0,0.0,0.0
2026-02-10 00:00:00-05:00,32.459999084472656,32.459999084472656,31.979999542236328,32.09000015258789,18100,0.0,0.0,0.0
2026-02-11 00:00:00-05:00,31.860000610351562,32.0099983215332,31.469999313354492,31.899999618530273,271000,0.0,0.0,0.0
2026-02-12 00:00:00-05:00,30.520000457763672,30.559999465942383,30.22100067138672,30.329999923706055,35000,0.0,0.0,0.0
2026-02-13 00:00:00-05:00,30.139999389648438,30.139999389648438,29.739999771118164,29.739999771118164,17700,0.0,0.0,0.0
2026-02-17 00:00:00-05:00,29.510000228881836,29.729999542236328,29.31999969482422,29.579999923706055,29800,0.0,0.0,0.0
2026-02-18 00:00:00-05:00,30.030000686645508,30.15999984741211,29.799999237060547,30.100000381469727,36000,0.0,0.0,0.0
2026-02-19 00:00:00-05:00,30.0,30.049999237060547,29.799999237060547,29.850000381469727,26400,0.0,0.0,0.0
2026-02-20 00:00:00-05:00,30.1200008392334,30.64699935913086,30.1200008392334,30.350000381469727,17800,0.0,0.0,0.0
2026-02-23 00:00:00-05:00,30.25,30.350000381469727,30.030000686645508,30.350000381469727,22400,0.0,0.0,0.0
2026-02-24 00:00:00-05:00,29.850000381469727,29.920000076293945,29.420000076293945,29.739999771118164,10900,0.0,0.0,0.0
2026-02-25 00:00:00-05:00,29.100000381469727,30.270000457763672,29.040000915527344,30.100000381469727,11600,0.0,0.0,0.0
2026-02-26 00:00:00-05:00,30.040000915527344,30.06999969482422,29.649999618530273,29.68000030517578,12600,0.0,0.0,0.0
2026-02-27 00:00:00-05:00,29.56999969482422,29.760000228881836,29.309999465942383,29.31999969482422,47700,0.0,0.0,0.0
2026-03-02 00:00:00-05:00,29.059999465942383,29.549999237060547,29.059999465942383,29.3700008392334,10600,0.0,0.0,0.0
2026-03-03 00:00:00-05:00,29.8799991607666,30.1200008392334,29.68000030517578,29.979999542236328,9700,0.0,0.0,0.0
2026-03-04 00:00:00-05:00,29.030000686645508,29.274999618530273,29.0,29.209999084472656,50000,0.0,0.0,0.0
2026-03-05 00:00:00-05:00,29.18000030517578,29.260000228881836,28.93000030517578,29.190000534057617,81800,0.0,0.0,0.0
2026-03-06 00:00:00-05:00,28.739999771118164,29.06999969482422,28.739999771118164,29.049999237060547,9800,0.0,0.0,0.0
2026-03-09 00:00:00-04:00,28.829999923706055,29.34000015258789,28.81100082397461,29.280000686645508,59900,0.0,0.0,0.0
2026-03-10 00:00:00-04:00,29.209999084472656,29.829999923706055,29.209999084472656,29.6200008392334,30100,0.0,0.0,0.0
2026-03-11 00:00:00-04:00,29.280000686645508,29.469999313354492,29.139999389648438,29.3700008392334,16400,0.0,0.0,0.0
2026-03-12 00:00:00-04:00,29.110000610351562,29.110000610351562,28.059999465942383,28.059999465942383,7900,0.0,0.0,0.0
2026-03-13 00:00:00-04:00,28.1299991607666,28.450000762939453,28.1299991607666,28.34000015258789,7200,0.0,0.0,0.0
2026-03-16 00:00:00-04:00,28.15999984741211,28.641000747680664,28.15999984741211,28.34000015258789,12100,0.0,0.0,0.0
2026-03-17 00:00:00-04:00,27.770000457763672,28.0,27.530000686645508,27.969999313354492,46200,0.0,0.0,0.0
2026-03-18 00:00:00-04:00,27.450000762939453,27.954999923706055,27.450000762939453,27.639999389648438,13700,0.0,0.0,0.0
2026-03-19 00:00:00-04:00,27.020000457763672,27.3700008392334,27.0,27.329999923706055,11900,0.0,0.0,0.0
2026-03-20 00:00:00-04:00,28.030000686645508,28.39699935913086,27.959999084472656,27.959999084472656,66100,0.0,0.0,0.0
2026-03-23 00:00:00-04:00,28.399999618530273,28.8700008392334,28.399999618530273,28.68000030517578,33900,0.0,0.0,0.0
2026-03-24 00:00:00-04:00,29.1299991607666,29.3799991607666,29.094999313354492,29.3799991607666,13100,0.0,0.0,0.0
2026-03-25 00:00:00-04:00,29.299999237060547,29.299999237060547,28.81999969482422,29.224000930786133,10300,0.0,0.0,0.0
2026-03-26 00:00:00-04:00,29.059999465942383,29.649999618530273,29.059999465942383,29.270000457763672,20700,0.0,0.0,0.0
2026-03-27 00:00:00-04:00,29.219999313354492,29.389999389648438,29.170000076293945,29.219999313354492,8200,0.0,0.0,0.0
2026-03-30 00:00:00-04:00,29.450000762939453,29.739999771118164,29.299999237060547,29.299999237060547,12900,0.0,0.0,0.0
2026-03-31 00:00:00-04:00,29.420000076293945,29.690000534057617,29.350000381469727,29.690000534057617,29700,0.0,0.0,0.0
2026-04-01 00:00:00-04:00,30.1200008392334,30.336000442504883,30.1200008392334,30.170000076293945,13900,0.0,0.0,0.0
2026-04-02 00:00:00-04:00,29.559999465942383,29.6200008392334,29.31999969482422,29.420000076293945,8200,0.0,0.0,0.0
2026-04-06 00:00:00-04:00,29.260000228881836,29.559999465942383,29.21299934387207,29.3700008392334,38800,0.0,0.0,0.0
2026-04-07 00:00:00-04:00,29.350000381469727,29.674999237060547,29.329999923706055,29.5,16400,0.0,0.0,0.0
2026-04-08 00:00:00-04:00,29.920000076293945,29.940000534057617,29.545000076293945,29.700000762939453,14800,0.0,0.0,0.0
2026-04-09 00:00:00-04:00,30.094999313354492,30.31399917602539,30.049999237060547,30.309999465942383,5000,0.0,0.0,0.0
2026-04-10 00:00:00-04:00,29.8799991607666,30.149999618530273,29.8799991607666,30.059999465942383,6000,0.0,0.0,0.0
2026-04-13 00:00:00-04:00,29.780000686645508,30.235000610351562,29.65999984741211,30.190000534057617,7400,0.0,0.0,0.0
2026-04-14 00:00:00-04:00,30.389999389648438,31.079999923706055,30.389999389648438,30.8439998626709,3300,0.0,0.0,0.0
2026-04-15 00:00:00-04:00,30.649999618530273,30.83099937438965,30.649999618530273,30.83099937438965,7600,0.0,0.0,0.0
2026-04-16 00:00:00-04:00,30.84000015258789,31.079999923706055,30.84000015258789,30.996000289916992,6200,0.0,0.0,0.0
2026-04-17 00:00:00-04:00,31.360000610351562,31.93000030517578,31.360000610351562,31.440000534057617,8800,0.0,0.0,0.0
2026-04-20 00:00:00-04:00,31.40999984741211,31.41699981689453,31.170000076293945,31.31999969482422,15300,0.0,0.0,0.0
2026-04-21 00:00:00-04:00,31.049999237060547,31.31999969482422,31.040000915527344,31.040000915527344,11000,0.0,0.0,0.0
2026-04-22 00:00:00-04:00,30.670000076293945,30.860000610351562,30.670000076293945,30.75,9500,0.0,0.0,0.0
2026-04-23 00:00:00-04:00,30.600000381469727,30.940000534057617,30.600000381469727,30.860000610351562,6700,0.0,0.0,0.0
2026-04-24 00:00:00-04:00,31.075000762939453,31.200000762939453,31.020000457763672,31.200000762939453,5800,0.0,0.0,0.0
2026-04-27 00:00:00-04:00,31.450000762939453,31.565000534057617,30.8700008392334,31.530000686645508,81200,0.0,0.0,0.0
2026-04-28 00:00:00-04:00,31.520000457763672,31.700000762939453,31.299999237060547,31.459999084472656,25300,0.0,0.0,0.0
2026-04-29 00:00:00-04:00,31.0,31.049999237060547,30.700000762939453,30.809999465942383,21800,0.0,0.0,0.0
2026-04-30 00:00:00-04:00,30.809999465942383,31.59000015258789,30.809999465942383,31.520000457763672,26900,0.0,0.0,0.0
2026-05-01 00:00:00-04:00,31.520000457763672,31.79400062561035,31.479999542236328,31.610000610351562,11700,0.0,0.0,0.0
2026-05-04 00:00:00-04:00,31.6299991607666,31.979999542236328,31.225000381469727,31.8700008392334,23500,0.0,0.0,0.0
2026-05-05 00:00:00-04:00,32.0,32.349998474121094,31.93000030517578,32.22999954223633,10600,0.0,0.0,0.0
2026-05-06 00:00:00-04:00,32.29999923706055,32.29999923706055,31.93000030517578,32.0099983215332,6700,0.0,0.0,0.0
2026-05-07 00:00:00-04:00,31.649999618530273,31.8799991607666,31.540000915527344,31.540000915527344,7900,0.0,0.0,0.0
2026-05-08 00:00:00-04:00,31.540000915527344,31.86400032043457,31.25,31.260000228881836,17600,0.0,0.0,0.0
2026-05-11 00:00:00-04:00,31.809999465942383,32.13999938964844,31.809999465942383,32.13999938964844,5900,0.0,0.0,0.0
2026-05-12 00:00:00-04:00,31.3799991607666,31.950000762939453,31.3799991607666,31.760000228881836,13700,0.0,0.0,0.0
2026-05-13 00:00:00-04:00,31.559999465942383,31.84000015258789,31.360000610351562,31.68000030517578,4300,0.0,0.0,0.0
2026-05-14 00:00:00-04:00,32.0,32.0,31.6200008392334,31.979999542236328,16700,0.0,0.0,0.0
2026-05-15 00:00:00-04:00,31.8700008392334,32.130001068115234,31.8700008392334,32.042999267578125,14100,0.0,0.0,0.0
2026-05-18 00:00:00-04:00,32.13999938964844,32.13999938964844,31.889999389648438,31.950000762939453,17400,0.0,0.0,0.0
2026-05-19 00:00:00-04:00,31.549999237060547,31.753000259399414,31.549999237060547,31.753000259399414,2300,0.0,0.0,0.0
2026-05-20 00:00:00-04:00,31.520000457763672,32.0099983215332,31.520000457763672,32.0,10400,0.0,0.0,0.0
2026-05-21 00:00:00-04:00,31.68000030517578,31.940000534057617,31.68000030517578,31.8700008392334,13100,0.0,0.0,0.0
2026-05-22 00:00:00-04:00,31.760000228881836,32.38999938964844,31.760000228881836,32.28300094604492,9800,0.0,0.0,0.0
2026-05-26 00:00:00-04:00,32.599998474121094,33.13999938964844,32.540000915527344,32.9900016784668,37900,0.0,0.0,0.0
2026-05-27 00:00:00-04:00,33.349998474121094,33.4900016784668,33.11000061035156,33.21900177001953,28800,0.0,0.0,0.0
2026-05-28 00:00:00-04:00,33.13999938964844,33.75,33.13999938964844,33.75,10500,0.0,0.0,0.0
2026-05-29 00:00:00-04:00,33.75,34.0,33.599998474121094,33.599998474121094,11900,0.0,0.0,0.0
2026-06-01 00:00:00-04:00,33.290000915527344,33.54999923706055,33.22999954223633,33.439998626708984,17500,0.0,0.0,0.0
2026-06-02 00:00:00-04:00,33.20000076293945,33.380001068115234,33.04999923706055,33.34000015258789,48800,0.0,0.0,0.0
2026-06-03 00:00:00-04:00,33.29999923706055,33.439998626708984,33.2599983215332,33.29600143432617,10000,0.0,0.0,0.0
2026-06-04 00:00:00-04:00,32.70000076293945,33.21900177001953,32.70000076293945,33.08000183105469,24500,0.0,0.0,0.0
2026-06-05 00:00:00-04:00,33.0,33.2400016784668,32.04999923706055,32.5099983215332,48100,0.0,0.0,0.0
2026-06-08 00:00:00-04:00,32.2400016784668,32.689998626708984,30.010000228881836,32.52000045776367,14200,0.0,0.0,0.0
2026-06-09 00:00:00-04:00,31.899999618530273,32.5,31.889999389648438,32.39500045776367,14200,0.0,0.0,0.0
2026-06-10 00:00:00-04:00,32.7400016784668,32.939998626708984,32.560001373291016,32.72999954223633,6700,0.0,0.0,0.0
2026-06-11 00:00:00-04:00,32.09000015258789,32.75,32.09000015258789,32.56999969482422,7600,0.0,0.0,0.0
2026-06-12 00:00:00-04:00,32.41999816894531,32.619998931884766,32.41999816894531,32.5,10700,0.0,0.0,0.0
2026-06-15 00:00:00-04:00,33.029998779296875,33.45000076293945,33.029998779296875,33.400001525878906,22400,0.0,0.0,0.0
2026-06-16 00:00:00-04:00,33.35100173950195,33.595001220703125,33.35100173950195,33.58000183105469,12600,0.0,0.0,0.0
2026-06-17 00:00:00-04:00,33.400001525878906,33.54999923706055,33.290000915527344,33.290000915527344,15000,0.0,0.0,0.0
2026-06-18 00:00:00-04:00,33.45000076293945,33.689998626708984,33.369998931884766,33.380001068115234,21900,0.0,0.0,0.0
2026-06-22 00:00:00-04:00,33.27000045776367,33.97999954223633,33.27000045776367,33.869998931884766,23900,0.0,0.0,0.0
2026-06-23 00:00:00-04:00,33.119998931884766,33.599998474121094,33.119998931884766,33.290000915527344,12800,0.0,0.0,0.0
2026-06-24 00:00:00-04:00,33.13999938964844,33.5,30.399999618530273,33.4900016784668,21700,0.0,0.0,0.0
2026-06-25 00:00:00-04:00,33.52000045776367,33.52000045776367,33.189998626708984,33.459999084472656,14600,0.0,0.0,0.0
2026-06-26 00:00:00-04:00,33.16999816894531,33.25,32.810001373291016,33.08000183105469,18800,0.0,0.0,0.0
2026-06-29 00:00:00-04:00,32.70000076293945,33.16999816894531,32.70000076293945,33.11000061035156,8800,0.0,0.0,0.0
2026-06-30 00:00:00-04:00,33.21099853515625,33.45000076293945,33.13999938964844,33.15999984741211,9300,0.0,0.0,0.0
2026-07-01 00:00:00-04:00,33.15999984741211,33.18000030517578,32.95000076293945,33.04999923706055,6700,0.0,0.0,0.0
2026-07-02 00:00:00-04:00,33.0,33.29499816894531,33.0,33.15999984741211,9900,0.0,0.0,0.0
2026-07-06 00:00:00-04:00,33.560001373291016,33.9900016784668,33.560001373291016,33.84000015258789,11700,0.0,0.0,0.0
2026-07-07 00:00:00-04:00,33.400001525878906,33.70000076293945,33.400001525878906,33.630001068115234,10700,0.0,0.0,0.0
2026-07-08 00:00:00-04:00,33.06999969482422,33.46799850463867,33.06999969482422,33.439998626708984,13500,0.0,0.0,0.0
2026-07-09 00:00:00-04:00,33.439998626708984,33.439998626708984,33.22999954223633,33.22999954223633,4100,0.0,0.0,0.0
2026-07-10 00:00:00-04:00,33.09000015258789,33.5,33.08000183105469,33.36899948120117,7500,0.0,0.0,0.0
2026-07-13 00:00:00-04:00,33.16999816894531,33.63999938964844,33.16999816894531,33.619998931884766,43600,0.0,0.0,0.0
2026-07-14 00:00:00-04:00,33.709999084472656,33.96500015258789,33.709999084472656,33.84000015258789,9500,0.0,0.0,0.0
2026-07-15 00:00:00-04:00,33.9900016784668,34.25,33.689998626708984,33.72999954223633,15000,0.0,0.0,0.0
2026-07-16 00:00:00-04:00,33.125,33.150001525878906,32.055999755859375,33.040000915527344,10100,0.0,0.0,0.0
2026-07-17 00:00:00-04:00,33.14500045776367,33.19599914550781,33.060001373291016,33.150001525878906,10700,0.0,0.0,0.0
2026-07-20 00:00:00-04:00,33.54999923706055,34.45000076293945,33.54999923706055,34.25,15600,0.0,0.0,0.0
2026-07-21 00:00:00-04:00,34.31999969482422,34.31999969482422,33.97999954223633,34.08000183105469,11600,0.0,0.0,0.0
2026-07-22 00:00:00-04:00,34.43000030517578,35.18000030517578,34.43000030517578,35.18000030517578,22000,0.0,0.0,0.0
2026-07-23 00:00:00-04:00,34.11000061035156,34.33000183105469,34.11000061035156,34.16999816894531,6200,0.0,0.0,0.0
2026-07-24 00:00:00-04:00,33.900001525878906,33.93000030517578,33.709999084472656,33.900001525878906,15500,0.0,0.0,0.0
2026-07-27 00:00:00-04:00,33.810001373291016,33.87699890136719,33.43000030517578,33.7400016784668,22800,0.0,0.0,0.0
2026-07-28 00:00:00-04:00,33.400001525878906,33.56999969482422,33.31100082397461,33.47999954223633,7400,0.0,0.0,0.0
2026-07-29 00:00:00-04:00,33.380001068115234,33.529998779296875,33.29999923706055,33.439998626708984,12000,0.0,0.0,0.0
2026-07-30 00:00:00-04:00,33.560001373291016,33.75,33.400001525878906,33.66999816894531,332000,0.0,0.0,0.0
2026-07-31 00:00:00-04:00,33.29999923706055,33.76499938964844,33.29999923706055,33.75,35600,0.0,0.0,0.0
2026-08-03 00:00:00-04:00,33.47200012207031,33.75,33.470001220703125,33.65999984741211,10600,0.0,0.0,0.0
2026-08-04 00:00:00-04:00,33.599998474121094,33.970001220703125,33.599998474121094,33.88999938964844,41000,0.0,0.0,0.0
2026-08-05 00:00:00-04:00,33.880001068115234,33.9900016784668,33.70000076293945,33.9900016784668,16500,0.0,0.0,0.0
2026-08-06 00:00:00-04:00,34.0,34.25,34.0,34.099998474121094,21900,0.0,0.0,0.0
2026-08-07 00:00:00-04:00,34.31999969482422,34.52000045776367,34.31999969482422,34.52000045776367,7500,0.0,0.0,0.0
2026-08-10 00:00:00-04:00,34.18000030517578,34.29999923706055,34.0099983215332,34.209999084472656,7300,0.0,0.0,0.0
2026-08-11 00:00:00-04:00,34.060001373291016,34.50400161743164,34.060001373291016,34.25,2400,0.0,0.0,0.0
2026-08-12 00:00:00-04:00,34.06999969482422,34.099998474121094,34.029998779296875,34.07699966430664,8700,0.0,0.0,0.0
2026-08-13 00:00:00-04:00,34.0,34.38800048828125,34.0,34.36000061035156,7000,0.0,0.0,0.0
2026-08-14 00:00:00-04:00,33.900001525878906,34.470001220703125,33.900001525878906,34.349998474121094,16600,0.0,0.0,0.0
2026-08-17 00:00:00-04:00,34.290000915527344,34.310001373291016,33.939998626708984,34.310001373291016,4600,0.0,0.0,0.0
2026-08-18 00:00:00-04:00,33.849998474121094,34.41999816894531,33.849998474121094,34.29999923706055,4100,0.0,0.0,0.0
2026-08-19 00:00:00-04:00,34.0,34.58000183105469,34.0,34.560001373291016,11300,0.0,0.0,0.0
2026-08-20 00:00:00-04:00,34.599998474121094,34.689998626708984,34.500999450683594,34.5620002746582,6300,0.0,0.0,0.0
2026-08-21 00:00:00-04:00,34.63999938964844,34.849998474121094,34.4900016784668,34.59000015258789,17900,0.0,0.0,0.0
2026-08-24 00:00:00-04:00,34.45000076293945,34.9900016784668,34.45000076293945,34.709999084472656,7700,0.0,0.0,0.0
2026-08-25 00:00:00-04:00,34.33000183105469,35.31999969482422,34.33000183105469,35.04999923706055,15700,0.0,0.0,0.0
2026-08-26 00:00:00-04:00,34.33000183105469,34.90999984741211,34.33000183105469,34.52000045776367,21100,0.0,0.0,0.0
2026-08-27 00:00:00-04:00,34.33000183105469,34.68000030517578,34.33000183105469,34.41999816894531,2500,0.0,0.0,0.0
2026-08-28 00:00:00-04:00,34.88999938964844,34.970001220703125,34.349998474121094,34.81999969482422,12300,0.0,0.0,0.0
2026-08-31 00:00:00-04:00,35.209999084472656,35.209999084472656,34.369998931884766,34.79999923706055,15800,0.0,0.0,0.0
2026-09-01 00:00:00-04:00,34.0099983215332,34.97999954223633,34.0099983215332,34.7400016784668,6400,0.0,0.0,0.0
2026-09-02 00:00:00-04:00,34.75,35.09000015258789,34.599998474121094,35.09000015258789,205900,0.0,0.0,0.0
2026-09-03 00:00:00-04:00,34.66999816894531,34.900001525878906,34.5,34.74399948120117,92200,0.0,0.0,0.0
2026-09-04 00:00:00-04:00,34.744998931884766,34.880001068115234,34.599998474121094,34.880001068115234,12800,0.0,0.0,0.0
2026-09-08 00:00:00-04:00,34.63999938964844,35.09000015258789,34.63999938964844,34.91999816894531,101000,0.0,0.0,0.0
2026-09-09 00:00:00-04:00,34.689998626708984,35.290000915527344,34.689998626708984,34.9900016784668,18900,0.0,0.0,0.0
2026-09-10 00:00:00-04:00,34.91999816894531,35.18000030517578,34.91999816894531,35.0099983215332,12500,0.0,0.0,0.0
2026-09-11 00:00:00-04:00,35.0,35.119998931884766,34.68000030517578,34.68000030517578,49100,0.0,0.0,0.0
2026-09-14 00:00:00-04:00,35.0099983215332,35.2400016784668,35.0099983215332,35.2400016784668,10100,0.0,0.0,0.0
2026-09-15 00:00:00-04:00,34.33000183105469,34.70000076293945,34.099998474121094,34.099998474121094,27800,0.0,0.0,0.0
2026-09-16 00:00:00-04:00,34.099998474121094,34.290000915527344,34.0099983215332,34.0099983215332,7600,0.0,0.0,0.0
2026-09-17 00:00:00-04:00,34.08000183105469,34.720001220703125,34.08000183105469,34.38999938964844,11100,0.0,0.0,0.0
2026-09-18 00:00:00-04:00,34.54999923706055,34.72999954223633,34.38999938964844,34.494998931884766,7100,0.0,0.0,0.0
2026-09-21 00:00:00-04:00,34.4900016784668,34.678001403808594,34.2599983215332,34.2599983215332,21500,0.0,0.0,0.0
2026-09-22 00:00:00-04:00,34.09000015258789,34.4900016784668,34.09000015258789,34.40999984741211,5300,0.0,0.0,0.0
2026-09-23 00:00:00-04:00,34.0,34.0,33.630001068115234,33.650001525878906,44300,0.0,0.0,0.0
2026-09-24 00:00:00-04:00,33.810001373291016,34.099998474121094,33.810001373291016,34.0,5500,0.0,0.0,0.0
2026-09-25 00:00:00-04:00,34.2400016784668,34.2400016784668,34.04999923706055,34.060001373291016,15000,0.0,0.0,0.0
